-- MySQL dump 10.13  Distrib 5.5.47, for debian-linux-gnu (x86_64)
--
-- Host: dainiak.mysql.pythonanywhere-services.com    Database: dainiak$ds2015
-- ------------------------------------------------------
-- Server version	5.5.42-log

/*!40101 SET @OLD_CHARACTER_SET_CLIENT=@@CHARACTER_SET_CLIENT */;
/*!40101 SET @OLD_CHARACTER_SET_RESULTS=@@CHARACTER_SET_RESULTS */;
/*!40101 SET @OLD_COLLATION_CONNECTION=@@COLLATION_CONNECTION */;
/*!40101 SET NAMES utf8 */;
/*!40103 SET @OLD_TIME_ZONE=@@TIME_ZONE */;
/*!40103 SET TIME_ZONE='+00:00' */;
/*!40014 SET @OLD_UNIQUE_CHECKS=@@UNIQUE_CHECKS, UNIQUE_CHECKS=0 */;
/*!40014 SET @OLD_FOREIGN_KEY_CHECKS=@@FOREIGN_KEY_CHECKS, FOREIGN_KEY_CHECKS=0 */;
/*!40101 SET @OLD_SQL_MODE=@@SQL_MODE, SQL_MODE='NO_AUTO_VALUE_ON_ZERO' */;
/*!40111 SET @OLD_SQL_NOTES=@@SQL_NOTES, SQL_NOTES=0 */;

--
-- Table structure for table `academic_group`
--

DROP TABLE IF EXISTS `academic_group`;
/*!40101 SET @saved_cs_client     = @@character_set_client */;
/*!40101 SET character_set_client = utf8 */;
CREATE TABLE `academic_group` (
  `id` int(11) NOT NULL AUTO_INCREMENT,
  `number` int(11) DEFAULT NULL,
  `year` int(11) DEFAULT NULL,
  PRIMARY KEY (`id`)
) ENGINE=InnoDB AUTO_INCREMENT=4 DEFAULT CHARSET=utf8;
/*!40101 SET character_set_client = @saved_cs_client */;

--
-- Dumping data for table `academic_group`
--

LOCK TABLES `academic_group` WRITE;
/*!40000 ALTER TABLE `academic_group` DISABLE KEYS */;
INSERT INTO `academic_group` VALUES (1,491,2015),(2,492,2015),(3,493,2015);
/*!40000 ALTER TABLE `academic_group` ENABLE KEYS */;
UNLOCK TABLES;

--
-- Table structure for table `concept`
--

DROP TABLE IF EXISTS `concept`;
/*!40101 SET @saved_cs_client     = @@character_set_client */;
/*!40101 SET character_set_client = utf8 */;
CREATE TABLE `concept` (
  `id` int(11) NOT NULL AUTO_INCREMENT,
  `concept` text,
  `comment` text,
  PRIMARY KEY (`id`)
) ENGINE=InnoDB DEFAULT CHARSET=utf8;
/*!40101 SET character_set_client = @saved_cs_client */;

--
-- Dumping data for table `concept`
--

LOCK TABLES `concept` WRITE;
/*!40000 ALTER TABLE `concept` DISABLE KEYS */;
/*!40000 ALTER TABLE `concept` ENABLE KEYS */;
UNLOCK TABLES;

--
-- Table structure for table `history`
--

DROP TABLE IF EXISTS `history`;
/*!40101 SET @saved_cs_client     = @@character_set_client */;
/*!40101 SET character_set_client = utf8 */;
CREATE TABLE `history` (
  `id` int(11) NOT NULL AUTO_INCREMENT,
  `datetime` datetime NOT NULL,
  `user` int(11) DEFAULT NULL,
  `problem` int(11) DEFAULT NULL,
  `event` varchar(100) DEFAULT NULL,
  `comment` text,
  PRIMARY KEY (`id`),
  KEY `user` (`user`),
  KEY `problem` (`problem`),
  CONSTRAINT `history_ibfk_1` FOREIGN KEY (`user`) REFERENCES `user` (`id`),
  CONSTRAINT `history_ibfk_2` FOREIGN KEY (`problem`) REFERENCES `problem` (`id`)
) ENGINE=InnoDB AUTO_INCREMENT=4795 DEFAULT CHARSET=utf8;
/*!40101 SET character_set_client = @saved_cs_client */;

--
-- Dumping data for table `history`
--

LOCK TABLES `history` WRITE;
/*!40000 ALTER TABLE `history` DISABLE KEYS */;
INSERT INTO `history` VALUES (697,'2015-09-19 00:00:00',1014,10,'SUCCESS',NULL),(698,'2015-09-19 00:00:00',1014,13,'SUCCESS',NULL),(699,'2015-09-19 00:00:00',1007,3,'SUCCESS',NULL),(700,'2015-09-19 00:00:00',1031,6,'SUCCESS',NULL),(701,'2015-09-19 00:00:00',1042,6,'SUCCESS',NULL),(702,'2015-09-19 00:00:00',1017,7,'TRIED',NULL),(703,'2015-09-19 00:00:00',1007,12,'ALMOST',NULL),(704,'2015-09-19 00:00:00',1023,1,'ALMOST',NULL),(705,'2015-09-19 00:00:00',1019,4,'ALMOST',NULL),(706,'2015-09-19 00:00:00',1040,3,'SUCCESS',NULL),(707,'2015-09-19 00:00:00',1020,7,'SUCCESS',NULL),(708,'2015-09-19 00:00:00',1022,6,'SUCCESS',NULL),(709,'2015-09-19 00:00:00',1021,6,'SUCCESS',NULL),(710,'2015-09-19 00:00:00',1008,5,'SUCCESS',NULL),(711,'2015-09-19 00:00:00',1023,7,'ALMOST',NULL),(712,'2015-09-19 00:00:00',1011,11,'TRIED',NULL),(713,'2015-09-19 00:00:00',1033,3,'SUCCESS',NULL),(714,'2015-09-19 00:00:00',1011,5,'SUCCESS',NULL),(715,'2015-09-19 00:00:00',1038,1,'SUCCESS',NULL),(716,'2015-09-19 00:00:00',1012,6,'SUCCESS',NULL),(717,'2015-09-19 00:00:00',1015,11,'TRIED',NULL),(718,'2015-09-19 00:00:00',1014,1,'SUCCESS',NULL),(719,'2015-09-19 00:00:00',1013,7,'SUCCESS',NULL),(720,'2015-09-19 00:00:00',1027,3,'TRIED',NULL),(721,'2015-09-19 00:00:00',1015,4,'SUCCESS',NULL),(722,'2015-09-19 00:00:00',1039,11,'TRIED',NULL),(723,'2015-09-19 00:00:00',1005,3,'ALMOST',NULL),(724,'2015-09-19 00:00:00',1026,12,'SUCCESS',NULL),(725,'2015-09-19 00:00:00',1003,2,'SUCCESS',NULL),(726,'2015-09-19 00:00:00',1002,6,'SUCCESS',NULL),(727,'2015-09-19 00:00:00',1005,11,'TRIED',NULL),(728,'2015-09-19 00:00:00',1004,5,'TRIED',NULL),(729,'2015-09-19 00:00:00',1027,5,'TRIED',NULL),(730,'2015-09-19 00:00:00',1038,3,'SUCCESS',NULL),(731,'2015-09-19 00:00:00',1018,4,'SUCCESS',NULL),(732,'2015-09-19 00:00:00',1007,5,'SUCCESS',NULL),(733,'2015-09-19 00:00:00',1019,13,'TRIED',NULL),(734,'2015-09-19 00:00:00',1024,4,'ALMOST',NULL),(735,'2015-09-19 00:00:00',1032,3,'SUCCESS',NULL),(736,'2015-09-19 00:00:00',1031,7,'SUCCESS',NULL),(737,'2015-09-19 00:00:00',1008,12,'TRIED',NULL),(738,'2015-09-19 00:00:00',1022,12,'ALMOST',NULL),(739,'2015-09-19 00:00:00',1033,4,'SUCCESS',NULL),(740,'2015-09-19 00:00:00',1032,12,'TRIED',NULL),(741,'2015-09-19 00:00:00',1036,5,'SUCCESS',NULL),(742,'2015-09-19 00:00:00',1034,3,'ALMOST',NULL),(743,'2015-09-19 00:00:00',1036,2,'SUCCESS',NULL),(744,'2015-09-19 00:00:00',1038,5,'SUCCESS',NULL),(745,'2015-09-19 00:00:00',1037,3,'SUCCESS',NULL),(746,'2015-09-19 00:00:00',1015,13,'SUCCESS',NULL),(747,'2015-09-19 00:00:00',1013,13,'ALMOST',NULL),(748,'2015-09-19 00:00:00',1031,11,'SUCCESS',NULL),(749,'2015-09-19 00:00:00',1025,5,'TRIED',NULL),(750,'2015-09-19 00:00:00',1007,11,'SUCCESS',NULL),(751,'2015-09-19 00:00:00',1003,11,'TRIED',NULL),(752,'2015-09-19 00:00:00',1002,1,'SUCCESS',NULL),(753,'2015-09-19 00:00:00',1026,2,'SUCCESS',NULL),(754,'2015-09-19 00:00:00',1004,12,'TRIED',NULL),(755,'2015-09-19 00:00:00',1028,1,'SUCCESS',NULL),(756,'2015-09-19 00:00:00',1002,12,'SUCCESS',NULL),(757,'2015-09-19 00:00:00',1005,1,'SUCCESS',NULL),(758,'2015-09-19 00:00:00',1029,4,'TRIED',NULL),(759,'2015-09-19 00:00:00',1027,2,'TRIED',NULL),(760,'2015-09-19 00:00:00',1016,7,'SUCCESS',NULL),(761,'2015-09-19 00:00:00',1031,1,'SUCCESS',NULL),(762,'2015-09-19 00:00:00',1001,11,'SUCCESS',NULL),(763,'2015-09-19 00:00:00',1042,11,'TRIED',NULL),(764,'2015-09-19 00:00:00',1041,1,'ALMOST',NULL),(765,'2015-09-19 00:00:00',1019,7,'ALMOST',NULL),(766,'2015-09-19 00:00:00',1018,5,'ALMOST',NULL),(767,'2015-09-19 00:00:00',1017,11,'TRIED',NULL),(768,'2015-09-19 00:00:00',1024,3,'SUCCESS',NULL),(769,'2015-09-19 00:00:00',1032,2,'SUCCESS',NULL),(770,'2015-09-19 00:00:00',1040,1,'SUCCESS',NULL),(771,'2015-09-19 00:00:00',1022,7,'ALMOST',NULL),(772,'2015-09-19 00:00:00',1021,5,'SUCCESS',NULL),(773,'2015-09-19 00:00:00',1008,6,'SUCCESS',NULL),(774,'2015-09-19 00:00:00',1023,6,'SUCCESS',NULL),(775,'2015-09-19 00:00:00',1037,12,'TRIED',NULL),(776,'2015-09-19 00:00:00',1009,7,'TRIED',NULL),(777,'2015-09-19 00:00:00',1033,2,'SUCCESS',NULL),(778,'2015-09-19 00:00:00',1023,2,'SUCCESS',NULL),(779,'2015-09-19 00:00:00',1011,4,'SUCCESS',NULL),(780,'2015-09-19 00:00:00',1035,3,'SUCCESS',NULL),(781,'2015-09-19 00:00:00',1012,7,'SUCCESS',NULL),(782,'2015-09-19 00:00:00',1036,4,'SUCCESS',NULL),(783,'2015-09-19 00:00:00',1043,2,'SUCCESS',NULL),(784,'2015-09-19 00:00:00',1042,12,'TRIED',NULL),(785,'2015-09-19 00:00:00',1013,6,'SUCCESS',NULL),(786,'2015-09-19 00:00:00',1015,7,'SUCCESS',NULL),(787,'2015-09-19 00:00:00',1006,7,'SUCCESS',NULL),(788,'2015-09-19 00:00:00',1026,13,'TRIED',NULL),(789,'2015-09-19 00:00:00',1014,6,'ALMOST',NULL),(790,'2015-09-19 00:00:00',1004,11,'SUCCESS',NULL),(791,'2015-09-19 00:00:00',1003,5,'TRIED',NULL),(792,'2015-09-19 00:00:00',1002,7,'SUCCESS',NULL),(793,'2015-09-19 00:00:00',1016,13,'TRIED',NULL),(794,'2015-09-19 00:00:00',1004,6,'TRIED',NULL),(795,'2015-09-19 00:00:00',1028,11,'TRIED',NULL),(796,'2015-09-19 00:00:00',1006,1,'ALMOST',NULL),(797,'2015-09-19 00:00:00',1030,2,'SUCCESS',NULL),(798,'2015-09-19 00:00:00',1027,6,'TRIED',NULL),(799,'2015-09-19 00:00:00',1002,4,'SUCCESS',NULL),(800,'2015-09-19 00:00:00',1007,4,'SUCCESS',NULL),(801,'2015-09-19 00:00:00',1043,1,'ALMOST',NULL),(802,'2015-09-19 00:00:00',1019,12,'TRIED',NULL),(803,'2015-09-19 00:00:00',1042,1,'ALMOST',NULL),(804,'2015-09-19 00:00:00',1006,13,'SUCCESS',NULL),(805,'2015-09-19 00:00:00',1024,7,'TRIED',NULL),(806,'2015-09-19 00:00:00',1019,1,'SUCCESS',NULL),(807,'2015-09-19 00:00:00',1018,11,'TRIED',NULL),(808,'2015-09-19 00:00:00',1018,7,'EXPOSED',NULL),(809,'2015-09-19 00:00:00',1018,9,'SUCCESS',NULL),(810,'2015-09-19 00:00:00',1016,3,'SUCCESS',NULL),(811,'2015-09-19 00:00:00',1024,2,'SUCCESS',NULL),(812,'2015-09-19 00:00:00',1032,1,'SUCCESS',NULL),(813,'2015-09-19 00:00:00',1008,13,'TRIED',NULL),(814,'2015-09-19 00:00:00',1022,13,'ALMOST',NULL),(815,'2015-09-19 00:00:00',1009,8,'SUCCESS',NULL),(816,'2015-09-19 00:00:00',1032,13,'SUCCESS',NULL),(817,'2015-09-19 00:00:00',1037,13,'TRIED',NULL),(818,'2015-09-19 00:00:00',1028,4,'ALMOST',NULL),(819,'2015-09-19 00:00:00',1036,3,'SUCCESS',NULL),(820,'2015-09-19 00:00:00',1037,2,'SUCCESS',NULL),(821,'2015-09-19 00:00:00',1015,12,'ALMOST',NULL),(822,'2015-09-19 00:00:00',1039,3,'SUCCESS',NULL),(823,'2015-09-19 00:00:00',1013,12,'ALMOST',NULL),(824,'2015-09-19 00:00:00',1025,3,'SUCCESS',NULL),(825,'2015-09-19 00:00:00',1025,4,'TRIED',NULL),(826,'2015-09-19 00:00:00',1040,12,'TRIED',NULL),(827,'2015-09-19 00:00:00',1026,3,'SUCCESS',NULL),(828,'2015-09-19 00:00:00',1043,4,'SUCCESS',NULL),(829,'2015-09-19 00:00:00',1041,12,'TRIED',NULL),(830,'2015-09-19 00:00:00',1004,13,'TRIED',NULL),(831,'2015-09-19 00:00:00',1028,2,'SUCCESS',NULL),(832,'2015-09-19 00:00:00',1038,2,'SUCCESS',NULL),(833,'2015-09-19 00:00:00',1030,5,'SUCCESS',NULL),(834,'2015-09-19 00:00:00',1029,3,'TRIED',NULL),(835,'2015-09-19 00:00:00',1040,5,'SUCCESS',NULL),(836,'2015-09-19 00:00:00',1016,9,'SUCCESS',NULL),(837,'2015-09-19 00:00:00',1017,5,'SUCCESS',NULL),(838,'2015-09-19 00:00:00',1016,11,'TRIED',NULL),(839,'2015-09-19 00:00:00',1019,6,'TRIED',NULL),(840,'2015-09-19 00:00:00',1018,2,'ALMOST',NULL),(841,'2015-09-19 00:00:00',1042,7,'TRIED',NULL),(842,'2015-09-19 00:00:00',1042,9,'SUCCESS',NULL),(843,'2015-09-19 00:00:00',1007,13,'TRIED',NULL),(844,'2015-09-19 00:00:00',1006,11,'TRIED',NULL),(845,'2015-09-19 00:00:00',1007,7,'SUCCESS',NULL),(846,'2015-09-19 00:00:00',1022,4,'SUCCESS',NULL),(847,'2015-09-19 00:00:00',1021,4,'SUCCESS',NULL),(848,'2015-09-19 00:00:00',1008,7,'TRIED',NULL),(849,'2015-09-19 00:00:00',1032,4,'SUCCESS',NULL),(850,'2015-09-19 00:00:00',1022,11,'ALMOST',NULL),(851,'2015-09-19 00:00:00',1009,6,'SUCCESS',NULL),(852,'2015-09-19 00:00:00',1033,1,'SUCCESS',NULL),(853,'2015-09-19 00:00:00',1011,7,'SUCCESS',NULL),(854,'2015-09-19 00:00:00',1035,2,'ALMOST',NULL),(855,'2015-09-19 00:00:00',1034,6,'ALMOST',NULL),(856,'2015-09-19 00:00:00',1037,11,'TRIED',NULL),(857,'2015-09-19 00:00:00',1011,8,'SUCCESS',NULL),(858,'2015-09-19 00:00:00',1014,7,'ALMOST',NULL),(859,'2015-09-19 00:00:00',1013,5,'ALMOST',NULL),(860,'2015-09-19 00:00:00',1001,1,'SUCCESS',NULL),(861,'2015-09-19 00:00:00',1015,6,'SUCCESS',NULL),(862,'2015-09-19 00:00:00',1039,5,'SUCCESS',NULL),(863,'2015-09-19 00:00:00',1001,7,'SUCCESS',NULL),(864,'2015-09-19 00:00:00',1025,2,'ALMOST',NULL),(865,'2015-09-19 00:00:00',1003,4,'ALMOST',NULL),(866,'2015-09-19 00:00:00',1040,11,'TRIED',NULL),(867,'2015-09-19 00:00:00',1004,7,'TRIED',NULL),(868,'2015-09-19 00:00:00',1005,7,'SUCCESS',NULL),(869,'2015-09-19 00:00:00',1006,6,'SUCCESS',NULL),(870,'2015-09-19 00:00:00',1005,6,'SUCCESS',NULL),(871,'2015-09-19 00:00:00',1043,3,'SUCCESS',NULL),(872,'2015-09-19 00:00:00',1016,2,'SUCCESS',NULL),(873,'2015-09-19 00:00:00',1017,3,'SUCCESS',NULL),(874,'2015-09-19 00:00:00',1041,2,'SUCCESS',NULL),(875,'2015-09-19 00:00:00',1040,2,'SUCCESS',NULL),(876,'2015-09-19 00:00:00',1016,1,'ALMOST',NULL),(877,'2015-09-19 00:00:00',1030,3,'SUCCESS',NULL),(878,'2015-09-19 00:00:00',1022,2,'SUCCESS',NULL),(879,'2015-09-19 00:00:00',1008,1,'SUCCESS',NULL),(880,'2015-09-19 00:00:00',1023,11,'SUCCESS',NULL),(881,'2015-09-19 00:00:00',1035,11,'TRIED',NULL),(882,'2015-09-19 00:00:00',1034,1,'ALMOST',NULL),(883,'2015-09-19 00:00:00',1011,1,'SUCCESS',NULL),(884,'2015-09-19 00:00:00',1024,1,'SUCCESS',NULL),(885,'2015-09-19 00:00:00',1037,1,'ALMOST',NULL),(886,'2015-09-19 00:00:00',1039,2,'SUCCESS',NULL),(887,'2015-09-19 00:00:00',1013,11,'TRIED',NULL),(888,'2015-09-19 00:00:00',1025,11,'ALMOST',NULL),(889,'2015-09-19 00:00:00',1001,13,'ALMOST',NULL),(890,'2015-09-19 00:00:00',1028,3,'SUCCESS',NULL),(891,'2015-09-19 00:00:00',1029,2,'SUCCESS',NULL),(892,'2015-09-19 00:00:00',1006,12,'ALMOST',NULL),(893,'2015-09-19 00:00:00',1029,11,'TRIED',NULL),(894,'2015-09-19 00:00:00',1017,4,'ALMOST',NULL),(895,'2015-09-19 00:00:00',1016,12,'TRIED',NULL),(896,'2015-09-19 00:00:00',1018,3,'SUCCESS',NULL),(897,'2015-09-19 00:00:00',1042,4,'ALMOST',NULL),(898,'2015-09-19 00:00:00',1043,5,'SUCCESS',NULL),(899,'2015-09-19 00:00:00',1020,2,'SUCCESS',NULL),(900,'2015-09-19 00:00:00',1022,5,'SUCCESS',NULL),(901,'2015-09-19 00:00:00',1021,3,'SUCCESS',NULL),(902,'2015-09-19 00:00:00',1041,11,'SUCCESS',NULL),(903,'2015-09-19 00:00:00',1032,5,'SUCCESS',NULL),(904,'2015-09-19 00:00:00',1022,8,'ALMOST',NULL),(905,'2015-09-19 00:00:00',1009,5,'SUCCESS',NULL),(906,'2015-09-19 00:00:00',1023,13,'TRIED',NULL),(907,'2015-09-19 00:00:00',1011,6,'SUCCESS',NULL),(908,'2015-09-19 00:00:00',1035,5,'SUCCESS',NULL),(909,'2015-09-19 00:00:00',1034,7,'SUCCESS',NULL),(910,'2015-09-19 00:00:00',1012,1,'SUCCESS',NULL),(911,'2015-09-19 00:00:00',1036,6,'SUCCESS',NULL),(912,'2015-09-19 00:00:00',1014,4,'SUCCESS',NULL),(913,'2015-09-19 00:00:00',1013,4,'SUCCESS',NULL),(914,'2015-09-19 00:00:00',1037,7,'SUCCESS',NULL),(915,'2015-09-19 00:00:00',1025,12,'ALMOST',NULL),(916,'2015-09-19 00:00:00',1015,1,'SUCCESS',NULL),(917,'2015-09-19 00:00:00',1039,4,'SUCCESS',NULL),(918,'2015-09-19 00:00:00',1026,10,'ALMOST',NULL),(919,'2015-09-19 00:00:00',1025,1,'ALMOST',NULL),(920,'2015-09-19 00:00:00',1003,7,'TRIED',NULL),(921,'2015-09-19 00:00:00',1002,5,'SUCCESS',NULL),(922,'2015-09-19 00:00:00',1026,6,'TRIED',NULL),(923,'2015-09-19 00:00:00',1028,5,'SUCCESS',NULL),(924,'2015-09-19 00:00:00',1031,12,'ALMOST',NULL),(925,'2015-09-19 00:00:00',1040,13,'SUCCESS',NULL),(926,'2015-09-19 00:00:00',1005,5,'ALMOST',NULL),(927,'2015-09-19 00:00:00',1007,6,'SUCCESS',NULL),(928,'2015-09-19 00:00:00',1031,5,'SUCCESS',NULL),(929,'2015-09-19 00:00:00',1017,2,'TRIED',NULL),(930,'2015-09-19 00:00:00',1036,12,'ALMOST',NULL),(931,'2015-09-19 00:00:00',1020,9,'SUCCESS',NULL),(932,'2015-09-19 00:00:00',1019,3,'SUCCESS',NULL),(933,'2015-09-19 00:00:00',1021,12,'TRIED',NULL),(934,'2015-09-19 00:00:00',1020,4,'SUCCESS',NULL),(935,'2015-09-19 00:00:00',1022,3,'SUCCESS',NULL),(936,'2015-09-19 00:00:00',1008,2,'SUCCESS',NULL),(937,'2015-09-19 00:00:00',1043,13,'ALMOST',NULL),(938,'2015-09-19 00:00:00',1009,3,'SUCCESS',NULL),(939,'2015-09-19 00:00:00',1036,13,'SUCCESS',NULL),(940,'2015-09-19 00:00:00',1012,11,'TRIED',NULL),(941,'2015-09-19 00:00:00',1024,11,'ALMOST',NULL),(942,'2015-09-19 00:00:00',1014,2,'SUCCESS',NULL),(943,'2015-09-19 00:00:00',1006,9,'SUCCESS',NULL),(944,'2015-09-19 00:00:00',1026,1,'SUCCESS',NULL),(945,'2015-09-19 00:00:00',1001,12,'SUCCESS',NULL),(946,'2015-09-19 00:00:00',1003,1,'ALMOST',NULL),(947,'2015-09-19 00:00:00',1002,11,'SUCCESS',NULL),(948,'2015-09-19 00:00:00',1001,6,'SUCCESS',NULL),(949,'2015-09-19 00:00:00',1030,11,'TRIED',NULL),(950,'2015-09-19 00:00:00',1029,1,'ALMOST',NULL),(951,'2015-09-19 00:00:00',1031,13,'ALMOST',NULL),(952,'2015-09-19 00:00:00',1031,2,'SUCCESS',NULL),(953,'2015-09-19 00:00:00',1041,6,'ALMOST',NULL),(954,'2015-09-19 00:00:00',1038,8,'ALMOST',NULL),(955,'2015-09-19 00:00:00',1043,7,'SUCCESS',NULL),(956,'2015-09-19 00:00:00',1042,5,'SUCCESS',NULL),(957,'2015-09-19 00:00:00',1020,3,'SUCCESS',NULL),(958,'2015-09-19 00:00:00',1021,2,'SUCCESS',NULL),(959,'2015-09-19 00:00:00',1032,6,'TRIED',NULL),(960,'2015-09-19 00:00:00',1009,4,'TRIED',NULL),(961,'2015-09-19 00:00:00',1033,7,'SUCCESS',NULL),(962,'2015-09-19 00:00:00',1023,12,'ALMOST',NULL),(963,'2015-09-19 00:00:00',1035,4,'ALMOST',NULL),(964,'2015-09-19 00:00:00',1034,4,'TRIED',NULL),(965,'2015-09-19 00:00:00',1012,2,'SUCCESS',NULL),(966,'2015-09-19 00:00:00',1036,7,'TRIED',NULL),(967,'2015-09-19 00:00:00',1014,5,'SUCCESS',NULL),(968,'2015-09-19 00:00:00',1013,3,'SUCCESS',NULL),(969,'2015-09-19 00:00:00',1037,6,'SUCCESS',NULL),(970,'2015-09-19 00:00:00',1024,5,'SUCCESS',NULL),(971,'2015-09-19 00:00:00',1039,7,'ALMOST',NULL),(972,'2015-09-19 00:00:00',1001,5,'SUCCESS',NULL),(973,'2015-09-19 00:00:00',1043,6,'SUCCESS',NULL),(974,'2015-09-19 00:00:00',1003,6,'ALMOST',NULL),(975,'2015-09-19 00:00:00',1002,2,'SUCCESS',NULL),(976,'2015-09-19 00:00:00',1026,9,'SUCCESS',NULL),(977,'2015-09-19 00:00:00',1004,1,'TRIED',NULL),(978,'2015-09-19 00:00:00',1028,6,'SUCCESS',NULL),(979,'2015-09-19 00:00:00',1006,4,'SUCCESS',NULL),(980,'2015-09-19 00:00:00',1005,4,'SUCCESS',NULL),(981,'2015-09-19 00:00:00',1029,7,'TRIED',NULL),(982,'2015-09-19 00:00:00',1040,7,'TRIED',NULL),(983,'2015-09-19 00:00:00',1016,4,'SUCCESS',NULL),(984,'2015-09-19 00:00:00',1031,4,'ALMOST',NULL),(985,'2015-09-19 00:00:00',1017,1,'TRIED',NULL),(986,'2015-09-19 00:00:00',1019,2,'SUCCESS',NULL),(987,'2015-09-19 00:00:00',1018,6,'SUCCESS',NULL),(988,'2015-09-19 00:00:00',1021,11,'TRIED',NULL),(989,'2015-09-19 00:00:00',1020,5,'SUCCESS',NULL),(990,'2015-09-19 00:00:00',1009,13,'ALMOST',NULL),(991,'2015-09-19 00:00:00',1008,3,'ALMOST',NULL),(992,'2015-09-19 00:00:00',1023,5,'SUCCESS',NULL),(993,'2015-09-19 00:00:00',1009,2,'SUCCESS',NULL),(994,'2015-09-19 00:00:00',1033,13,'SUCCESS',NULL),(995,'2015-09-19 00:00:00',1011,3,'SUCCESS',NULL),(996,'2015-09-19 00:00:00',1014,12,'SUCCESS',NULL),(997,'2015-09-19 00:00:00',1012,4,'SUCCESS',NULL),(998,'2015-09-19 00:00:00',1014,3,'SUCCESS',NULL),(999,'2015-09-19 00:00:00',1001,3,'SUCCESS',NULL),(1000,'2015-09-19 00:00:00',1041,3,'SUCCESS',NULL),(1001,'2015-09-19 00:00:00',1006,2,'SUCCESS',NULL),(1002,'2015-09-19 00:00:00',1029,13,'SUCCESS',NULL),(1003,'2015-09-19 00:00:00',1031,3,'SUCCESS',NULL),(1004,'2015-09-19 00:00:00',1041,5,'SUCCESS',NULL),(1005,'2015-09-19 00:00:00',1019,11,'TRIED',NULL),(1006,'2015-09-19 00:00:00',1018,1,'SUCCESS',NULL),(1007,'2015-09-19 00:00:00',1042,2,'SUCCESS',NULL),(1008,'2015-09-19 00:00:00',1027,1,'ALMOST',NULL),(1009,'2015-09-19 00:00:00',1020,12,'ALMOST',NULL),(1010,'2015-09-19 00:00:00',1043,11,'TRIED',NULL),(1011,'2015-09-19 00:00:00',1021,1,'ALMOST',NULL),(1012,'2015-09-19 00:00:00',1032,7,'SUCCESS',NULL),(1013,'2015-09-19 00:00:00',1009,11,'TRIED',NULL),(1014,'2015-09-19 00:00:00',1033,6,'SUCCESS',NULL),(1015,'2015-09-19 00:00:00',1041,7,'ALMOST',NULL),(1016,'2015-09-19 00:00:00',1030,1,'ALMOST',NULL),(1017,'2015-09-19 00:00:00',1035,7,'SUCCESS',NULL),(1018,'2015-09-19 00:00:00',1034,5,'ALMOST',NULL),(1019,'2015-09-19 00:00:00',1033,11,'SUCCESS',NULL),(1020,'2015-09-19 00:00:00',1012,3,'SUCCESS',NULL),(1021,'2015-09-19 00:00:00',1013,2,'SUCCESS',NULL),(1022,'2015-09-19 00:00:00',1037,5,'ALMOST',NULL),(1023,'2015-09-19 00:00:00',1038,4,'SUCCESS',NULL),(1024,'2015-09-19 00:00:00',1015,3,'SUCCESS',NULL),(1025,'2015-09-19 00:00:00',1039,6,'SUCCESS',NULL),(1026,'2015-09-19 00:00:00',1001,4,'SUCCESS',NULL),(1027,'2015-09-19 00:00:00',1025,7,'TRIED',NULL),(1028,'2015-09-19 00:00:00',1002,3,'SUCCESS',NULL),(1029,'2015-09-19 00:00:00',1026,4,'ALMOST',NULL),(1030,'2015-09-19 00:00:00',1004,2,'TRIED',NULL),(1031,'2015-09-19 00:00:00',1028,7,'SUCCESS',NULL),(1032,'2015-09-19 00:00:00',1006,5,'SUCCESS',NULL),(1033,'2015-09-19 00:00:00',1030,6,'SUCCESS',NULL),(1034,'2015-09-19 00:00:00',1029,6,'TRIED',NULL),(1035,'2015-09-19 00:00:00',1016,5,'TRIED',NULL),(1036,'2015-09-19 00:00:00',1006,8,'SUCCESS',NULL),(1037,'2015-09-19 00:00:00',1036,1,'ALMOST',NULL),(1038,'2015-09-19 00:00:00',1023,3,'SUCCESS',NULL),(1039,'2015-09-19 00:00:00',1042,13,'TRIED',NULL),(1040,'2015-09-19 00:00:00',1016,8,'SUCCESS',NULL),(1041,'2015-09-19 00:00:00',1020,11,'TRIED',NULL),(1042,'2015-09-19 00:00:00',1019,5,'SUCCESS',NULL),(1043,'2015-09-19 00:00:00',1018,7,'SUCCESS',NULL),(1044,'2015-09-19 00:00:00',1020,6,'SUCCESS',NULL),(1045,'2015-09-19 00:00:00',1022,1,'ALMOST',NULL),(1046,'2015-09-19 00:00:00',1021,7,'ALMOST',NULL),(1047,'2015-09-19 00:00:00',1009,12,'ALMOST',NULL),(1048,'2015-09-19 00:00:00',1008,4,'TRIED',NULL),(1049,'2015-09-19 00:00:00',1023,4,'ALMOST',NULL),(1050,'2015-09-19 00:00:00',1035,12,'ALMOST',NULL),(1051,'2015-09-19 00:00:00',1009,1,'SUCCESS',NULL),(1052,'2015-09-19 00:00:00',1033,12,'SUCCESS',NULL),(1053,'2015-09-19 00:00:00',1011,2,'SUCCESS',NULL),(1054,'2015-09-19 00:00:00',1035,1,'ALMOST',NULL),(1055,'2015-09-19 00:00:00',1034,11,'TRIED',NULL),(1056,'2015-09-19 00:00:00',1014,13,'ALMOST',NULL),(1057,'2015-09-19 00:00:00',1012,5,'SUCCESS',NULL),(1058,'2015-09-19 00:00:00',1013,8,'ALMOST',NULL),(1059,'2015-09-19 00:00:00',1030,4,'SUCCESS',NULL),(1060,'2015-09-19 00:00:00',1038,7,'ALMOST',NULL),(1061,'2015-09-19 00:00:00',1025,8,'SUCCESS',NULL),(1062,'2015-09-19 00:00:00',1015,5,'SUCCESS',NULL),(1063,'2015-09-19 00:00:00',1001,2,'SUCCESS',NULL),(1064,'2015-09-19 00:00:00',1027,11,'TRIED',NULL),(1065,'2015-09-19 00:00:00',1003,3,'ALMOST',NULL),(1066,'2015-09-19 00:00:00',1004,4,'TRIED',NULL),(1067,'2015-09-19 00:00:00',1026,5,'SUCCESS',NULL),(1068,'2015-09-19 00:00:00',1006,3,'SUCCESS',NULL),(1069,'2015-09-19 00:00:00',1029,12,'TRIED',NULL),(1070,'2015-09-19 00:00:00',1007,2,'SUCCESS',NULL),(1071,'2015-09-19 00:00:00',1041,4,'SUCCESS',NULL),(1072,'2015-09-19 00:00:00',1024,6,'ALMOST',NULL),(1073,'2015-09-19 00:00:00',1040,4,'ALMOST',NULL),(1074,'2015-09-19 00:00:00',1042,3,'SUCCESS',NULL),(1075,'2015-09-19 00:00:00',1040,6,'SUCCESS',NULL),(1076,'2015-09-19 00:00:00',1016,6,'SUCCESS',NULL),(1077,'2015-09-19 00:00:00',1020,1,'ALMOST',NULL),(1078,'2015-09-19 00:00:00',1008,11,'TRIED',NULL),(1079,'2015-09-19 00:00:00',1007,1,'ALMOST',NULL),(1080,'2015-09-19 00:00:00',1033,5,'SUCCESS',NULL),(1081,'2015-09-19 00:00:00',1032,10,'ALMOST',NULL),(1082,'2015-09-19 00:00:00',1035,6,'SUCCESS',NULL),(1083,'2015-09-19 00:00:00',1034,2,'ALMOST',NULL),(1084,'2015-09-19 00:00:00',1017,6,'SUCCESS',NULL),(1085,'2015-09-19 00:00:00',1011,12,'SUCCESS',NULL),(1086,'2015-09-19 00:00:00',1014,11,'ALMOST',NULL),(1087,'2015-09-19 00:00:00',1013,1,'ALMOST',NULL),(1088,'2015-09-19 00:00:00',1037,4,'SUCCESS',NULL),(1089,'2015-09-19 00:00:00',1015,2,'SUCCESS',NULL),(1090,'2015-09-19 00:00:00',1039,1,'SUCCESS',NULL),(1091,'2015-09-19 00:00:00',1038,11,'SUCCESS',NULL),(1092,'2015-09-19 00:00:00',1005,2,'SUCCESS',NULL),(1093,'2015-09-19 00:00:00',1038,6,'SUCCESS',NULL),(1094,'2015-09-19 00:00:00',1025,6,'SUCCESS',NULL),(1095,'2015-09-19 00:00:00',1027,7,'TRIED',NULL),(1096,'2015-09-19 00:00:00',1001,8,'SUCCESS',NULL),(1097,'2015-09-19 00:00:00',1036,11,'ALMOST',NULL),(1098,'2015-09-19 00:00:00',1004,3,'SUCCESS',NULL),(1099,'2015-09-19 00:00:00',1027,4,'TRIED',NULL),(1100,'2015-09-19 00:00:00',1030,7,'ALMOST',NULL),(1101,'2015-09-19 00:00:00',1029,5,'TRIED',NULL),(1102,'2015-09-19 00:00:00',1005,7,'TRIED',NULL),(1103,'2015-09-19 00:00:00',1005,9,'SUCCESS',NULL),(1104,'2015-09-19 00:00:00',1033,9,'SUCCESS',NULL),(1105,'2015-09-19 00:00:00',1033,7,'EXPOSED',NULL),(1106,'2015-09-26 00:00:00',1022,1,'TRIED',NULL),(1107,'2015-09-26 00:00:00',1022,10,'SUCCESS',NULL),(1108,'2015-09-26 00:00:00',1022,7,'SUCCESS',NULL),(1109,'2015-09-26 00:00:00',1022,12,'SUCCESS',NULL),(1110,'2015-09-26 00:00:00',1022,13,'SUCCESS',NULL),(1111,'2015-09-26 00:00:00',1022,8,'SUCCESS',NULL),(1112,'2015-09-26 00:00:00',1022,19,'TRIED',NULL),(1113,'2015-09-26 00:00:00',1011,10,'SUCCESS',NULL),(1114,'2015-09-26 00:00:00',1011,13,'SUCCESS',NULL),(1115,'2015-09-26 00:00:00',1011,18,'SUCCESS',NULL),(1116,'2015-09-26 00:00:00',1011,9,'SUCCESS',NULL),(1117,'2015-09-26 00:00:00',1011,19,'TRIED',NULL),(1118,'2015-09-26 00:00:00',1011,21,'TRIED',NULL),(1119,'2015-09-26 00:00:00',1017,1,'SUCCESS',NULL),(1120,'2015-09-26 00:00:00',1017,2,'SUCCESS',NULL),(1121,'2015-09-26 00:00:00',1017,4,'SUCCESS',NULL),(1122,'2015-09-26 00:00:00',1017,10,'SUCCESS',NULL),(1123,'2015-09-26 00:00:00',1017,9,'SUCCESS',NULL),(1124,'2015-09-26 00:00:00',1017,12,'TRIED',NULL),(1125,'2015-09-26 00:00:00',1017,13,'SUCCESS',NULL),(1126,'2015-09-26 00:00:00',1013,1,'ALMOST',NULL),(1127,'2015-09-26 00:00:00',1013,5,'TRIED',NULL),(1128,'2015-09-26 00:00:00',1013,10,'SUCCESS',NULL),(1129,'2015-09-26 00:00:00',1013,12,'SUCCESS',NULL),(1130,'2015-09-26 00:00:00',1013,13,'SUCCESS',NULL),(1131,'2015-09-26 00:00:00',1013,8,'SUCCESS',NULL),(1132,'2015-09-26 00:00:00',1013,9,'SUCCESS',NULL),(1133,'2015-09-26 00:00:00',1009,14,'SUCCESS',NULL),(1134,'2015-09-26 00:00:00',1009,10,'SUCCESS',NULL),(1135,'2015-09-26 00:00:00',1009,9,'TRIED',NULL),(1136,'2015-09-26 00:00:00',1009,12,'SUCCESS',NULL),(1137,'2015-09-26 00:00:00',1009,13,'SUCCESS',NULL),(1138,'2015-09-26 00:00:00',1009,16,'SUCCESS',NULL),(1139,'2015-09-26 00:00:00',1009,19,'TRIED',NULL),(1140,'2015-09-26 00:00:00',1009,8,'SUCCESS',NULL),(1141,'2015-09-26 00:00:00',1021,1,'SUCCESS',NULL),(1142,'2015-09-26 00:00:00',1021,10,'TRIED',NULL),(1143,'2015-09-26 00:00:00',1021,7,'SUCCESS',NULL),(1144,'2015-09-26 00:00:00',1021,13,'TRIED',NULL),(1145,'2015-09-26 00:00:00',1021,18,'SUCCESS',NULL),(1146,'2015-09-26 00:00:00',1021,8,'SUCCESS',NULL),(1147,'2015-09-26 00:00:00',1021,9,'SUCCESS',NULL),(1148,'2015-09-26 00:00:00',1027,1,'TRIED',NULL),(1149,'2015-09-26 00:00:00',1027,2,'TRIED',NULL),(1150,'2015-09-26 00:00:00',1027,3,'TRIED',NULL),(1151,'2015-09-26 00:00:00',1027,14,'TRIED',NULL),(1152,'2015-09-26 00:00:00',1027,4,'TRIED',NULL),(1153,'2015-09-26 00:00:00',1027,10,'TRIED',NULL),(1154,'2015-09-26 00:00:00',1027,8,'TRIED',NULL),(1155,'2015-09-26 00:00:00',1001,13,'SUCCESS',NULL),(1156,'2015-09-26 00:00:00',1001,9,'SUCCESS',NULL),(1157,'2015-09-26 00:00:00',1001,19,'TRIED',NULL),(1158,'2015-09-26 00:00:00',1001,18,'SUCCESS',NULL),(1159,'2015-09-26 00:00:00',1001,21,'SUCCESS',NULL),(1160,'2015-09-26 00:00:00',1001,16,'ALMOST',NULL),(1161,'2015-09-26 00:00:00',1043,1,'ALMOST',NULL),(1162,'2015-09-26 00:00:00',1043,10,'SUCCESS',NULL),(1163,'2015-09-26 00:00:00',1043,17,'SUCCESS',NULL),(1164,'2015-09-26 00:00:00',1043,13,'SUCCESS',NULL),(1165,'2015-09-26 00:00:00',1043,12,'SUCCESS',NULL),(1166,'2015-09-26 00:00:00',1043,8,'SUCCESS',NULL),(1167,'2015-09-26 00:00:00',1043,9,'SUCCESS',NULL),(1168,'2015-09-26 00:00:00',1025,1,'ALMOST',NULL),(1169,'2015-09-26 00:00:00',1025,2,'SUCCESS',NULL),(1170,'2015-09-26 00:00:00',1025,14,'TRIED',NULL),(1171,'2015-09-26 00:00:00',1025,4,'TRIED',NULL),(1172,'2015-09-26 00:00:00',1025,10,'SUCCESS',NULL),(1173,'2015-09-26 00:00:00',1025,9,'SUCCESS',NULL),(1174,'2015-09-26 00:00:00',1025,12,'SUCCESS',NULL),(1175,'2015-09-26 00:00:00',1025,13,'SUCCESS',NULL),(1176,'2015-09-26 00:00:00',1025,19,'TRIED',NULL),(1177,'2015-09-26 00:00:00',1014,11,'TRIED',NULL),(1178,'2015-09-26 00:00:00',1014,6,'ALMOST',NULL),(1179,'2015-09-26 00:00:00',1014,7,'SUCCESS',NULL),(1180,'2015-09-26 00:00:00',1014,13,'TRIED',NULL),(1181,'2015-09-26 00:00:00',1014,8,'SUCCESS',NULL),(1182,'2015-09-26 00:00:00',1014,9,'SUCCESS',NULL),(1183,'2015-09-26 00:00:00',1014,19,'TRIED',NULL),(1184,'2015-09-26 00:00:00',1024,4,'ALMOST',NULL),(1185,'2015-09-26 00:00:00',1024,10,'SUCCESS',NULL),(1186,'2015-09-26 00:00:00',1024,6,'SUCCESS',NULL),(1187,'2015-09-26 00:00:00',1024,9,'ALMOST',NULL),(1188,'2015-09-26 00:00:00',1024,12,'SUCCESS',NULL),(1189,'2015-09-26 00:00:00',1024,13,'SUCCESS',NULL),(1190,'2015-09-26 00:00:00',1024,8,'SUCCESS',NULL),(1191,'2015-09-26 00:00:00',1038,7,'ALMOST',NULL),(1192,'2015-09-26 00:00:00',1038,12,'SUCCESS',NULL),(1193,'2015-09-26 00:00:00',1038,13,'SUCCESS',NULL),(1194,'2015-09-26 00:00:00',1038,8,'SUCCESS',NULL),(1195,'2015-09-26 00:00:00',1038,9,'SUCCESS',NULL),(1196,'2015-09-26 00:00:00',1038,19,'TRIED',NULL),(1197,'2015-09-26 00:00:00',1038,18,'TRIED',NULL),(1198,'2015-09-26 00:00:00',1020,1,'TRIED',NULL),(1199,'2015-09-26 00:00:00',1020,10,'TRIED',NULL),(1200,'2015-09-26 00:00:00',1020,12,'SUCCESS',NULL),(1201,'2015-09-26 00:00:00',1020,13,'SUCCESS',NULL),(1202,'2015-09-26 00:00:00',1020,8,'TRIED',NULL),(1203,'2015-09-26 00:00:00',1020,19,'TRIED',NULL),(1204,'2015-09-26 00:00:00',1020,18,'SUCCESS',NULL),(1205,'2015-09-26 00:00:00',1006,1,'ALMOST',NULL),(1206,'2015-09-26 00:00:00',1006,10,'SUCCESS',NULL),(1207,'2015-09-26 00:00:00',1006,12,'SUCCESS',NULL),(1208,'2015-09-26 00:00:00',1006,19,'TRIED',NULL),(1209,'2015-09-26 00:00:00',1006,18,'SUCCESS',NULL),(1210,'2015-09-26 00:00:00',1006,21,'SUCCESS',NULL),(1211,'2015-09-26 00:00:00',1034,12,'SUCCESS',NULL),(1212,'2015-09-26 00:00:00',1034,13,'SUCCESS',NULL),(1213,'2015-09-26 00:00:00',1033,16,'SUCCESS',NULL),(1214,'2015-09-26 00:00:00',1002,13,'SUCCESS',NULL),(1215,'2015-09-26 00:00:00',1002,8,'SUCCESS',NULL),(1216,'2015-09-26 00:00:00',1002,9,'TRIED',NULL),(1217,'2015-09-26 00:00:00',1002,19,'TRIED',NULL),(1218,'2015-09-26 00:00:00',1002,18,'ALMOST',NULL),(1219,'2015-09-26 00:00:00',1002,21,'SUCCESS',NULL),(1220,'2015-09-26 00:00:00',1003,1,'SUCCESS',NULL),(1221,'2015-09-26 00:00:00',1003,3,'SUCCESS',NULL),(1222,'2015-09-26 00:00:00',1003,4,'TRIED',NULL),(1223,'2015-09-26 00:00:00',1003,14,'TRIED',NULL),(1224,'2015-09-26 00:00:00',1003,10,'TRIED',NULL),(1225,'2015-09-26 00:00:00',1003,6,'SUCCESS',NULL),(1226,'2015-09-26 00:00:00',1003,9,'SUCCESS',NULL),(1227,'2015-09-26 00:00:00',1005,3,'SUCCESS',NULL),(1228,'2015-09-26 00:00:00',1005,5,'SUCCESS',NULL),(1229,'2015-09-26 00:00:00',1005,10,'SUCCESS',NULL),(1230,'2015-09-26 00:00:00',1005,12,'SUCCESS',NULL),(1231,'2015-09-26 00:00:00',1005,13,'SUCCESS',NULL),(1232,'2015-09-26 00:00:00',1005,8,'SUCCESS',NULL),(1233,'2015-09-26 00:00:00',1012,10,'TRIED',NULL),(1234,'2015-09-26 00:00:00',1012,12,'SUCCESS',NULL),(1235,'2015-09-26 00:00:00',1012,13,'TRIED',NULL),(1236,'2015-09-26 00:00:00',1012,8,'SUCCESS',NULL),(1237,'2015-09-26 00:00:00',1012,9,'TRIED',NULL),(1238,'2015-09-26 00:00:00',1012,19,'TRIED',NULL),(1239,'2015-09-26 00:00:00',1012,18,'SUCCESS',NULL),(1240,'2015-09-26 00:00:00',1015,10,'ALMOST',NULL),(1241,'2015-09-26 00:00:00',1015,12,'SUCCESS',NULL),(1242,'2015-09-26 00:00:00',1015,8,'SUCCESS',NULL),(1243,'2015-09-26 00:00:00',1015,9,'SUCCESS',NULL),(1244,'2015-09-26 00:00:00',1015,19,'TRIED',NULL),(1245,'2015-09-26 00:00:00',1015,18,'SUCCESS',NULL),(1246,'2015-09-26 00:00:00',1015,21,'SUCCESS',NULL),(1247,'2015-09-26 00:00:00',1018,2,'SUCCESS',NULL),(1248,'2015-09-26 00:00:00',1018,5,'SUCCESS',NULL),(1249,'2015-09-26 00:00:00',1018,10,'SUCCESS',NULL),(1250,'2015-09-26 00:00:00',1018,12,'SUCCESS',NULL),(1251,'2015-09-26 00:00:00',1018,13,'SUCCESS',NULL),(1252,'2015-09-26 00:00:00',1018,8,'SUCCESS',NULL),(1253,'2015-09-26 00:00:00',1018,16,'TRIED',NULL),(1254,'2015-09-26 00:00:00',1028,4,'SUCCESS',NULL),(1255,'2015-09-26 00:00:00',1028,10,'SUCCESS',NULL),(1256,'2015-09-26 00:00:00',1028,12,'SUCCESS',NULL),(1257,'2015-09-26 00:00:00',1028,13,'SUCCESS',NULL),(1258,'2015-09-26 00:00:00',1028,8,'SUCCESS',NULL),(1259,'2015-09-26 00:00:00',1029,1,'SUCCESS',NULL),(1260,'2015-09-26 00:00:00',1029,2,'TRIED',NULL),(1261,'2015-09-26 00:00:00',1029,3,'SUCCESS',NULL),(1262,'2015-09-26 00:00:00',1029,14,'ALMOST',NULL),(1263,'2015-09-26 00:00:00',1029,4,'SUCCESS',NULL),(1264,'2015-09-26 00:00:00',1029,10,'SUCCESS',NULL),(1265,'2015-09-26 00:00:00',1029,8,'ALMOST',NULL),(1266,'2015-09-26 00:00:00',1030,1,'SUCCESS',NULL),(1267,'2015-09-26 00:00:00',1030,10,'SUCCESS',NULL),(1268,'2015-09-26 00:00:00',1030,7,'SUCCESS',NULL),(1269,'2015-09-26 00:00:00',1030,12,'SUCCESS',NULL),(1270,'2015-09-26 00:00:00',1030,13,'ALMOST',NULL),(1271,'2015-09-26 00:00:00',1030,8,'ALMOST',NULL),(1272,'2015-09-26 00:00:00',1030,9,'SUCCESS',NULL),(1273,'2015-09-26 00:00:00',1033,8,'SUCCESS',NULL),(1274,'2015-09-26 00:00:00',1033,7,'TRIED',NULL),(1275,'2015-09-26 00:00:00',1033,19,'TRIED',NULL),(1276,'2015-09-26 00:00:00',1033,18,'SUCCESS',NULL),(1277,'2015-09-26 00:00:00',1033,21,'TRIED',NULL),(1278,'2015-09-26 00:00:00',1034,1,'SUCCESS',NULL),(1279,'2015-09-26 00:00:00',1034,2,'ALMOST',NULL),(1280,'2015-09-26 00:00:00',1034,3,'SUCCESS',NULL),(1281,'2015-09-26 00:00:00',1034,5,'TRIED',NULL),(1282,'2015-09-26 00:00:00',1034,14,'TRIED',NULL),(1283,'2015-09-26 00:00:00',1034,10,'SUCCESS',NULL),(1284,'2015-09-26 00:00:00',1034,6,'SUCCESS',NULL),(1285,'2015-09-26 00:00:00',1035,1,'SUCCESS',NULL),(1286,'2015-09-26 00:00:00',1035,2,'ALMOST',NULL),(1287,'2015-09-26 00:00:00',1035,4,'SUCCESS',NULL),(1288,'2015-09-26 00:00:00',1035,10,'SUCCESS',NULL),(1289,'2015-09-26 00:00:00',1035,12,'SUCCESS',NULL),(1290,'2015-09-26 00:00:00',1035,13,'SUCCESS',NULL),(1291,'2015-09-26 00:00:00',1039,10,'ALMOST',NULL),(1292,'2015-09-26 00:00:00',1039,7,'TRIED',NULL),(1293,'2015-09-26 00:00:00',1039,12,'SUCCESS',NULL),(1294,'2015-09-26 00:00:00',1039,13,'TRIED',NULL),(1295,'2015-09-26 00:00:00',1039,8,'TRIED',NULL),(1296,'2015-09-26 00:00:00',1039,9,'SUCCESS',NULL),(1297,'2015-09-26 00:00:00',1041,1,'SUCCESS',NULL),(1298,'2015-09-26 00:00:00',1041,6,'SUCCESS',NULL),(1299,'2015-09-26 00:00:00',1041,7,'SUCCESS',NULL),(1300,'2015-09-26 00:00:00',1041,13,'SUCCESS',NULL),(1301,'2015-09-26 00:00:00',1041,18,'SUCCESS',NULL),(1302,'2015-09-26 00:00:00',1041,8,'ALMOST',NULL),(1303,'2015-09-26 00:00:00',1041,9,'SUCCESS',NULL),(1304,'2015-09-26 00:00:00',1029,4,'SUCCESS',NULL),(1305,'2015-09-26 00:00:00',1004,14,'ALMOST',NULL),(1306,'2015-09-26 00:00:00',1026,9,'SUCCESS',NULL),(1307,'2015-09-26 00:00:00',1037,9,'SUCCESS',NULL),(1308,'2015-09-26 00:00:00',1004,1,'ALMOST',NULL),(1309,'2015-09-26 00:00:00',1004,2,'SUCCESS',NULL),(1310,'2015-09-26 00:00:00',1004,14,'ALMOST',NULL),(1311,'2015-09-26 00:00:00',1004,4,'TRIED',NULL),(1312,'2015-09-26 00:00:00',1004,8,'TRIED',NULL),(1313,'2015-09-26 00:00:00',1004,9,'TRIED',NULL),(1314,'2015-09-26 00:00:00',1004,18,'ALMOST',NULL),(1315,'2015-09-26 00:00:00',1008,3,'ALMOST',NULL),(1316,'2015-09-26 00:00:00',1008,14,'ALMOST',NULL),(1317,'2015-09-26 00:00:00',1008,10,'ALMOST',NULL),(1318,'2015-09-26 00:00:00',1008,9,'TRIED',NULL),(1319,'2015-09-26 00:00:00',1008,18,'SUCCESS',NULL),(1320,'2015-09-26 00:00:00',1008,12,'SUCCESS',NULL),(1321,'2015-09-26 00:00:00',1008,8,'SUCCESS',NULL),(1322,'2015-09-26 00:00:00',1019,4,'ALMOST',NULL),(1323,'2015-09-26 00:00:00',1019,10,'SUCCESS',NULL),(1324,'2015-09-26 00:00:00',1019,8,'SUCCESS',NULL),(1325,'2015-09-26 00:00:00',1019,7,'SUCCESS',NULL),(1326,'2015-09-26 00:00:00',1019,18,'ALMOST',NULL),(1327,'2015-09-26 00:00:00',1019,12,'SUCCESS',NULL),(1328,'2015-09-26 00:00:00',1019,17,'ALMOST',NULL),(1329,'2015-09-26 00:00:00',1023,1,'SUCCESS',NULL),(1330,'2015-09-26 00:00:00',1023,14,'SUCCESS',NULL),(1331,'2015-09-26 00:00:00',1023,7,'SUCCESS',NULL),(1332,'2015-09-26 00:00:00',1023,12,'SUCCESS',NULL),(1333,'2015-09-26 00:00:00',1023,18,'SUCCESS',NULL),(1334,'2015-09-26 00:00:00',1023,8,'SUCCESS',NULL),(1335,'2015-09-26 00:00:00',1023,9,'TRIED',NULL),(1336,'2015-09-26 00:00:00',1026,4,'SUCCESS',NULL),(1337,'2015-09-26 00:00:00',1026,10,'SUCCESS',NULL),(1338,'2015-09-26 00:00:00',1026,8,'TRIED',NULL),(1339,'2015-09-26 00:00:00',1026,18,'SUCCESS',NULL),(1340,'2015-09-26 00:00:00',1026,17,'SUCCESS',NULL),(1341,'2015-09-26 00:00:00',1026,7,'TRIED',NULL),(1342,'2015-09-26 00:00:00',1026,19,'TRIED',NULL),(1343,'2015-09-26 00:00:00',1031,4,'ALMOST',NULL),(1344,'2015-09-26 00:00:00',1031,12,'SUCCESS',NULL),(1345,'2015-09-26 00:00:00',1031,13,'SUCCESS',NULL),(1346,'2015-09-26 00:00:00',1031,8,'TRIED',NULL),(1347,'2015-09-26 00:00:00',1031,9,'TRIED',NULL),(1348,'2015-09-26 00:00:00',1031,19,'TRIED',NULL),(1349,'2015-09-26 00:00:00',1031,18,'SUCCESS',NULL),(1350,'2015-09-26 00:00:00',1032,10,'SUCCESS',NULL),(1351,'2015-09-26 00:00:00',1032,8,'ALMOST',NULL),(1352,'2015-09-26 00:00:00',1032,18,'ALMOST',NULL),(1353,'2015-09-26 00:00:00',1032,17,'TRIED',NULL),(1354,'2015-09-26 00:00:00',1032,9,'ALMOST',NULL),(1355,'2015-09-26 00:00:00',1032,19,'TRIED',NULL),(1356,'2015-09-26 00:00:00',1032,12,'SUCCESS',NULL),(1357,'2015-09-26 00:00:00',1036,1,'SUCCESS',NULL),(1358,'2015-09-26 00:00:00',1036,11,'SUCCESS',NULL),(1359,'2015-09-26 00:00:00',1036,9,'TRIED',NULL),(1360,'2015-09-26 00:00:00',1036,12,'SUCCESS',NULL),(1361,'2015-09-26 00:00:00',1036,8,'SUCCESS',NULL),(1362,'2015-09-26 00:00:00',1036,16,'SUCCESS',NULL),(1363,'2015-09-26 00:00:00',1036,19,'TRIED',NULL),(1364,'2015-09-26 00:00:00',1037,1,'SUCCESS',NULL),(1365,'2015-09-26 00:00:00',1037,5,'ALMOST',NULL),(1366,'2015-09-26 00:00:00',1037,10,'SUCCESS',NULL),(1367,'2015-09-26 00:00:00',1037,18,'TRIED',NULL),(1368,'2015-09-26 00:00:00',1037,12,'TRIED',NULL),(1369,'2015-09-26 00:00:00',1037,8,'ALMOST',NULL),(1370,'2015-09-26 00:00:00',1040,4,'ALMOST',NULL),(1371,'2015-09-26 00:00:00',1040,10,'ALMOST',NULL),(1372,'2015-09-26 00:00:00',1040,9,'SUCCESS',NULL),(1373,'2015-09-26 00:00:00',1040,18,'SUCCESS',NULL),(1374,'2015-09-26 00:00:00',1040,8,'ALMOST',NULL),(1375,'2015-09-26 00:00:00',1040,16,'ALMOST',NULL),(1376,'2015-09-26 00:00:00',1040,19,'TRIED',NULL),(1377,'2015-09-26 00:00:00',1042,1,'SUCCESS',NULL),(1378,'2015-09-26 00:00:00',1042,14,'SUCCESS',NULL),(1379,'2015-09-26 00:00:00',1042,10,'SUCCESS',NULL),(1380,'2015-09-26 00:00:00',1042,18,'SUCCESS',NULL),(1381,'2015-09-26 00:00:00',1042,12,'SUCCESS',NULL),(1382,'2015-09-26 00:00:00',1042,8,'ALMOST',NULL),(1383,'2015-09-26 00:00:00',1042,16,'TRIED',NULL),(1384,'2015-09-26 00:00:00',1004,1,'SUCCESS',NULL),(1385,'2015-09-26 00:00:00',1004,14,'SUCCESS',NULL),(1386,'2015-09-26 00:00:00',1004,8,'ALMOST',NULL),(1387,'2015-09-26 00:00:00',1015,8,'SUCCESS',NULL),(1388,'2015-09-26 00:00:00',1029,14,'SUCCESS',NULL),(1389,'2015-09-26 00:00:00',1001,19,'SUCCESS',NULL),(1390,'2015-09-26 00:00:00',1006,19,'ALMOST',NULL),(1391,'2015-09-26 00:00:00',1022,9,'SUCCESS',NULL),(1392,'2015-09-26 00:00:00',1028,9,'SUCCESS',NULL),(1393,'0001-01-01 00:00:00',1002,18,'SUCCESS',NULL),(1394,'0001-01-01 00:00:00',1014,9,'SUCCESS',NULL),(1395,'0001-01-01 00:00:00',1014,6,'SUCCESS',NULL),(1396,'0001-01-01 00:00:00',1038,7,'SUCCESS',NULL),(1397,'2015-10-10 00:00:00',1001,27,'ALMOST',NULL),(1398,'2015-10-10 00:00:00',1001,24,'SUCCESS',NULL),(1399,'2015-10-10 00:00:00',1001,32,'ALMOST',NULL),(1400,'2015-10-10 00:00:00',1001,34,'SUCCESS',NULL),(1401,'2015-10-10 00:00:00',1006,1,'SUCCESS',NULL),(1402,'2015-10-10 00:00:00',1006,19,'SUCCESS',NULL),(1403,'2015-10-10 00:00:00',1006,27,'SUCCESS',NULL),(1404,'2015-10-10 00:00:00',1006,24,'SUCCESS',NULL),(1405,'2015-10-10 00:00:00',1006,32,'SUCCESS',NULL),(1406,'2015-10-10 00:00:00',1009,29,'SUCCESS',NULL),(1407,'2015-10-10 00:00:00',1009,20,'ALMOST',NULL),(1408,'2015-10-10 00:00:00',1009,18,'SUCCESS',NULL),(1409,'2015-10-10 00:00:00',1009,27,'ALMOST',NULL),(1410,'2015-10-10 00:00:00',1009,21,'TRIED',NULL),(1411,'2015-10-10 00:00:00',1011,20,'ALMOST',NULL),(1412,'2015-10-10 00:00:00',1011,27,'TRIED',NULL),(1413,'2015-10-10 00:00:00',1011,22,'SUCCESS',NULL),(1414,'2015-10-10 00:00:00',1011,24,'SUCCESS',NULL),(1415,'2015-10-10 00:00:00',1011,32,'SUCCESS',NULL),(1416,'2015-10-10 00:00:00',1014,17,'SUCCESS',NULL),(1417,'2015-10-10 00:00:00',1014,20,'ALMOST',NULL),(1418,'2015-10-10 00:00:00',1014,18,'TRIED',NULL),(1419,'2015-10-10 00:00:00',1014,27,'SUCCESS',NULL),(1420,'2015-10-10 00:00:00',1014,21,'SUCCESS',NULL),(1421,'2015-10-10 00:00:00',1016,1,'SUCCESS',NULL),(1422,'2015-10-10 00:00:00',1016,5,'SUCCESS',NULL),(1423,'2015-10-10 00:00:00',1016,10,'SUCCESS',NULL),(1424,'2015-10-10 00:00:00',1016,18,'SUCCESS',NULL),(1425,'2015-10-10 00:00:00',1016,27,'TRIED',NULL),(1426,'2015-10-10 00:00:00',1017,18,'SUCCESS',NULL),(1427,'2015-10-10 00:00:00',1017,8,'ALMOST',NULL),(1428,'2015-10-10 00:00:00',1017,16,'TRIED',NULL),(1429,'2015-10-10 00:00:00',1017,19,'TRIED',NULL),(1430,'2015-10-10 00:00:00',1017,27,'TRIED',NULL),(1431,'2015-10-10 00:00:00',1020,1,'SUCCESS',NULL),(1432,'2015-10-10 00:00:00',1020,15,'TRIED',NULL),(1433,'2015-10-10 00:00:00',1020,17,'SUCCESS',NULL),(1434,'2015-10-10 00:00:00',1020,20,'ALMOST',NULL),(1435,'2015-10-10 00:00:00',1020,27,'ALMOST',NULL),(1436,'2015-10-10 00:00:00',1021,15,'TRIED',NULL),(1437,'2015-10-10 00:00:00',1021,27,'ALMOST',NULL),(1438,'2015-10-10 00:00:00',1021,19,'TRIED',NULL),(1439,'2015-10-10 00:00:00',1021,28,'SUCCESS',NULL),(1440,'2015-10-10 00:00:00',1021,31,'SUCCESS',NULL),(1441,'2015-10-10 00:00:00',1022,1,'TRIED',NULL),(1442,'2015-10-10 00:00:00',1022,9,'SUCCESS',NULL),(1443,'2015-10-10 00:00:00',1022,20,'ALMOST',NULL),(1444,'2015-10-10 00:00:00',1022,18,'SUCCESS',NULL),(1445,'2015-10-10 00:00:00',1022,27,'SUCCESS',NULL),(1446,'2015-10-10 00:00:00',1024,4,'SUCCESS',NULL),(1447,'2015-10-10 00:00:00',1024,9,'SUCCESS',NULL),(1448,'2015-10-10 00:00:00',1024,16,'TRIED',NULL),(1449,'2015-10-10 00:00:00',1024,19,'TRIED',NULL),(1450,'2015-10-10 00:00:00',1024,18,'TRIED',NULL),(1451,'2015-10-10 00:00:00',1025,1,'TRIED',NULL),(1452,'2015-10-10 00:00:00',1025,4,'TRIED',NULL),(1453,'2015-10-10 00:00:00',1025,5,'TRIED',NULL),(1454,'2015-10-10 00:00:00',1025,16,'ALMOST',NULL),(1455,'2015-10-10 00:00:00',1025,20,'TRIED',NULL),(1456,'2015-10-10 00:00:00',1027,1,'SUCCESS',NULL),(1457,'2015-10-10 00:00:00',1027,4,'TRIED',NULL),(1458,'2015-10-10 00:00:00',1027,5,'TRIED',NULL),(1459,'2015-10-10 00:00:00',1027,2,'SUCCESS',NULL),(1460,'2015-10-10 00:00:00',1027,3,'SUCCESS',NULL),(1461,'2015-10-10 00:00:00',1038,16,'TRIED',NULL),(1462,'2015-10-10 00:00:00',1038,20,'ALMOST',NULL),(1463,'2015-10-10 00:00:00',1038,27,'SUCCESS',NULL),(1464,'2015-10-10 00:00:00',1038,28,'TRIED',NULL),(1465,'2015-10-10 00:00:00',1038,21,'TRIED',NULL),(1466,'2015-10-10 00:00:00',1043,1,'SUCCESS',NULL),(1467,'2015-10-10 00:00:00',1043,19,'SUCCESS',NULL),(1468,'2015-10-10 00:00:00',1043,18,'SUCCESS',NULL),(1469,'2015-10-10 00:00:00',1043,27,'SUCCESS',NULL),(1470,'2015-10-10 00:00:00',1043,21,'SUCCESS',NULL),(1471,'2015-10-10 00:00:00',1002,16,'TRIED',NULL),(1472,'2015-10-10 00:00:00',1002,20,'TRIED',NULL),(1473,'2015-10-10 00:00:00',1002,27,'SUCCESS',NULL),(1474,'2015-10-10 00:00:00',1002,28,'TRIED',NULL),(1475,'2015-10-10 00:00:00',1002,24,'SUCCESS',NULL),(1476,'2015-10-10 00:00:00',1003,4,'SUCCESS',NULL),(1477,'2015-10-10 00:00:00',1003,5,'TRIED',NULL),(1478,'2015-10-10 00:00:00',1003,15,'TRIED',NULL),(1479,'2015-10-10 00:00:00',1003,12,'SUCCESS',NULL),(1480,'2015-10-10 00:00:00',1003,13,'SUCCESS',NULL),(1481,'2015-10-10 00:00:00',1005,19,'TRIED',NULL),(1482,'2015-10-10 00:00:00',1005,18,'SUCCESS',NULL),(1483,'2015-10-10 00:00:00',1005,27,'TRIED',NULL),(1484,'2015-10-10 00:00:00',1005,21,'SUCCESS',NULL),(1485,'2015-10-10 00:00:00',1005,24,'TRIED',NULL),(1486,'2015-10-10 00:00:00',1012,15,'TRIED',NULL),(1487,'2015-10-10 00:00:00',1012,16,'TRIED',NULL),(1488,'2015-10-10 00:00:00',1012,20,'TRIED',NULL),(1489,'2015-10-10 00:00:00',1012,27,'TRIED',NULL),(1490,'2015-10-10 00:00:00',1012,28,'TRIED',NULL),(1491,'2015-10-10 00:00:00',1015,10,'SUCCESS',NULL),(1492,'2015-10-10 00:00:00',1015,20,'SUCCESS',NULL),(1493,'2015-10-10 00:00:00',1015,27,'ALMOST',NULL),(1494,'2015-10-10 00:00:00',1015,24,'SUCCESS',NULL),(1495,'2015-10-10 00:00:00',1015,32,'SUCCESS',NULL),(1496,'2015-10-10 00:00:00',1018,29,'SUCCESS',NULL),(1497,'2015-10-10 00:00:00',1018,19,'SUCCESS',NULL),(1498,'2015-10-10 00:00:00',1018,18,'SUCCESS',NULL),(1499,'2015-10-10 00:00:00',1018,27,'TRIED',NULL),(1500,'2015-10-10 00:00:00',1018,21,'TRIED',NULL),(1501,'2015-10-10 00:00:00',1028,9,'TRIED',NULL),(1502,'2015-10-10 00:00:00',1028,19,'TRIED',NULL),(1503,'2015-10-10 00:00:00',1028,18,'SUCCESS',NULL),(1504,'2015-10-10 00:00:00',1028,27,'TRIED',NULL),(1505,'2015-10-10 00:00:00',1028,21,'ALMOST',NULL),(1506,'2015-10-10 00:00:00',1029,5,'SUCCESS',NULL),(1507,'2015-10-10 00:00:00',1029,8,'TRIED',NULL),(1508,'2015-10-10 00:00:00',1029,9,'TRIED',NULL),(1509,'2015-10-10 00:00:00',1029,18,'SUCCESS',NULL),(1510,'2015-10-10 00:00:00',1029,17,'ALMOST',NULL),(1511,'2015-10-10 00:00:00',1030,13,'TRIED',NULL),(1512,'2015-10-10 00:00:00',1030,8,'TRIED',NULL),(1513,'2015-10-10 00:00:00',1030,19,'TRIED',NULL),(1514,'2015-10-10 00:00:00',1030,18,'SUCCESS',NULL),(1515,'2015-10-10 00:00:00',1030,27,'SUCCESS',NULL),(1516,'2015-10-10 00:00:00',1033,20,'TRIED',NULL),(1517,'2015-10-10 00:00:00',1033,27,'ALMOST',NULL),(1518,'2015-10-10 00:00:00',1033,22,'TRIED',NULL),(1519,'2015-10-10 00:00:00',1033,24,'SUCCESS',NULL),(1520,'2015-10-10 00:00:00',1033,32,'SUCCESS',NULL),(1521,'2015-10-10 00:00:00',1034,4,'ALMOST',NULL),(1522,'2015-10-10 00:00:00',1034,5,'SUCCESS',NULL),(1523,'2015-10-10 00:00:00',1034,2,'SUCCESS',NULL),(1524,'2015-10-10 00:00:00',1034,8,'ALMOST',NULL),(1525,'2015-10-10 00:00:00',1034,9,'SUCCESS',NULL),(1526,'2015-10-10 00:00:00',1035,2,'SUCCESS',NULL),(1527,'2015-10-10 00:00:00',1035,8,'ALMOST',NULL),(1528,'2015-10-10 00:00:00',1035,9,'SUCCESS',NULL),(1529,'2015-10-10 00:00:00',1035,19,'TRIED',NULL),(1530,'2015-10-10 00:00:00',1035,18,'SUCCESS',NULL),(1531,'2015-10-10 00:00:00',1039,10,'SUCCESS',NULL),(1532,'2015-10-10 00:00:00',1039,18,'SUCCESS',NULL),(1533,'2015-10-10 00:00:00',1039,17,'TRIED',NULL),(1534,'2015-10-10 00:00:00',1039,7,'SUCCESS',NULL),(1535,'2015-10-10 00:00:00',1039,19,'TRIED',NULL),(1536,'2015-10-10 00:00:00',1041,8,'SUCCESS',NULL),(1537,'2015-10-10 00:00:00',1041,19,'TRIED',NULL),(1538,'2015-10-10 00:00:00',1041,27,'SUCCESS',NULL),(1539,'2015-10-10 00:00:00',1041,28,'ALMOST',NULL),(1540,'2015-10-10 00:00:00',1041,21,'ALMOST',NULL),(1541,'2015-10-10 00:00:00',1004,5,'SUCCESS',NULL),(1542,'2015-10-10 00:00:00',1004,8,'SUCCESS',NULL),(1543,'2015-10-10 00:00:00',1004,16,'TRIED',NULL),(1544,'2015-10-10 00:00:00',1004,18,'SUCCESS',NULL),(1545,'2015-10-10 00:00:00',1004,27,'TRIED',NULL),(1546,'2015-10-10 00:00:00',1008,14,'SUCCESS',NULL),(1547,'2015-10-10 00:00:00',1008,3,'SUCCESS',NULL),(1548,'2015-10-10 00:00:00',1008,10,'SUCCESS',NULL),(1549,'2015-10-10 00:00:00',1008,16,'SUCCESS',NULL),(1550,'2015-10-10 00:00:00',1008,29,'ALMOST',NULL),(1551,'2015-10-10 00:00:00',1019,4,'SUCCESS',NULL),(1552,'2015-10-10 00:00:00',1019,18,'SUCCESS',NULL),(1553,'2015-10-10 00:00:00',1019,17,'SUCCESS',NULL),(1554,'2015-10-10 00:00:00',1019,9,'ALMOST',NULL),(1555,'2015-10-10 00:00:00',1019,19,'SUCCESS',NULL),(1556,'2015-10-10 00:00:00',1023,16,'SUCCESS',NULL),(1557,'2015-10-10 00:00:00',1023,19,'SUCCESS',NULL),(1558,'2015-10-10 00:00:00',1023,27,'TRIED',NULL),(1559,'2015-10-10 00:00:00',1023,28,'TRIED',NULL),(1560,'2015-10-10 00:00:00',1023,21,'TRIED',NULL),(1561,'2015-10-10 00:00:00',1026,6,'SUCCESS',NULL),(1562,'2015-10-10 00:00:00',1026,16,'SUCCESS',NULL),(1563,'2015-10-10 00:00:00',1026,35,'SUCCESS',NULL),(1564,'2015-10-10 00:00:00',1026,27,'TRIED',NULL),(1565,'2015-10-10 00:00:00',1026,28,'TRIED',NULL),(1566,'2015-10-10 00:00:00',1031,4,'TRIED',NULL),(1567,'2015-10-10 00:00:00',1031,17,'ALMOST',NULL),(1568,'2015-10-10 00:00:00',1031,16,'TRIED',NULL),(1569,'2015-10-10 00:00:00',1031,20,'TRIED',NULL),(1570,'2015-10-10 00:00:00',1031,27,'TRIED',NULL),(1571,'2015-10-10 00:00:00',1032,8,'SUCCESS',NULL),(1572,'2015-10-10 00:00:00',1032,6,'SUCCESS',NULL),(1573,'2015-10-10 00:00:00',1032,9,'SUCCESS',NULL),(1574,'2015-10-10 00:00:00',1032,20,'TRIED',NULL),(1575,'2015-10-10 00:00:00',1032,18,'SUCCESS',NULL),(1576,'2015-10-10 00:00:00',1036,29,'ALMOST',NULL),(1577,'2015-10-10 00:00:00',1036,20,'TRIED',NULL),(1578,'2015-10-10 00:00:00',1036,18,'ALMOST',NULL),(1579,'2015-10-10 00:00:00',1036,27,'TRIED',NULL),(1580,'2015-10-10 00:00:00',1036,21,'SUCCESS',NULL),(1581,'2015-10-10 00:00:00',1037,5,'SUCCESS',NULL),(1582,'2015-10-10 00:00:00',1037,27,'TRIED',NULL),(1583,'2015-10-10 00:00:00',1037,28,'TRIED',NULL),(1584,'2015-10-10 00:00:00',1037,8,'SUCCESS',NULL),(1585,'2015-10-10 00:00:00',1037,19,'TRIED',NULL),(1586,'2015-10-10 00:00:00',1040,4,'SUCCESS',NULL),(1587,'2015-10-10 00:00:00',1040,10,'SUCCESS',NULL),(1588,'2015-10-10 00:00:00',1040,8,'SUCCESS',NULL),(1589,'2015-10-10 00:00:00',1040,16,'SUCCESS',NULL),(1590,'2015-10-10 00:00:00',1040,20,'TRIED',NULL),(1591,'2015-10-10 00:00:00',1042,8,'SUCCESS',NULL),(1592,'2015-10-10 00:00:00',1042,29,'SUCCESS',NULL),(1593,'2015-10-10 00:00:00',1042,19,'TRIED',NULL),(1594,'2015-10-10 00:00:00',1042,27,'TRIED',NULL),(1595,'2015-10-10 00:00:00',1042,28,'SUCCESS',NULL),(1596,'0001-01-01 00:00:00',1041,21,'SUCCESS',NULL),(1597,'0001-01-01 00:00:00',1017,8,'SUCCESS',NULL),(1598,'0001-01-01 00:00:00',1020,20,'SUCCESS',NULL),(1599,'0001-01-01 00:00:00',1030,8,'SUCCESS',NULL),(1600,'0001-01-01 00:00:00',1030,13,'SUCCESS',NULL),(1601,'0001-01-01 00:00:00',1009,20,'SUCCESS',NULL),(1602,'0001-01-01 00:00:00',1009,27,'SUCCESS',NULL),(1603,'0001-01-01 00:00:00',1038,7,'SUCCESS',NULL),(1604,'0001-01-01 00:00:00',1038,20,'SUCCESS',NULL),(1605,'0001-01-01 00:00:00',1021,27,'SUCCESS',NULL),(1606,'0001-01-01 00:00:00',1001,27,'SUCCESS',NULL),(1607,'0001-01-01 00:00:00',1001,32,'SUCCESS',NULL),(1608,'0001-01-01 00:00:00',1025,16,'SUCCESS',NULL),(1609,'0001-01-01 00:00:00',1020,27,'SUCCESS',NULL),(1610,'0001-01-01 00:00:00',1029,8,'SUCCESS',NULL),(1611,'2015-10-17 00:00:00',1001,38,'SUCCESS',NULL),(1612,'2015-10-17 00:00:00',1014,33,'TRIED',NULL),(1613,'2015-10-17 00:00:00',1014,34,'SUCCESS',NULL),(1614,'2015-10-17 00:00:00',1043,36,'SUCCESS',NULL),(1615,'2015-10-17 00:00:00',1043,37,'ALMOST',NULL),(1616,'2015-10-17 00:00:00',1004,29,'SUCCESS',NULL),(1617,'2015-10-17 00:00:00',1004,28,'SUCCESS',NULL),(1618,'2015-10-17 00:00:00',1004,17,'SUCCESS',NULL),(1619,'2015-10-17 00:00:00',1004,39,'TRIED',NULL),(1620,'2015-10-17 00:00:00',1004,19,'TRIED',NULL),(1621,'2015-10-17 00:00:00',1008,39,'TRIED',NULL),(1622,'2015-10-17 00:00:00',1008,19,'TRIED',NULL),(1623,'2015-10-17 00:00:00',1008,27,'SUCCESS',NULL),(1624,'2015-10-17 00:00:00',1008,28,'TRIED',NULL),(1625,'2015-10-17 00:00:00',1008,7,'TRIED',NULL),(1626,'2015-10-17 00:00:00',1019,16,'SUCCESS',NULL),(1627,'2015-10-17 00:00:00',1019,27,'TRIED',NULL),(1628,'2015-10-17 00:00:00',1019,28,'TRIED',NULL),(1629,'2015-10-17 00:00:00',1019,29,'TRIED',NULL),(1630,'2015-10-17 00:00:00',1019,21,'TRIED',NULL),(1631,'2015-10-17 00:00:00',1023,31,'SUCCESS',NULL),(1632,'2015-10-17 00:00:00',1023,35,'TRIED',NULL),(1633,'2015-10-17 00:00:00',1023,29,'SUCCESS',NULL),(1634,'2015-10-17 00:00:00',1023,22,'SUCCESS',NULL),(1635,'2015-10-17 00:00:00',1023,24,'TRIED',NULL),(1636,'2015-10-17 00:00:00',1026,20,'TRIED',NULL),(1637,'2015-10-17 00:00:00',1026,31,'SUCCESS',NULL),(1638,'2015-10-17 00:00:00',1026,29,'SUCCESS',NULL),(1639,'2015-10-17 00:00:00',1026,21,'TRIED',NULL),(1640,'2015-10-17 00:00:00',1026,24,'SUCCESS',NULL),(1641,'2015-10-17 00:00:00',1031,4,'TRIED',NULL),(1642,'2015-10-17 00:00:00',1031,40,'SUCCESS',NULL),(1643,'2015-10-17 00:00:00',1031,29,'SUCCESS',NULL),(1644,'2015-10-17 00:00:00',1031,43,'SUCCESS',NULL),(1645,'2015-10-17 00:00:00',1031,28,'TRIED',NULL),(1646,'2015-10-17 00:00:00',1032,43,'TRIED',NULL),(1647,'2015-10-17 00:00:00',1032,27,'ALMOST',NULL),(1648,'2015-10-17 00:00:00',1032,16,'SUCCESS',NULL),(1649,'2015-10-17 00:00:00',1032,21,'SUCCESS',NULL),(1650,'2015-10-17 00:00:00',1032,24,'TRIED',NULL),(1651,'2015-10-17 00:00:00',1036,39,'SUCCESS',NULL),(1652,'2015-10-17 00:00:00',1036,43,'ALMOST',NULL),(1653,'2015-10-17 00:00:00',1036,28,'SUCCESS',NULL),(1654,'2015-10-17 00:00:00',1036,31,'TRIED',NULL),(1655,'2015-10-17 00:00:00',1036,7,'TRIED',NULL),(1656,'2015-10-17 00:00:00',1037,31,'TRIED',NULL),(1657,'2015-10-17 00:00:00',1037,35,'TRIED',NULL),(1658,'2015-10-17 00:00:00',1037,20,'TRIED',NULL),(1659,'2015-10-17 00:00:00',1037,12,'SUCCESS',NULL),(1660,'2015-10-17 00:00:00',1037,13,'SUCCESS',NULL),(1661,'2015-10-17 00:00:00',1040,43,'TRIED',NULL),(1662,'2015-10-17 00:00:00',1040,27,'TRIED',NULL),(1663,'2015-10-17 00:00:00',1040,28,'SUCCESS',NULL),(1664,'2015-10-17 00:00:00',1040,29,'SUCCESS',NULL),(1665,'2015-10-17 00:00:00',1040,21,'ALMOST',NULL),(1666,'2015-10-17 00:00:00',1042,20,'TRIED',NULL),(1667,'2015-10-17 00:00:00',1042,31,'TRIED',NULL),(1668,'2015-10-17 00:00:00',1042,39,'SUCCESS',NULL),(1669,'2015-10-17 00:00:00',1042,21,'TRIED',NULL),(1670,'2015-10-17 00:00:00',1042,24,'TRIED',NULL),(1671,'2015-10-17 00:00:00',1002,29,'SUCCESS',NULL),(1672,'2015-10-17 00:00:00',1002,43,'SUCCESS',NULL),(1673,'2015-10-17 00:00:00',1002,39,'TRIED',NULL),(1674,'2015-10-17 00:00:00',1002,32,'SUCCESS',NULL),(1675,'2015-10-17 00:00:00',1002,33,'SUCCESS',NULL),(1676,'2015-10-17 00:00:00',1003,5,'TRIED',NULL),(1677,'2015-10-17 00:00:00',1003,41,'TRIED',NULL),(1678,'2015-10-17 00:00:00',1003,8,'ALMOST',NULL),(1679,'2015-10-17 00:00:00',1003,16,'ALMOST',NULL),(1680,'2015-10-17 00:00:00',1003,19,'TRIED',NULL),(1681,'2015-10-17 00:00:00',1005,20,'ALMOST',NULL),(1682,'2015-10-17 00:00:00',1005,28,'ALMOST',NULL),(1683,'2015-10-17 00:00:00',1005,16,'SUCCESS',NULL),(1684,'2015-10-17 00:00:00',1005,24,'ALMOST',NULL),(1685,'2015-10-17 00:00:00',1005,32,'SUCCESS',NULL),(1686,'2015-10-17 00:00:00',1012,41,'TRIED',NULL),(1687,'2015-10-17 00:00:00',1012,29,'SUCCESS',NULL),(1688,'2015-10-17 00:00:00',1012,43,'TRIED',NULL),(1689,'2015-10-17 00:00:00',1012,31,'TRIED',NULL),(1690,'2015-10-17 00:00:00',1012,35,'ALMOST',NULL),(1691,'2015-10-17 00:00:00',1015,28,'ALMOST',NULL),(1692,'2015-10-17 00:00:00',1015,16,'ALMOST',NULL),(1693,'2015-10-17 00:00:00',1015,33,'TRIED',NULL),(1694,'2015-10-17 00:00:00',1015,34,'ALMOST',NULL),(1695,'2015-10-17 00:00:00',1015,36,'SUCCESS',NULL),(1696,'2015-10-17 00:00:00',1018,28,'ALMOST',NULL),(1697,'2015-10-17 00:00:00',1018,39,'TRIED',NULL),(1698,'2015-10-17 00:00:00',1018,22,'SUCCESS',NULL),(1699,'2015-10-17 00:00:00',1018,24,'SUCCESS',NULL),(1700,'2015-10-17 00:00:00',1018,32,'SUCCESS',NULL),(1701,'2015-10-17 00:00:00',1028,20,'TRIED',NULL),(1702,'2015-10-17 00:00:00',1028,28,'TRIED',NULL),(1703,'2015-10-17 00:00:00',1028,16,'SUCCESS',NULL),(1704,'2015-10-17 00:00:00',1028,22,'TRIED',NULL),(1705,'2015-10-17 00:00:00',1028,24,'ALMOST',NULL),(1706,'2015-10-17 00:00:00',1029,40,'SUCCESS',NULL),(1707,'2015-10-17 00:00:00',1029,16,'TRIED',NULL),(1708,'2015-10-17 00:00:00',1029,42,'SUCCESS',NULL),(1709,'2015-10-17 00:00:00',1029,29,'TRIED',NULL),(1710,'2015-10-17 00:00:00',1029,19,'TRIED',NULL),(1711,'2015-10-17 00:00:00',1030,17,'TRIED',NULL),(1712,'2015-10-17 00:00:00',1030,20,'ALMOST',NULL),(1713,'2015-10-17 00:00:00',1030,28,'TRIED',NULL),(1714,'2015-10-17 00:00:00',1030,16,'TRIED',NULL),(1715,'2015-10-17 00:00:00',1030,21,'ALMOST',NULL),(1716,'2015-10-17 00:00:00',1033,43,'SUCCESS',NULL),(1717,'2015-10-17 00:00:00',1033,28,'TRIED',NULL),(1718,'2015-10-17 00:00:00',1033,23,'SUCCESS',NULL),(1719,'2015-10-17 00:00:00',1033,33,'TRIED',NULL),(1720,'2015-10-17 00:00:00',1033,34,'TRIED',NULL),(1721,'2015-10-17 00:00:00',1034,4,'ALMOST',NULL),(1722,'2015-10-17 00:00:00',1034,17,'TRIED',NULL),(1723,'2015-10-17 00:00:00',1034,19,'TRIED',NULL),(1724,'2015-10-17 00:00:00',1034,18,'SUCCESS',NULL),(1725,'2015-10-17 00:00:00',1034,27,'ALMOST',NULL),(1726,'2015-10-17 00:00:00',1035,17,'SUCCESS',NULL),(1727,'2015-10-17 00:00:00',1035,20,'ALMOST',NULL),(1728,'2015-10-17 00:00:00',1035,27,'TRIED',NULL),(1729,'2015-10-17 00:00:00',1035,16,'ALMOST',NULL),(1730,'2015-10-17 00:00:00',1035,21,'ALMOST',NULL),(1731,'2015-10-17 00:00:00',1039,40,'TRIED',NULL),(1732,'2015-10-17 00:00:00',1039,20,'TRIED',NULL),(1733,'2015-10-17 00:00:00',1039,27,'SUCCESS',NULL),(1734,'2015-10-17 00:00:00',1039,28,'TRIED',NULL),(1735,'2015-10-17 00:00:00',1039,16,'TRIED',NULL),(1736,'2015-10-17 00:00:00',1041,20,'TRIED',NULL),(1737,'2015-10-17 00:00:00',1041,31,'ALMOST',NULL),(1738,'2015-10-17 00:00:00',1041,16,'ALMOST',NULL),(1739,'2015-10-17 00:00:00',1041,22,'ALMOST',NULL),(1740,'2015-10-17 00:00:00',1041,24,'TRIED',NULL),(1741,'2015-10-17 00:00:00',1001,28,'SUCCESS',NULL),(1742,'2015-10-17 00:00:00',1001,29,'SUCCESS',NULL),(1743,'2015-10-17 00:00:00',1001,33,'SUCCESS',NULL),(1744,'2015-10-17 00:00:00',1001,36,'SUCCESS',NULL),(1745,'2015-10-17 00:00:00',1001,37,'ALMOST',NULL),(1746,'2015-10-17 00:00:00',1006,16,'ALMOST',NULL),(1747,'2015-10-17 00:00:00',1006,33,'ALMOST',NULL),(1748,'2015-10-17 00:00:00',1006,34,'SUCCESS',NULL),(1749,'2015-10-17 00:00:00',1006,36,'SUCCESS',NULL),(1750,'2015-10-17 00:00:00',1006,37,'SUCCESS',NULL),(1751,'2015-10-17 00:00:00',1009,43,'ALMOST',NULL),(1752,'2015-10-17 00:00:00',1009,28,'SUCCESS',NULL),(1753,'2015-10-17 00:00:00',1009,39,'TRIED',NULL),(1754,'2015-10-17 00:00:00',1009,22,'SUCCESS',NULL),(1755,'2015-10-17 00:00:00',1009,24,'TRIED',NULL),(1756,'2015-10-17 00:00:00',1011,43,'SUCCESS',NULL),(1757,'2015-10-17 00:00:00',1011,28,'TRIED',NULL),(1758,'2015-10-17 00:00:00',1011,16,'TRIED',NULL),(1759,'2015-10-17 00:00:00',1011,33,'TRIED',NULL),(1760,'2015-10-17 00:00:00',1011,34,'SUCCESS',NULL),(1761,'2015-10-17 00:00:00',1013,1,'SUCCESS',NULL),(1762,'2015-10-17 00:00:00',1013,5,'TRIED',NULL),(1763,'2015-10-17 00:00:00',1013,19,'TRIED',NULL),(1764,'2015-10-17 00:00:00',1013,18,'SUCCESS',NULL),(1765,'2015-10-17 00:00:00',1013,27,'TRIED',NULL),(1766,'2015-10-17 00:00:00',1014,43,'SUCCESS',NULL),(1767,'2015-10-17 00:00:00',1014,28,'ALMOST',NULL),(1768,'2015-10-17 00:00:00',1014,16,'SUCCESS',NULL),(1769,'2015-10-17 00:00:00',1014,24,'SUCCESS',NULL),(1770,'2015-10-17 00:00:00',1014,32,'SUCCESS',NULL),(1771,'2015-10-17 00:00:00',1016,28,'ALMOST',NULL),(1772,'2015-10-17 00:00:00',1016,19,'SUCCESS',NULL),(1773,'2015-10-17 00:00:00',1016,31,'SUCCESS',NULL),(1774,'2015-10-17 00:00:00',1016,35,'TRIED',NULL),(1775,'2015-10-17 00:00:00',1016,16,'TRIED',NULL),(1776,'2015-10-17 00:00:00',1017,17,'SUCCESS',NULL),(1777,'2015-10-17 00:00:00',1017,29,'SUCCESS',NULL),(1778,'2015-10-17 00:00:00',1017,20,'TRIED',NULL),(1779,'2015-10-17 00:00:00',1017,28,'TRIED',NULL),(1780,'2015-10-17 00:00:00',1017,31,'TRIED',NULL),(1781,'2015-10-17 00:00:00',1020,41,'TRIED',NULL),(1782,'2015-10-17 00:00:00',1020,43,'SUCCESS',NULL),(1783,'2015-10-17 00:00:00',1020,28,'SUCCESS',NULL),(1784,'2015-10-17 00:00:00',1020,16,'SUCCESS',NULL),(1785,'2015-10-17 00:00:00',1020,21,'SUCCESS',NULL),(1786,'2015-10-17 00:00:00',1021,41,'TRIED',NULL),(1787,'2015-10-17 00:00:00',1021,20,'TRIED',NULL),(1788,'2015-10-17 00:00:00',1021,35,'TRIED',NULL),(1789,'2015-10-17 00:00:00',1021,16,'TRIED',NULL),(1790,'2015-10-17 00:00:00',1021,21,'SUCCESS',NULL),(1791,'2015-10-17 00:00:00',1022,1,'SUCCESS',NULL),(1792,'2015-10-17 00:00:00',1022,43,'SUCCESS',NULL),(1793,'2015-10-17 00:00:00',1022,16,'SUCCESS',NULL),(1794,'2015-10-17 00:00:00',1022,21,'ALMOST',NULL),(1795,'2015-10-17 00:00:00',1022,24,'TRIED',NULL),(1796,'2015-10-17 00:00:00',1024,29,'TRIED',NULL),(1797,'2015-10-17 00:00:00',1024,20,'TRIED',NULL),(1798,'2015-10-17 00:00:00',1024,27,'TRIED',NULL),(1799,'2015-10-17 00:00:00',1024,28,'TRIED',NULL),(1800,'2015-10-17 00:00:00',1024,39,'SUCCESS',NULL),(1801,'2015-10-17 00:00:00',1025,1,'SUCCESS',NULL),(1802,'2015-10-17 00:00:00',1025,4,'SUCCESS',NULL),(1803,'2015-10-17 00:00:00',1025,5,'SUCCESS',NULL),(1804,'2015-10-17 00:00:00',1025,29,'TRIED',NULL),(1805,'2015-10-17 00:00:00',1025,43,'TRIED',NULL),(1806,'2015-10-17 00:00:00',1027,4,'TRIED',NULL),(1807,'2015-10-17 00:00:00',1027,5,'SUCCESS',NULL),(1808,'2015-10-17 00:00:00',1027,15,'TRIED',NULL),(1809,'2015-10-17 00:00:00',1027,17,'TRIED',NULL),(1810,'2015-10-17 00:00:00',1027,9,'ALMOST',NULL),(1811,'2015-10-17 00:00:00',1038,43,'SUCCESS',NULL),(1812,'2015-10-17 00:00:00',1038,31,'TRIED',NULL),(1813,'2015-10-17 00:00:00',1038,29,'SUCCESS',NULL),(1814,'2015-10-17 00:00:00',1038,22,'SUCCESS',NULL),(1815,'2015-10-17 00:00:00',1038,24,'ALMOST',NULL),(1816,'2015-10-17 00:00:00',1043,16,'SUCCESS',NULL),(1817,'2015-10-17 00:00:00',1043,24,'SUCCESS',NULL),(1818,'2015-10-17 00:00:00',1043,32,'SUCCESS',NULL),(1819,'2015-10-17 00:00:00',1043,33,'SUCCESS',NULL),(1820,'2015-10-17 00:00:00',1043,34,'SUCCESS',NULL),(1821,'0001-01-01 00:00:00',1011,20,'SUCCESS',NULL),(1822,'0001-01-01 00:00:00',1001,37,'SUCCESS',NULL),(1823,'0001-01-01 00:00:00',1043,37,'SUCCESS',NULL),(1824,'0001-01-01 00:00:00',1009,27,'SUCCESS',NULL),(1825,'0001-01-01 00:00:00',1009,43,'SUCCESS',NULL),(1826,'0001-01-01 00:00:00',1022,20,'SUCCESS',NULL),(1827,'0001-01-01 00:00:00',1022,21,'SUCCESS',NULL),(1828,'0001-01-01 00:00:00',1040,21,'SUCCESS',NULL),(1829,'0001-01-01 00:00:00',1036,18,'SUCCESS',NULL),(1830,'0001-01-01 00:00:00',1038,5,'SUCCESS',NULL),(1831,'0001-01-01 00:00:00',1038,20,'SUCCESS',NULL),(1832,'0001-01-01 00:00:00',1038,24,'SUCCESS',NULL),(1833,'0001-01-01 00:00:00',1015,27,'SUCCESS',NULL),(1834,'0001-01-01 00:00:00',1015,28,'SUCCESS',NULL),(1835,'0001-01-01 00:00:00',1006,16,'SUCCESS',NULL),(1836,'0001-01-01 00:00:00',1006,33,'SUCCESS',NULL),(1837,'0001-01-01 00:00:00',1029,17,'SUCCESS',NULL),(1838,'0001-01-01 00:00:00',1041,16,'SUCCESS',NULL),(1839,'0001-01-01 00:00:00',1041,22,'SUCCESS',NULL),(1840,'0001-01-01 00:00:00',1041,28,'SUCCESS',NULL),(1841,'0001-01-01 00:00:00',1028,24,'SUCCESS',NULL),(1842,'0001-01-01 00:00:00',1005,24,'SUCCESS',NULL),(1843,'0001-01-01 00:00:00',1005,20,'SUCCESS',NULL),(1844,'0001-01-01 00:00:00',1005,28,'SUCCESS',NULL),(1845,'2015-10-24 00:00:00',1004,7,'SUCCESS',NULL),(1846,'2015-10-24 00:00:00',1004,20,'TRIED',NULL),(1847,'2015-10-24 00:00:00',1004,31,'TRIED',NULL),(1848,'2015-10-24 00:00:00',1004,35,'TRIED',NULL),(1849,'2015-10-24 00:00:00',1004,9,'SUCCESS',NULL),(1850,'2015-10-24 00:00:00',1004,21,'EXPOSED',NULL),(1851,'2015-10-24 00:00:00',1004,24,'EXPOSED',NULL),(1852,'2015-10-24 00:00:00',1008,20,'TRIED',NULL),(1853,'2015-10-24 00:00:00',1008,31,'SUCCESS',NULL),(1854,'2015-10-24 00:00:00',1008,7,'TRIED',NULL),(1855,'2015-10-24 00:00:00',1008,21,'TRIED',NULL),(1856,'2015-10-24 00:00:00',1008,24,'SUCCESS',NULL),(1857,'2015-10-24 00:00:00',1008,32,'EXPOSED',NULL),(1858,'2015-10-24 00:00:00',1008,33,'EXPOSED',NULL),(1859,'2015-10-24 00:00:00',1019,31,'SUCCESS',NULL),(1860,'2015-10-24 00:00:00',1019,35,'TRIED',NULL),(1861,'2015-10-24 00:00:00',1019,22,'SUCCESS',NULL),(1862,'2015-10-24 00:00:00',1019,24,'TRIED',NULL),(1863,'2015-10-24 00:00:00',1019,32,'SUCCESS',NULL),(1864,'2015-10-24 00:00:00',1019,33,'EXPOSED',NULL),(1865,'2015-10-24 00:00:00',1019,34,'EXPOSED',NULL),(1866,'2015-10-24 00:00:00',1023,13,'SUCCESS',NULL),(1867,'2015-10-24 00:00:00',1023,24,'ALMOST',NULL),(1868,'2015-10-24 00:00:00',1023,32,'SUCCESS',NULL),(1869,'2015-10-24 00:00:00',1023,33,'TRIED',NULL),(1870,'2015-10-24 00:00:00',1023,34,'SUCCESS',NULL),(1871,'2015-10-24 00:00:00',1023,36,'EXPOSED',NULL),(1872,'2015-10-24 00:00:00',1023,37,'EXPOSED',NULL),(1873,'2015-10-24 00:00:00',1026,43,'SUCCESS',NULL),(1874,'2015-10-24 00:00:00',1026,22,'SUCCESS',NULL),(1875,'2015-10-24 00:00:00',1026,32,'SUCCESS',NULL),(1876,'2015-10-24 00:00:00',1026,33,'TRIED',NULL),(1877,'2015-10-24 00:00:00',1026,34,'TRIED',NULL),(1878,'2015-10-24 00:00:00',1026,36,'SUCCESS',NULL),(1879,'2015-10-24 00:00:00',1026,37,'SUCCESS',NULL),(1880,'2015-10-24 00:00:00',1031,4,'ALMOST',NULL),(1881,'2015-10-24 00:00:00',1031,31,'ALMOST',NULL),(1882,'2015-10-24 00:00:00',1031,39,'TRIED',NULL),(1883,'2015-10-24 00:00:00',1031,21,'ALMOST',NULL),(1884,'2015-10-24 00:00:00',1031,24,'TRIED',NULL),(1885,'2015-10-24 00:00:00',1031,32,'EXPOSED',NULL),(1886,'2015-10-24 00:00:00',1031,33,'EXPOSED',NULL),(1887,'2015-10-24 00:00:00',1032,19,'SUCCESS',NULL),(1888,'2015-10-24 00:00:00',1032,24,'SUCCESS',NULL),(1889,'2015-10-24 00:00:00',1032,32,'ALMOST',NULL),(1890,'2015-10-24 00:00:00',1032,33,'TRIED',NULL),(1891,'2015-10-24 00:00:00',1032,34,'TRIED',NULL),(1892,'2015-10-24 00:00:00',1032,36,'SUCCESS',NULL),(1893,'2015-10-24 00:00:00',1032,37,'TRIED',NULL),(1894,'2015-10-24 00:00:00',1036,24,'TRIED',NULL),(1895,'2015-10-24 00:00:00',1036,32,'ALMOST',NULL),(1896,'2015-10-24 00:00:00',1036,33,'TRIED',NULL),(1897,'2015-10-24 00:00:00',1036,34,'TRIED',NULL),(1898,'2015-10-24 00:00:00',1036,36,'SUCCESS',NULL),(1899,'2015-10-24 00:00:00',1036,37,'SUCCESS',NULL),(1900,'2015-10-24 00:00:00',1036,38,'SUCCESS',NULL),(1901,'2015-10-24 00:00:00',1037,43,'SUCCESS',NULL),(1902,'2015-10-24 00:00:00',1037,18,'SUCCESS',NULL),(1903,'2015-10-24 00:00:00',1037,27,'SUCCESS',NULL),(1904,'2015-10-24 00:00:00',1037,16,'SUCCESS',NULL),(1905,'2015-10-24 00:00:00',1037,21,'TRIED',NULL),(1906,'2015-10-24 00:00:00',1037,24,'EXPOSED',NULL),(1907,'2015-10-24 00:00:00',1037,32,'EXPOSED',NULL),(1908,'2015-10-24 00:00:00',1040,19,'SUCCESS',NULL),(1909,'2015-10-24 00:00:00',1040,31,'TRIED',NULL),(1910,'2015-10-24 00:00:00',1040,24,'TRIED',NULL),(1911,'2015-10-24 00:00:00',1040,32,'SUCCESS',NULL),(1912,'2015-10-24 00:00:00',1040,33,'SUCCESS',NULL),(1913,'2015-10-24 00:00:00',1040,34,'EXPOSED',NULL),(1914,'2015-10-24 00:00:00',1040,36,'EXPOSED',NULL),(1915,'2015-10-24 00:00:00',1042,43,'SUCCESS',NULL),(1916,'2015-10-24 00:00:00',1042,35,'ALMOST',NULL),(1917,'2015-10-24 00:00:00',1042,22,'ALMOST',NULL),(1918,'2015-10-24 00:00:00',1042,24,'TRIED',NULL),(1919,'2015-10-24 00:00:00',1042,32,'ALMOST',NULL),(1920,'2015-10-24 00:00:00',1042,33,'EXPOSED',NULL),(1921,'2015-10-24 00:00:00',1042,34,'EXPOSED',NULL),(1922,'2015-10-24 00:00:00',1002,9,'SUCCESS',NULL),(1923,'2015-10-24 00:00:00',1002,34,'SUCCESS',NULL),(1924,'2015-10-24 00:00:00',1002,36,'SUCCESS',NULL),(1925,'2015-10-24 00:00:00',1002,37,'SUCCESS',NULL),(1926,'2015-10-24 00:00:00',1002,38,'SUCCESS',NULL),(1927,'2015-10-24 00:00:00',1002,44,'SUCCESS',NULL),(1928,'2015-10-24 00:00:00',1002,54,'SUCCESS',NULL),(1929,'2015-10-24 00:00:00',1003,5,'SUCCESS',NULL),(1930,'2015-10-24 00:00:00',1003,11,'TRIED',NULL),(1931,'2015-10-24 00:00:00',1003,20,'TRIED',NULL),(1932,'2015-10-24 00:00:00',1003,18,'TRIED',NULL),(1933,'2015-10-24 00:00:00',1003,27,'ALMOST',NULL),(1934,'2015-10-24 00:00:00',1003,29,'EXPOSED',NULL),(1935,'2015-10-24 00:00:00',1003,21,'EXPOSED',NULL),(1936,'2015-10-24 00:00:00',1005,33,'TRIED',NULL),(1937,'2015-10-24 00:00:00',1005,34,'SUCCESS',NULL),(1938,'2015-10-24 00:00:00',1005,36,'SUCCESS',NULL),(1939,'2015-10-24 00:00:00',1005,37,'SUCCESS',NULL),(1940,'2015-10-24 00:00:00',1005,38,'TRIED',NULL),(1941,'2015-10-24 00:00:00',1005,44,'TRIED',NULL),(1942,'2015-10-24 00:00:00',1005,54,'TRIED',NULL),(1943,'2015-10-24 00:00:00',1012,11,'TRIED',NULL),(1944,'2015-10-24 00:00:00',1012,19,'SUCCESS',NULL),(1945,'2015-10-24 00:00:00',1012,13,'SUCCESS',NULL),(1946,'2015-10-24 00:00:00',1012,39,'SUCCESS',NULL),(1947,'2015-10-24 00:00:00',1012,21,'SUCCESS',NULL),(1948,'2015-10-24 00:00:00',1012,24,'SUCCESS',NULL),(1949,'2015-10-24 00:00:00',1012,32,'SUCCESS',NULL),(1950,'2015-10-24 00:00:00',1015,33,'SUCCESS',NULL),(1951,'2015-10-24 00:00:00',1015,37,'SUCCESS',NULL),(1952,'2015-10-24 00:00:00',1015,38,'SUCCESS',NULL),(1953,'2015-10-24 00:00:00',1015,44,'SUCCESS',NULL),(1954,'2015-10-24 00:00:00',1015,54,'SUCCESS',NULL),(1955,'2015-10-24 00:00:00',1015,55,'EXPOSED',NULL),(1956,'2015-10-24 00:00:00',1018,9,'TRIED',NULL),(1957,'2015-10-24 00:00:00',1018,33,'TRIED',NULL),(1958,'2015-10-24 00:00:00',1018,34,'TRIED',NULL),(1959,'2015-10-24 00:00:00',1018,36,'SUCCESS',NULL),(1960,'2015-10-24 00:00:00',1018,37,'SUCCESS',NULL),(1961,'2015-10-24 00:00:00',1018,38,'SUCCESS',NULL),(1962,'2015-10-24 00:00:00',1018,44,'SUCCESS',NULL),(1963,'2015-10-24 00:00:00',1028,43,'SUCCESS',NULL),(1964,'2015-10-24 00:00:00',1028,31,'TRIED',NULL),(1965,'2015-10-24 00:00:00',1028,32,'SUCCESS',NULL),(1966,'2015-10-24 00:00:00',1028,33,'TRIED',NULL),(1967,'2015-10-24 00:00:00',1028,34,'TRIED',NULL),(1968,'2015-10-24 00:00:00',1028,36,'EXPOSED',NULL),(1969,'2015-10-24 00:00:00',1028,37,'EXPOSED',NULL),(1970,'2015-10-24 00:00:00',1030,29,'SUCCESS',NULL),(1971,'2015-10-24 00:00:00',1030,24,'ALMOST',NULL),(1972,'2015-10-24 00:00:00',1030,32,'SUCCESS',NULL),(1973,'2015-10-24 00:00:00',1030,33,'TRIED',NULL),(1974,'2015-10-24 00:00:00',1030,34,'TRIED',NULL),(1975,'2015-10-24 00:00:00',1030,36,'EXPOSED',NULL),(1976,'2015-10-24 00:00:00',1030,37,'EXPOSED',NULL),(1977,'2015-10-24 00:00:00',1033,33,'SUCCESS',NULL),(1978,'2015-10-24 00:00:00',1033,34,'TRIED',NULL),(1979,'2015-10-24 00:00:00',1033,36,'TRIED',NULL),(1980,'2015-10-24 00:00:00',1033,37,'TRIED',NULL),(1981,'2015-10-24 00:00:00',1033,38,'TRIED',NULL),(1982,'2015-10-24 00:00:00',1033,44,'EXPOSED',NULL),(1983,'2015-10-24 00:00:00',1033,54,'EXPOSED',NULL),(1984,'2015-10-24 00:00:00',1034,4,'TRIED',NULL),(1985,'2015-10-24 00:00:00',1034,20,'TRIED',NULL),(1986,'2015-10-24 00:00:00',1034,16,'TRIED',NULL),(1987,'2015-10-24 00:00:00',1034,21,'SUCCESS',NULL),(1988,'2015-10-24 00:00:00',1034,24,'TRIED',NULL),(1989,'2015-10-24 00:00:00',1034,32,'EXPOSED',NULL),(1990,'2015-10-24 00:00:00',1034,33,'EXPOSED',NULL),(1991,'2015-10-24 00:00:00',1035,28,'SUCCESS',NULL),(1992,'2015-10-24 00:00:00',1035,24,'SUCCESS',NULL),(1993,'2015-10-24 00:00:00',1035,32,'SUCCESS',NULL),(1994,'2015-10-24 00:00:00',1035,33,'SUCCESS',NULL),(1995,'2015-10-24 00:00:00',1035,34,'SUCCESS',NULL),(1996,'2015-10-24 00:00:00',1035,36,'EXPOSED',NULL),(1997,'2015-10-24 00:00:00',1035,37,'EXPOSED',NULL),(1998,'2015-10-24 00:00:00',1041,43,'TRIED',NULL),(1999,'2015-10-24 00:00:00',1041,24,'SUCCESS',NULL),(2000,'2015-10-24 00:00:00',1041,32,'TRIED',NULL),(2001,'2015-10-24 00:00:00',1041,33,'TRIED',NULL),(2002,'2015-10-24 00:00:00',1041,34,'TRIED',NULL),(2003,'2015-10-24 00:00:00',1041,36,'EXPOSED',NULL),(2004,'2015-10-24 00:00:00',1041,37,'EXPOSED',NULL),(2005,'2015-10-24 00:00:00',1001,44,'SUCCESS',NULL),(2006,'2015-10-24 00:00:00',1001,54,'SUCCESS',NULL),(2007,'2015-10-24 00:00:00',1001,55,'ALMOST',NULL),(2008,'2015-10-24 00:00:00',1006,38,'SUCCESS',NULL),(2009,'2015-10-24 00:00:00',1006,44,'SUCCESS',NULL),(2010,'2015-10-24 00:00:00',1006,54,'TRIED',NULL),(2011,'2015-10-24 00:00:00',1006,55,'TRIED',NULL),(2012,'2015-10-24 00:00:00',1009,7,'SUCCESS',NULL),(2013,'2015-10-24 00:00:00',1009,24,'SUCCESS',NULL),(2014,'2015-10-24 00:00:00',1009,32,'SUCCESS',NULL),(2015,'2015-10-24 00:00:00',1009,33,'ALMOST',NULL),(2016,'2015-10-24 00:00:00',1009,34,'SUCCESS',NULL),(2017,'2015-10-24 00:00:00',1009,36,'SUCCESS',NULL),(2018,'2015-10-24 00:00:00',1009,37,'SUCCESS',NULL),(2019,'2015-10-24 00:00:00',1011,31,'SUCCESS',NULL),(2020,'2015-10-24 00:00:00',1011,29,'SUCCESS',NULL),(2021,'2015-10-24 00:00:00',1011,33,'SUCCESS',NULL),(2022,'2015-10-24 00:00:00',1011,36,'SUCCESS',NULL),(2023,'2015-10-24 00:00:00',1011,37,'SUCCESS',NULL),(2024,'2015-10-24 00:00:00',1011,38,'EXPOSED',NULL),(2025,'2015-10-24 00:00:00',1011,44,'EXPOSED',NULL),(2026,'2015-10-24 00:00:00',1014,33,'SUCCESS',NULL),(2027,'2015-10-24 00:00:00',1014,36,'SUCCESS',NULL),(2028,'2015-10-24 00:00:00',1014,37,'SUCCESS',NULL),(2029,'2015-10-24 00:00:00',1014,38,'SUCCESS',NULL),(2030,'2015-10-24 00:00:00',1014,44,'SUCCESS',NULL),(2031,'2015-10-24 00:00:00',1014,54,'TRIED',NULL),(2032,'2015-10-24 00:00:00',1014,55,'SUCCESS',NULL),(2033,'2015-10-24 00:00:00',1016,12,'SUCCESS',NULL),(2034,'2015-10-24 00:00:00',1016,29,'SUCCESS',NULL),(2035,'2015-10-24 00:00:00',1016,21,'SUCCESS',NULL),(2036,'2015-10-24 00:00:00',1016,24,'SUCCESS',NULL),(2037,'2015-10-24 00:00:00',1016,32,'ALMOST',NULL),(2038,'2015-10-24 00:00:00',1016,33,'TRIED',NULL),(2039,'2015-10-24 00:00:00',1016,34,'SUCCESS',NULL),(2040,'2015-10-24 00:00:00',1017,43,'TRIED',NULL),(2041,'2015-10-24 00:00:00',1017,35,'TRIED',NULL),(2042,'2015-10-24 00:00:00',1017,12,'ALMOST',NULL),(2043,'2015-10-24 00:00:00',1017,39,'TRIED',NULL),(2044,'2015-10-24 00:00:00',1017,21,'SUCCESS',NULL),(2045,'2015-10-24 00:00:00',1017,24,'EXPOSED',NULL),(2046,'2015-10-24 00:00:00',1017,32,'EXPOSED',NULL),(2047,'2015-10-24 00:00:00',1020,11,'SUCCESS',NULL),(2048,'2015-10-24 00:00:00',1020,24,'SUCCESS',NULL),(2049,'2015-10-24 00:00:00',1020,32,'SUCCESS',NULL),(2050,'2015-10-24 00:00:00',1020,33,'SUCCESS',NULL),(2051,'2015-10-24 00:00:00',1020,34,'SUCCESS',NULL),(2052,'2015-10-24 00:00:00',1020,36,'EXPOSED',NULL),(2053,'2015-10-24 00:00:00',1020,37,'EXPOSED',NULL),(2054,'2015-10-24 00:00:00',1021,11,'SUCCESS',NULL),(2055,'2015-10-24 00:00:00',1021,43,'SUCCESS',NULL),(2056,'2015-10-24 00:00:00',1021,29,'SUCCESS',NULL),(2057,'2015-10-24 00:00:00',1021,24,'SUCCESS',NULL),(2058,'2015-10-24 00:00:00',1021,32,'ALMOST',NULL),(2059,'2015-10-24 00:00:00',1021,33,'TRIED',NULL),(2060,'2015-10-24 00:00:00',1021,34,'SUCCESS',NULL),(2061,'2015-10-24 00:00:00',1022,24,'SUCCESS',NULL),(2062,'2015-10-24 00:00:00',1022,32,'SUCCESS',NULL),(2063,'2015-10-24 00:00:00',1022,33,'TRIED',NULL),(2064,'2015-10-24 00:00:00',1022,34,'ALMOST',NULL),(2065,'2015-10-24 00:00:00',1022,36,'SUCCESS',NULL),(2066,'2015-10-24 00:00:00',1022,37,'SUCCESS',NULL),(2067,'2015-10-24 00:00:00',1022,38,'ALMOST',NULL),(2068,'2015-10-24 00:00:00',1024,43,'TRIED',NULL),(2069,'2015-10-24 00:00:00',1024,31,'SUCCESS',NULL),(2070,'2015-10-24 00:00:00',1024,35,'ALMOST',NULL),(2071,'2015-10-24 00:00:00',1024,7,'TRIED',NULL),(2072,'2015-10-24 00:00:00',1024,21,'TRIED',NULL),(2073,'2015-10-24 00:00:00',1024,24,'EXPOSED',NULL),(2074,'2015-10-24 00:00:00',1024,32,'EXPOSED',NULL),(2075,'2015-10-24 00:00:00',1025,19,'TRIED',NULL),(2076,'2015-10-24 00:00:00',1025,18,'SUCCESS',NULL),(2077,'2015-10-24 00:00:00',1025,27,'TRIED',NULL),(2078,'2015-10-24 00:00:00',1025,39,'SUCCESS',NULL),(2079,'2015-10-24 00:00:00',1025,21,'TRIED',NULL),(2080,'2015-10-24 00:00:00',1025,24,'EXPOSED',NULL),(2081,'2015-10-24 00:00:00',1025,32,'EXPOSED',NULL),(2082,'2015-10-24 00:00:00',1027,4,'SUCCESS',NULL),(2083,'2015-10-24 00:00:00',1027,41,'TRIED',NULL),(2084,'2015-10-24 00:00:00',1027,40,'ALMOST',NULL),(2085,'2015-10-24 00:00:00',1027,12,'SUCCESS',NULL),(2086,'2015-10-24 00:00:00',1027,13,'TRIED',NULL),(2087,'2015-10-24 00:00:00',1027,42,'EXPOSED',NULL),(2088,'2015-10-24 00:00:00',1027,16,'EXPOSED',NULL),(2089,'2015-10-24 00:00:00',1038,35,'SUCCESS',NULL),(2090,'2015-10-24 00:00:00',1038,32,'SUCCESS',NULL),(2091,'2015-10-24 00:00:00',1038,33,'SUCCESS',NULL),(2092,'2015-10-24 00:00:00',1038,34,'SUCCESS',NULL),(2093,'2015-10-24 00:00:00',1038,36,'SUCCESS',NULL),(2094,'2015-10-24 00:00:00',1038,37,'EXPOSED',NULL),(2095,'2015-10-24 00:00:00',1038,38,'EXPOSED',NULL),(2096,'2015-10-24 00:00:00',1043,38,'SUCCESS',NULL),(2097,'2015-10-24 00:00:00',1043,44,'SUCCESS',NULL),(2098,'2015-10-24 00:00:00',1043,54,'SUCCESS',NULL),(2099,'2015-10-24 00:00:00',1043,55,'SUCCESS',NULL),(2100,'0001-01-01 00:00:00',1032,27,'SUCCESS',NULL),(2101,'2015-10-31 00:00:00',1001,66,'SUCCESS',NULL),(2102,'2015-10-31 00:00:00',1001,67,'SUCCESS',NULL),(2103,'2015-10-31 00:00:00',1001,56,'SUCCESS',NULL),(2104,'2015-10-31 00:00:00',1001,58,'TRIED',NULL),(2105,'2015-10-31 00:00:00',1001,59,'SUCCESS',NULL),(2106,'2015-10-31 00:00:00',1001,75,'TRIED',NULL),(2107,'2015-10-31 00:00:00',1006,54,'SUCCESS',NULL),(2108,'2015-10-31 00:00:00',1006,55,'SUCCESS',NULL),(2109,'2015-10-31 00:00:00',1006,66,'SUCCESS',NULL),(2110,'2015-10-31 00:00:00',1006,67,'SUCCESS',NULL),(2111,'2015-10-31 00:00:00',1006,56,'ALMOST',NULL),(2112,'2015-10-31 00:00:00',1006,58,'EXPOSED',NULL),(2113,'2015-10-31 00:00:00',1006,59,'EXPOSED',NULL),(2114,'2015-10-31 00:00:00',1044,1,'TRIED',NULL),(2115,'2015-10-31 00:00:00',1044,24,'SUCCESS',NULL),(2116,'2015-10-31 00:00:00',1044,4,'TRIED',NULL),(2117,'2015-10-31 00:00:00',1044,36,'SUCCESS',NULL),(2118,'2015-10-31 00:00:00',1044,5,'TRIED',NULL),(2119,'2015-10-31 00:00:00',1044,44,'EXPOSED',NULL),(2120,'2015-10-31 00:00:00',1044,2,'EXPOSED',NULL),(2121,'2015-10-31 00:00:00',1009,38,'TRIED',NULL),(2122,'2015-10-31 00:00:00',1009,44,'SUCCESS',NULL),(2123,'2015-10-31 00:00:00',1009,54,'SUCCESS',NULL),(2124,'2015-10-31 00:00:00',1009,55,'TRIED',NULL),(2125,'2015-10-31 00:00:00',1009,66,'SUCCESS',NULL),(2126,'2015-10-31 00:00:00',1009,67,'SUCCESS',NULL),(2127,'2015-10-31 00:00:00',1009,56,'TRIED',NULL),(2128,'2015-10-31 00:00:00',1011,38,'SUCCESS',NULL),(2129,'2015-10-31 00:00:00',1011,44,'SUCCESS',NULL),(2130,'2015-10-31 00:00:00',1011,54,'SUCCESS',NULL),(2131,'2015-10-31 00:00:00',1011,66,'SUCCESS',NULL),(2132,'2015-10-31 00:00:00',1011,67,'SUCCESS',NULL),(2133,'2015-10-31 00:00:00',1011,56,'EXPOSED',NULL),(2134,'2015-10-31 00:00:00',1013,5,'SUCCESS',NULL),(2135,'2015-10-31 00:00:00',1013,20,'TRIED',NULL),(2136,'2015-10-31 00:00:00',1013,28,'SUCCESS',NULL),(2137,'2015-10-31 00:00:00',1013,16,'SUCCESS',NULL),(2138,'2015-10-31 00:00:00',1013,21,'TRIED',NULL),(2139,'2015-10-31 00:00:00',1013,24,'EXPOSED',NULL),(2140,'2015-10-31 00:00:00',1013,32,'EXPOSED',NULL),(2141,'2015-10-31 00:00:00',1014,54,'SUCCESS',NULL),(2142,'2015-10-31 00:00:00',1014,66,'SUCCESS',NULL),(2143,'2015-10-31 00:00:00',1014,67,'SUCCESS',NULL),(2144,'2015-10-31 00:00:00',1014,56,'SUCCESS',NULL),(2145,'2015-10-31 00:00:00',1014,58,'SUCCESS',NULL),(2146,'2015-10-31 00:00:00',1014,59,'TRIED',NULL),(2147,'2015-10-31 00:00:00',1014,75,'TRIED',NULL),(2148,'2015-10-31 00:00:00',1016,81,'TRIED',NULL),(2149,'2015-10-31 00:00:00',1016,36,'SUCCESS',NULL),(2150,'2015-10-31 00:00:00',1016,37,'SUCCESS',NULL),(2151,'2015-10-31 00:00:00',1016,38,'TRIED',NULL),(2152,'2015-10-31 00:00:00',1016,44,'SUCCESS',NULL),(2153,'2015-10-31 00:00:00',1016,54,'EXPOSED',NULL),(2154,'2015-10-31 00:00:00',1016,55,'EXPOSED',NULL),(2155,'2015-10-31 00:00:00',1017,19,'TRIED',NULL),(2156,'2015-10-31 00:00:00',1017,79,'TRIED',NULL),(2157,'2015-10-31 00:00:00',1017,73,'TRIED',NULL),(2158,'2015-10-31 00:00:00',1017,24,'TRIED',NULL),(2159,'2015-10-31 00:00:00',1017,32,'SUCCESS',NULL),(2160,'2015-10-31 00:00:00',1017,33,'EXPOSED',NULL),(2161,'2015-10-31 00:00:00',1017,34,'EXPOSED',NULL),(2162,'2015-10-31 00:00:00',1020,36,'SUCCESS',NULL),(2163,'2015-10-31 00:00:00',1020,37,'SUCCESS',NULL),(2164,'2015-10-31 00:00:00',1020,38,'SUCCESS',NULL),(2165,'2015-10-31 00:00:00',1020,44,'SUCCESS',NULL),(2166,'2015-10-31 00:00:00',1020,54,'SUCCESS',NULL),(2167,'2015-10-31 00:00:00',1020,55,'SUCCESS',NULL),(2168,'2015-10-31 00:00:00',1020,66,'SUCCESS',NULL),(2169,'2015-10-31 00:00:00',1021,81,'TRIED',NULL),(2170,'2015-10-31 00:00:00',1021,36,'SUCCESS',NULL),(2171,'2015-10-31 00:00:00',1021,37,'SUCCESS',NULL),(2172,'2015-10-31 00:00:00',1021,38,'SUCCESS',NULL),(2173,'2015-10-31 00:00:00',1021,44,'SUCCESS',NULL),(2174,'2015-10-31 00:00:00',1021,54,'SUCCESS',NULL),(2175,'2015-10-31 00:00:00',1021,55,'TRIED',NULL),(2176,'2015-10-31 00:00:00',1022,81,'TRIED',NULL),(2177,'2015-10-31 00:00:00',1022,44,'SUCCESS',NULL),(2178,'2015-10-31 00:00:00',1022,54,'TRIED',NULL),(2179,'2015-10-31 00:00:00',1022,55,'TRIED',NULL),(2180,'2015-10-31 00:00:00',1022,66,'SUCCESS',NULL),(2181,'2015-10-31 00:00:00',1022,67,'EXPOSED',NULL),(2182,'2015-10-31 00:00:00',1022,56,'EXPOSED',NULL),(2183,'2015-10-31 00:00:00',1024,19,'TRIED',NULL),(2184,'2015-10-31 00:00:00',1024,73,'TRIED',NULL),(2185,'2015-10-31 00:00:00',1024,22,'SUCCESS',NULL),(2186,'2015-10-31 00:00:00',1024,24,'SUCCESS',NULL),(2187,'2015-10-31 00:00:00',1024,32,'SUCCESS',NULL),(2188,'2015-10-31 00:00:00',1024,33,'EXPOSED',NULL),(2189,'2015-10-31 00:00:00',1024,34,'EXPOSED',NULL),(2190,'2015-10-31 00:00:00',1025,19,'TRIED',NULL),(2191,'2015-10-31 00:00:00',1025,28,'TRIED',NULL),(2192,'2015-10-31 00:00:00',1025,22,'SUCCESS',NULL),(2193,'2015-10-31 00:00:00',1025,24,'SUCCESS',NULL),(2194,'2015-10-31 00:00:00',1025,32,'SUCCESS',NULL),(2195,'2015-10-31 00:00:00',1025,33,'EXPOSED',NULL),(2196,'2015-10-31 00:00:00',1025,34,'EXPOSED',NULL),(2197,'2015-10-31 00:00:00',1027,77,'TRIED',NULL),(2198,'2015-10-31 00:00:00',1027,18,'SUCCESS',NULL),(2199,'2015-10-31 00:00:00',1027,42,'TRIED',NULL),(2200,'2015-10-31 00:00:00',1027,16,'ALMOST',NULL),(2201,'2015-10-31 00:00:00',1027,19,'TRIED',NULL),(2202,'2015-10-31 00:00:00',1027,27,'EXPOSED',NULL),(2203,'2015-10-31 00:00:00',1027,28,'EXPOSED',NULL),(2204,'2015-10-31 00:00:00',1038,37,'TRIED',NULL),(2205,'2015-10-31 00:00:00',1038,38,'TRIED',NULL),(2206,'2015-10-31 00:00:00',1038,44,'SUCCESS',NULL),(2207,'2015-10-31 00:00:00',1038,54,'SUCCESS',NULL),(2208,'2015-10-31 00:00:00',1038,55,'ALMOST',NULL),(2209,'2015-10-31 00:00:00',1038,66,'SUCCESS',NULL),(2210,'2015-10-31 00:00:00',1038,67,'TRIED',NULL),(2211,'2015-10-31 00:00:00',1043,66,'SUCCESS',NULL),(2212,'2015-10-31 00:00:00',1043,67,'SUCCESS',NULL),(2213,'2015-10-31 00:00:00',1043,56,'SUCCESS',NULL),(2214,'2015-10-31 00:00:00',1043,58,'SUCCESS',NULL),(2215,'2015-10-31 00:00:00',1043,59,'SUCCESS',NULL),(2216,'2015-10-31 00:00:00',1043,75,'TRIED',NULL),(2217,'2015-10-31 00:00:00',1002,55,'SUCCESS',NULL),(2218,'2015-10-31 00:00:00',1002,66,'SUCCESS',NULL),(2219,'2015-10-31 00:00:00',1002,67,'SUCCESS',NULL),(2220,'2015-10-31 00:00:00',1002,56,'ALMOST',NULL),(2221,'2015-10-31 00:00:00',1002,58,'TRIED',NULL),(2222,'2015-10-31 00:00:00',1002,59,'EXPOSED',NULL),(2223,'2015-10-31 00:00:00',1002,75,'EXPOSED',NULL),(2224,'2015-10-31 00:00:00',1003,77,'TRIED',NULL),(2225,'2015-10-31 00:00:00',1003,43,'TRIED',NULL),(2226,'2015-10-31 00:00:00',1003,28,'TRIED',NULL),(2227,'2015-10-31 00:00:00',1003,29,'TRIED',NULL),(2228,'2015-10-31 00:00:00',1003,21,'TRIED',NULL),(2229,'2015-10-31 00:00:00',1003,24,'EXPOSED',NULL),(2230,'2015-10-31 00:00:00',1003,32,'EXPOSED',NULL),(2231,'2015-10-31 00:00:00',1005,81,'TRIED',NULL),(2232,'2015-10-31 00:00:00',1005,48,'ALMOST',NULL),(2233,'2015-10-31 00:00:00',1005,45,'SUCCESS',NULL),(2234,'2015-10-31 00:00:00',1005,55,'TRIED',NULL),(2235,'2015-10-31 00:00:00',1005,54,'SUCCESS',NULL),(2236,'2015-10-31 00:00:00',1005,66,'EXPOSED',NULL),(2237,'2015-10-31 00:00:00',1005,67,'EXPOSED',NULL),(2238,'2015-10-31 00:00:00',1012,77,'TRIED',NULL),(2239,'2015-10-31 00:00:00',1012,33,'SUCCESS',NULL),(2240,'2015-10-31 00:00:00',1012,34,'ALMOST',NULL),(2241,'2015-10-31 00:00:00',1012,36,'SUCCESS',NULL),(2242,'2015-10-31 00:00:00',1012,37,'TRIED',NULL),(2243,'2015-10-31 00:00:00',1012,38,'SUCCESS',NULL),(2244,'2015-10-31 00:00:00',1012,44,'SUCCESS',NULL),(2245,'2015-10-31 00:00:00',1015,55,'SUCCESS',NULL),(2246,'2015-10-31 00:00:00',1015,66,'SUCCESS',NULL),(2247,'2015-10-31 00:00:00',1015,67,'SUCCESS',NULL),(2248,'2015-10-31 00:00:00',1015,56,'TRIED',NULL),(2249,'2015-10-31 00:00:00',1015,58,'SUCCESS',NULL),(2250,'2015-10-31 00:00:00',1015,59,'EXPOSED',NULL),(2251,'2015-10-31 00:00:00',1015,75,'EXPOSED',NULL),(2252,'2015-10-31 00:00:00',1018,81,'TRIED',NULL),(2253,'2015-10-31 00:00:00',1018,80,'TRIED',NULL),(2254,'2015-10-31 00:00:00',1018,54,'SUCCESS',NULL),(2255,'2015-10-31 00:00:00',1018,55,'ALMOST',NULL),(2256,'2015-10-31 00:00:00',1018,66,'SUCCESS',NULL),(2257,'2015-10-31 00:00:00',1018,67,'EXPOSED',NULL),(2258,'2015-10-31 00:00:00',1018,56,'EXPOSED',NULL),(2259,'2015-10-31 00:00:00',1028,35,'SUCCESS',NULL),(2260,'2015-10-31 00:00:00',1028,81,'TRIED',NULL),(2261,'2015-10-31 00:00:00',1028,80,'TRIED',NULL),(2262,'2015-10-31 00:00:00',1028,36,'SUCCESS',NULL),(2263,'2015-10-31 00:00:00',1028,37,'SUCCESS',NULL),(2264,'2015-10-31 00:00:00',1028,38,'EXPOSED',NULL),(2265,'2015-10-31 00:00:00',1028,44,'EXPOSED',NULL),(2266,'2015-10-31 00:00:00',1030,81,'TRIED',NULL),(2267,'2015-10-31 00:00:00',1030,80,'ALMOST',NULL),(2268,'2015-10-31 00:00:00',1030,36,'SUCCESS',NULL),(2269,'2015-10-31 00:00:00',1030,37,'SUCCESS',NULL),(2270,'2015-10-31 00:00:00',1030,38,'TRIED',NULL),(2271,'2015-10-31 00:00:00',1030,44,'EXPOSED',NULL),(2272,'2015-10-31 00:00:00',1030,54,'EXPOSED',NULL),(2273,'2015-10-31 00:00:00',1033,80,'SUCCESS',NULL),(2274,'2015-10-31 00:00:00',1033,36,'SUCCESS',NULL),(2275,'2015-10-31 00:00:00',1033,37,'SUCCESS',NULL),(2276,'2015-10-31 00:00:00',1033,48,'SUCCESS',NULL),(2277,'2015-10-31 00:00:00',1033,44,'SUCCESS',NULL),(2278,'2015-10-31 00:00:00',1033,54,'EXPOSED',NULL),(2279,'2015-10-31 00:00:00',1033,55,'EXPOSED',NULL),(2280,'2015-10-31 00:00:00',1034,4,'TRIED',NULL),(2281,'2015-10-31 00:00:00',1034,43,'SUCCESS',NULL),(2282,'2015-10-31 00:00:00',1034,29,'SUCCESS',NULL),(2283,'2015-10-31 00:00:00',1034,26,'TRIED',NULL),(2284,'2015-10-31 00:00:00',1034,32,'SUCCESS',NULL),(2285,'2015-10-31 00:00:00',1034,33,'EXPOSED',NULL),(2286,'2015-10-31 00:00:00',1034,34,'EXPOSED',NULL),(2287,'2015-10-31 00:00:00',1035,36,'SUCCESS',NULL),(2288,'2015-10-31 00:00:00',1035,37,'ALMOST',NULL),(2289,'2015-10-31 00:00:00',1035,38,'ALMOST',NULL),(2290,'2015-10-31 00:00:00',1035,44,'SUCCESS',NULL),(2291,'2015-10-31 00:00:00',1035,54,'ALMOST',NULL),(2292,'2015-10-31 00:00:00',1035,55,'TRIED',NULL),(2293,'2015-10-31 00:00:00',1035,66,'TRIED',NULL),(2294,'2015-10-31 00:00:00',1039,42,'TRIED',NULL),(2295,'2015-10-31 00:00:00',1039,43,'SUCCESS',NULL),(2296,'2015-10-31 00:00:00',1039,31,'ALMOST',NULL),(2297,'2015-10-31 00:00:00',1039,29,'SUCCESS',NULL),(2298,'2015-10-31 00:00:00',1039,21,'SUCCESS',NULL),(2299,'2015-10-31 00:00:00',1039,24,'EXPOSED',NULL),(2300,'2015-10-31 00:00:00',1039,32,'EXPOSED',NULL),(2301,'2015-10-31 00:00:00',1041,19,'TRIED',NULL),(2302,'2015-10-31 00:00:00',1041,32,'SUCCESS',NULL),(2303,'2015-10-31 00:00:00',1041,81,'TRIED',NULL),(2304,'2015-10-31 00:00:00',1041,80,'TRIED',NULL),(2305,'2015-10-31 00:00:00',1041,36,'SUCCESS',NULL),(2306,'2015-10-31 00:00:00',1041,37,'EXPOSED',NULL),(2307,'2015-10-31 00:00:00',1041,38,'EXPOSED',NULL),(2308,'2015-10-31 00:00:00',1004,43,'TRIED',NULL),(2309,'2015-10-31 00:00:00',1004,79,'TRIED',NULL),(2310,'2015-10-31 00:00:00',1004,12,'TRIED',NULL),(2311,'2015-10-31 00:00:00',1004,21,'SUCCESS',NULL),(2312,'2015-10-31 00:00:00',1004,24,'SUCCESS',NULL),(2313,'2015-10-31 00:00:00',1004,32,'EXPOSED',NULL),(2314,'2015-10-31 00:00:00',1004,33,'EXPOSED',NULL),(2315,'2015-10-31 00:00:00',1008,43,'SUCCESS',NULL),(2316,'2015-10-31 00:00:00',1008,73,'TRIED',NULL),(2317,'2015-10-31 00:00:00',1008,22,'SUCCESS',NULL),(2318,'2015-10-31 00:00:00',1008,32,'SUCCESS',NULL),(2319,'2015-10-31 00:00:00',1008,33,'TRIED',NULL),(2320,'2015-10-31 00:00:00',1008,34,'EXPOSED',NULL),(2321,'2015-10-31 00:00:00',1008,36,'EXPOSED',NULL),(2322,'2015-10-31 00:00:00',1019,79,'TRIED',NULL),(2323,'2015-10-31 00:00:00',1019,26,'SUCCESS',NULL),(2324,'2015-10-31 00:00:00',1019,33,'SUCCESS',NULL),(2325,'2015-10-31 00:00:00',1019,34,'TRIED',NULL),(2326,'2015-10-31 00:00:00',1019,36,'SUCCESS',NULL),(2327,'2015-10-31 00:00:00',1019,37,'EXPOSED',NULL),(2328,'2015-10-31 00:00:00',1019,38,'EXPOSED',NULL),(2329,'2015-10-31 00:00:00',1023,81,'TRIED',NULL),(2330,'2015-10-31 00:00:00',1023,36,'SUCCESS',NULL),(2331,'2015-10-31 00:00:00',1023,37,'SUCCESS',NULL),(2332,'2015-10-31 00:00:00',1023,38,'SUCCESS',NULL),(2333,'2015-10-31 00:00:00',1023,44,'SUCCESS',NULL),(2334,'2015-10-31 00:00:00',1023,54,'ALMOST',NULL),(2335,'2015-10-31 00:00:00',1023,55,'TRIED',NULL),(2336,'2015-10-31 00:00:00',1026,81,'ALMOST',NULL),(2337,'2015-10-31 00:00:00',1026,80,'ALMOST',NULL),(2338,'2015-10-31 00:00:00',1026,38,'TRIED',NULL),(2339,'2015-10-31 00:00:00',1026,44,'SUCCESS',NULL),(2340,'2015-10-31 00:00:00',1026,54,'SUCCESS',NULL),(2341,'2015-10-31 00:00:00',1026,55,'EXPOSED',NULL),(2342,'2015-10-31 00:00:00',1026,66,'EXPOSED',NULL),(2343,'2015-10-31 00:00:00',1031,4,'SUCCESS',NULL),(2344,'2015-10-31 00:00:00',1031,73,'TRIED',NULL),(2345,'2015-10-31 00:00:00',1031,26,'ALMOST',NULL),(2346,'2015-10-31 00:00:00',1031,32,'TRIED',NULL),(2347,'2015-10-31 00:00:00',1031,33,'SUCCESS',NULL),(2348,'2015-10-31 00:00:00',1031,34,'EXPOSED',NULL),(2349,'2015-10-31 00:00:00',1031,36,'EXPOSED',NULL),(2350,'2015-10-31 00:00:00',1032,81,'TRIED',NULL),(2351,'2015-10-31 00:00:00',1032,80,'SUCCESS',NULL),(2352,'2015-10-31 00:00:00',1032,37,'SUCCESS',NULL),(2353,'2015-10-31 00:00:00',1032,38,'TRIED',NULL),(2354,'2015-10-31 00:00:00',1032,44,'SUCCESS',NULL),(2355,'2015-10-31 00:00:00',1032,54,'EXPOSED',NULL),(2356,'2015-10-31 00:00:00',1032,55,'EXPOSED',NULL),(2357,'2015-10-31 00:00:00',1036,26,'ALMOST',NULL),(2358,'2015-10-31 00:00:00',1036,81,'TRIED',NULL),(2359,'2015-10-31 00:00:00',1036,80,'TRIED',NULL),(2360,'2015-10-31 00:00:00',1036,44,'SUCCESS',NULL),(2361,'2015-10-31 00:00:00',1036,54,'SUCCESS',NULL),(2362,'2015-10-31 00:00:00',1036,55,'EXPOSED',NULL),(2363,'2015-10-31 00:00:00',1036,66,'EXPOSED',NULL),(2364,'2015-10-31 00:00:00',1037,22,'SUCCESS',NULL),(2365,'2015-10-31 00:00:00',1037,24,'SUCCESS',NULL),(2366,'2015-10-31 00:00:00',1037,32,'SUCCESS',NULL),(2367,'2015-10-31 00:00:00',1037,33,'SUCCESS',NULL),(2368,'2015-10-31 00:00:00',1037,34,'SUCCESS',NULL),(2369,'2015-10-31 00:00:00',1037,36,'TRIED',NULL),(2370,'2015-10-31 00:00:00',1037,37,'SUCCESS',NULL),(2371,'2015-10-31 00:00:00',1042,26,'TRIED',NULL),(2372,'2015-10-31 00:00:00',1042,33,'SUCCESS',NULL),(2373,'2015-10-31 00:00:00',1042,34,'ALMOST',NULL),(2374,'2015-10-31 00:00:00',1042,36,'SUCCESS',NULL),(2375,'2015-10-31 00:00:00',1042,37,'SUCCESS',NULL),(2376,'2015-10-31 00:00:00',1042,38,'SUCCESS',NULL),(2377,'2015-10-31 00:00:00',1042,44,'TRIED',NULL),(2378,'0001-01-01 00:00:00',1017,12,'SUCCESS',NULL),(2379,'0001-01-01 00:00:00',1023,24,'SUCCESS',NULL),(2380,'0001-01-01 00:00:00',1021,32,'SUCCESS',NULL),(2381,'0001-01-01 00:00:00',1042,22,'SUCCESS',NULL),(2382,'0001-01-01 00:00:00',1042,32,'SUCCESS',NULL),(2383,'0001-01-01 00:00:00',1042,34,'SUCCESS',NULL),(2384,'0001-01-01 00:00:00',1028,21,'SUCCESS',NULL),(2385,'0001-01-01 00:00:00',1022,34,'SUCCESS',NULL),(2386,'0001-01-01 00:00:00',1022,38,'SUCCESS',NULL),(2387,'0001-01-01 00:00:00',1030,20,'SUCCESS',NULL),(2388,'0001-01-01 00:00:00',1030,21,'SUCCESS',NULL),(2389,'0001-01-01 00:00:00',1030,24,'SUCCESS',NULL),(2390,'0001-01-01 00:00:00',1016,32,'SUCCESS',NULL),(2391,'0001-01-01 00:00:00',1038,55,'SUCCESS',NULL),(2392,'0001-01-01 00:00:00',1006,56,'SUCCESS',NULL),(2393,'0001-01-01 00:00:00',1012,34,'SUCCESS',NULL),(2394,'0001-01-01 00:00:00',1002,56,'SUCCESS',NULL),(2395,'0001-01-01 00:00:00',1023,54,'SUCCESS',NULL),(2396,'0001-01-01 00:00:00',1018,28,'SUCCESS',NULL),(2397,'0001-01-01 00:00:00',1018,55,'SUCCESS',NULL),(2398,'0001-01-01 00:00:00',1042,35,'SUCCESS',NULL),(2399,'2015-11-07 00:00:00',1008,7,'TRIED',NULL),(2400,'2015-11-07 00:00:00',1008,81,'TRIED',NULL),(2401,'2015-11-07 00:00:00',1008,34,'ALMOST',NULL),(2402,'2015-11-07 00:00:00',1008,36,'SUCCESS',NULL),(2403,'2015-11-07 00:00:00',1008,37,'TRIED',NULL),(2404,'2015-11-07 00:00:00',1008,38,'TRIED',NULL),(2405,'2015-11-07 00:00:00',1008,44,'SUCCESS',NULL),(2406,'2015-11-07 00:00:00',1019,85,'SUCCESS',NULL),(2407,'2015-11-07 00:00:00',1019,80,'SUCCESS',NULL),(2408,'2015-11-07 00:00:00',1019,37,'SUCCESS',NULL),(2409,'2015-11-07 00:00:00',1019,38,'ALMOST',NULL),(2410,'2015-11-07 00:00:00',1019,44,'SUCCESS',NULL),(2411,'2015-11-07 00:00:00',1019,54,'EXPOSED',NULL),(2412,'2015-11-07 00:00:00',1019,55,'EXPOSED',NULL),(2413,'2015-11-07 00:00:00',1023,33,'TRIED',NULL),(2414,'2015-11-07 00:00:00',1023,55,'SUCCESS',NULL),(2415,'2015-11-07 00:00:00',1023,66,'ALMOST',NULL),(2416,'2015-11-07 00:00:00',1023,67,'ALMOST',NULL),(2417,'2015-11-07 00:00:00',1023,56,'ALMOST',NULL),(2418,'2015-11-07 00:00:00',1023,58,'TRIED',NULL),(2419,'2015-11-07 00:00:00',1023,59,'SUCCESS',NULL),(2420,'2015-11-07 00:00:00',1026,48,'ALMOST',NULL),(2421,'2015-11-07 00:00:00',1026,55,'ALMOST',NULL),(2422,'2015-11-07 00:00:00',1026,66,'SUCCESS',NULL),(2423,'2015-11-07 00:00:00',1026,67,'TRIED',NULL),(2424,'2015-11-07 00:00:00',1026,56,'SUCCESS',NULL),(2425,'2015-11-07 00:00:00',1026,58,'EXPOSED',NULL),(2426,'2015-11-07 00:00:00',1026,59,'EXPOSED',NULL),(2427,'2015-11-07 00:00:00',1031,9,'TRIED',NULL),(2428,'2015-11-07 00:00:00',1031,32,'ALMOST',NULL),(2429,'2015-11-07 00:00:00',1031,34,'ALMOST',NULL),(2430,'2015-11-07 00:00:00',1031,36,'SUCCESS',NULL),(2431,'2015-11-07 00:00:00',1031,37,'TRIED',NULL),(2432,'2015-11-07 00:00:00',1031,38,'TRIED',NULL),(2433,'2015-11-07 00:00:00',1031,44,'SUCCESS',NULL),(2434,'2015-11-07 00:00:00',1032,33,'ALMOST',NULL),(2435,'2015-11-07 00:00:00',1032,48,'TRIED',NULL),(2436,'2015-11-07 00:00:00',1032,54,'SUCCESS',NULL),(2437,'2015-11-07 00:00:00',1032,55,'SUCCESS',NULL),(2438,'2015-11-07 00:00:00',1032,66,'SUCCESS',NULL),(2439,'2015-11-07 00:00:00',1032,67,'EXPOSED',NULL),(2440,'2015-11-07 00:00:00',1032,56,'EXPOSED',NULL),(2441,'2015-11-07 00:00:00',1037,36,'SUCCESS',NULL),(2442,'2015-11-07 00:00:00',1037,38,'SUCCESS',NULL),(2443,'2015-11-07 00:00:00',1037,44,'SUCCESS',NULL),(2444,'2015-11-07 00:00:00',1037,54,'SUCCESS',NULL),(2445,'2015-11-07 00:00:00',1037,55,'SUCCESS',NULL),(2446,'2015-11-07 00:00:00',1037,66,'ALMOST',NULL),(2447,'2015-11-07 00:00:00',1037,67,'TRIED',NULL),(2448,'2015-11-07 00:00:00',1040,35,'SUCCESS',NULL),(2449,'2015-11-07 00:00:00',1040,26,'SUCCESS',NULL),(2450,'2015-11-07 00:00:00',1040,34,'SUCCESS',NULL),(2451,'2015-11-07 00:00:00',1040,36,'SUCCESS',NULL),(2452,'2015-11-07 00:00:00',1040,37,'SUCCESS',NULL),(2453,'2015-11-07 00:00:00',1040,38,'SUCCESS',NULL),(2454,'2015-11-07 00:00:00',1040,44,'SUCCESS',NULL),(2455,'2015-11-07 00:00:00',1042,30,'TRIED',NULL),(2456,'2015-11-07 00:00:00',1042,45,'SUCCESS',NULL),(2457,'2015-11-07 00:00:00',1042,54,'SUCCESS',NULL),(2458,'2015-11-07 00:00:00',1042,55,'SUCCESS',NULL),(2459,'2015-11-07 00:00:00',1042,66,'SUCCESS',NULL),(2460,'2015-11-07 00:00:00',1042,67,'EXPOSED',NULL),(2461,'2015-11-07 00:00:00',1042,56,'EXPOSED',NULL),(2462,'2015-11-07 00:00:00',1002,59,'SUCCESS',NULL),(2463,'2015-11-07 00:00:00',1002,60,'SUCCESS',NULL),(2464,'2015-11-07 00:00:00',1002,75,'TRIED',NULL),(2465,'2015-11-07 00:00:00',1002,83,'SUCCESS',NULL),(2466,'2015-11-07 00:00:00',1002,84,'SUCCESS',NULL),(2467,'2015-11-07 00:00:00',1002,76,'EXPOSED',NULL),(2468,'2015-11-07 00:00:00',1002,97,'EXPOSED',NULL),(2469,'2015-11-07 00:00:00',1003,11,'TRIED',NULL),(2470,'2015-11-07 00:00:00',1003,86,'TRIED',NULL),(2471,'2015-11-07 00:00:00',1003,31,'TRIED',NULL),(2472,'2015-11-07 00:00:00',1003,39,'TRIED',NULL),(2473,'2015-11-07 00:00:00',1003,22,'TRIED',NULL),(2474,'2015-11-07 00:00:00',1003,24,'EXPOSED',NULL),(2475,'2015-11-07 00:00:00',1003,32,'EXPOSED',NULL),(2476,'2015-11-07 00:00:00',1005,33,'TRIED',NULL),(2477,'2015-11-07 00:00:00',1005,55,'ALMOST',NULL),(2478,'2015-11-07 00:00:00',1005,66,'TRIED',NULL),(2479,'2015-11-07 00:00:00',1005,67,'SUCCESS',NULL),(2480,'2015-11-07 00:00:00',1005,56,'ALMOST',NULL),(2481,'2015-11-07 00:00:00',1005,58,'EXPOSED',NULL),(2482,'2015-11-07 00:00:00',1005,59,'EXPOSED',NULL),(2483,'2015-11-07 00:00:00',1012,11,'TRIED',NULL),(2484,'2015-11-07 00:00:00',1012,82,'ALMOST',NULL),(2485,'2015-11-07 00:00:00',1012,54,'SUCCESS',NULL),(2486,'2015-11-07 00:00:00',1012,55,'TRIED',NULL),(2487,'2015-11-07 00:00:00',1012,66,'SUCCESS',NULL),(2488,'2015-11-07 00:00:00',1012,67,'EXPOSED',NULL),(2489,'2015-11-07 00:00:00',1012,56,'EXPOSED',NULL),(2490,'2015-11-07 00:00:00',1015,57,'SUCCESS',NULL),(2491,'2015-11-07 00:00:00',1015,59,'SUCCESS',NULL),(2492,'2015-11-07 00:00:00',1015,75,'TRIED',NULL),(2493,'2015-11-07 00:00:00',1015,83,'TRIED',NULL),(2494,'2015-11-07 00:00:00',1015,84,'TRIED',NULL),(2495,'2015-11-07 00:00:00',1015,76,'TRIED',NULL),(2496,'2015-11-07 00:00:00',1015,97,'TRIED',NULL),(2497,'2015-11-07 00:00:00',1018,33,'SUCCESS',NULL),(2498,'2015-11-07 00:00:00',1018,34,'ALMOST',NULL),(2499,'2015-11-07 00:00:00',1018,67,'SUCCESS',NULL),(2500,'2015-11-07 00:00:00',1018,56,'SUCCESS',NULL),(2501,'2015-11-07 00:00:00',1018,58,'TRIED',NULL),(2502,'2015-11-07 00:00:00',1018,59,'EXPOSED',NULL),(2503,'2015-11-07 00:00:00',1018,75,'EXPOSED',NULL),(2504,'2015-11-07 00:00:00',1028,33,'ALMOST',NULL),(2505,'2015-11-07 00:00:00',1028,34,'TRIED',NULL),(2506,'2015-11-07 00:00:00',1028,38,'SUCCESS',NULL),(2507,'2015-11-07 00:00:00',1028,44,'SUCCESS',NULL),(2508,'2015-11-07 00:00:00',1028,54,'SUCCESS',NULL),(2509,'2015-11-07 00:00:00',1028,55,'EXPOSED',NULL),(2510,'2015-11-07 00:00:00',1028,66,'EXPOSED',NULL),(2511,'2015-11-07 00:00:00',1029,39,'TRIED',NULL),(2512,'2015-11-07 00:00:00',1029,73,'TRIED',NULL),(2513,'2015-11-07 00:00:00',1029,20,'SUCCESS',NULL),(2514,'2015-11-07 00:00:00',1029,27,'TRIED',NULL),(2515,'2015-11-07 00:00:00',1029,28,'SUCCESS',NULL),(2516,'2015-11-07 00:00:00',1029,7,'EXPOSED',NULL),(2517,'2015-11-07 00:00:00',1029,21,'EXPOSED',NULL),(2518,'2015-11-07 00:00:00',1030,33,'ALMOST',NULL),(2519,'2015-11-07 00:00:00',1030,48,'SUCCESS',NULL),(2520,'2015-11-07 00:00:00',1030,44,'SUCCESS',NULL),(2521,'2015-11-07 00:00:00',1030,54,'SUCCESS',NULL),(2522,'2015-11-07 00:00:00',1030,55,'TRIED',NULL),(2523,'2015-11-07 00:00:00',1030,66,'SUCCESS',NULL),(2524,'2015-11-07 00:00:00',1030,67,'SUCCESS',NULL),(2525,'2015-11-07 00:00:00',1033,54,'SUCCESS',NULL),(2526,'2015-11-07 00:00:00',1033,55,'TRIED',NULL),(2527,'2015-11-07 00:00:00',1033,66,'SUCCESS',NULL),(2528,'2015-11-07 00:00:00',1033,67,'SUCCESS',NULL),(2529,'2015-11-07 00:00:00',1033,56,'SUCCESS',NULL),(2530,'2015-11-07 00:00:00',1033,58,'EXPOSED',NULL),(2531,'2015-11-07 00:00:00',1033,59,'EXPOSED',NULL),(2532,'2015-11-07 00:00:00',1034,4,'TRIED',NULL),(2533,'2015-11-07 00:00:00',1034,30,'SUCCESS',NULL),(2534,'2015-11-07 00:00:00',1034,33,'ALMOST',NULL),(2535,'2015-11-07 00:00:00',1034,34,'SUCCESS',NULL),(2536,'2015-11-07 00:00:00',1034,36,'ALMOST',NULL),(2537,'2015-11-07 00:00:00',1034,37,'SUCCESS',NULL),(2538,'2015-11-07 00:00:00',1034,38,'SUCCESS',NULL),(2539,'2015-11-07 00:00:00',1035,55,'TRIED',NULL),(2540,'2015-11-07 00:00:00',1035,67,'SUCCESS',NULL),(2541,'2015-11-07 00:00:00',1035,68,'SUCCESS',NULL),(2542,'2015-11-07 00:00:00',1035,56,'TRIED',NULL),(2543,'2015-11-07 00:00:00',1035,58,'SUCCESS',NULL),(2544,'2015-11-07 00:00:00',1035,59,'EXPOSED',NULL),(2545,'2015-11-07 00:00:00',1035,75,'EXPOSED',NULL),(2546,'2015-11-07 00:00:00',1039,74,'TRIED',NULL),(2547,'2015-11-07 00:00:00',1039,24,'SUCCESS',NULL),(2548,'2015-11-07 00:00:00',1039,32,'SUCCESS',NULL),(2549,'2015-11-07 00:00:00',1039,33,'ALMOST',NULL),(2550,'2015-11-07 00:00:00',1039,34,'TRIED',NULL),(2551,'2015-11-07 00:00:00',1039,36,'EXPOSED',NULL),(2552,'2015-11-07 00:00:00',1039,37,'EXPOSED',NULL),(2553,'2015-11-07 00:00:00',1041,86,'TRIED',NULL),(2554,'2015-11-07 00:00:00',1041,33,'ALMOST',NULL),(2555,'2015-11-07 00:00:00',1041,34,'SUCCESS',NULL),(2556,'2015-11-07 00:00:00',1041,37,'SUCCESS',NULL),(2557,'2015-11-07 00:00:00',1041,38,'SUCCESS',NULL),(2558,'2015-11-07 00:00:00',1041,44,'SUCCESS',NULL),(2559,'2015-11-07 00:00:00',1041,54,'SUCCESS',NULL),(2560,'2015-11-07 00:00:00',1001,60,'ALMOST',NULL),(2561,'2015-11-07 00:00:00',1001,76,'TRIED',NULL),(2562,'2015-11-07 00:00:00',1001,83,'ALMOST',NULL),(2563,'2015-11-07 00:00:00',1001,84,'SUCCESS',NULL),(2564,'2015-11-07 00:00:00',1001,78,'SUCCESS',NULL),(2565,'2015-11-07 00:00:00',1001,97,'SUCCESS',NULL),(2566,'2015-11-07 00:00:00',1001,99,'SUCCESS',NULL),(2567,'2015-11-07 00:00:00',1006,58,'SUCCESS',NULL),(2568,'2015-11-07 00:00:00',1006,59,'SUCCESS',NULL),(2569,'2015-11-07 00:00:00',1006,75,'TRIED',NULL),(2570,'2015-11-07 00:00:00',1006,83,'SUCCESS',NULL),(2571,'2015-11-07 00:00:00',1006,84,'SUCCESS',NULL),(2572,'2015-11-07 00:00:00',1006,76,'EXPOSED',NULL),(2573,'2015-11-07 00:00:00',1006,97,'EXPOSED',NULL),(2574,'2015-11-07 00:00:00',1009,48,'TRIED',NULL),(2575,'2015-11-07 00:00:00',1009,55,'SUCCESS',NULL),(2576,'2015-11-07 00:00:00',1009,57,'SUCCESS',NULL),(2577,'2015-11-07 00:00:00',1009,58,'ALMOST',NULL),(2578,'2015-11-07 00:00:00',1009,59,'SUCCESS',NULL),(2579,'2015-11-07 00:00:00',1009,75,'TRIED',NULL),(2580,'2015-11-07 00:00:00',1009,83,'SUCCESS',NULL),(2581,'2015-11-07 00:00:00',1011,55,'ALMOST',NULL),(2582,'2015-11-07 00:00:00',1011,56,'SUCCESS',NULL),(2583,'2015-11-07 00:00:00',1011,58,'SUCCESS',NULL),(2584,'2015-11-07 00:00:00',1011,59,'SUCCESS',NULL),(2585,'2015-11-07 00:00:00',1011,75,'TRIED',NULL),(2586,'2015-11-07 00:00:00',1011,83,'EXPOSED',NULL),(2587,'2015-11-07 00:00:00',1011,84,'EXPOSED',NULL),(2588,'2015-11-07 00:00:00',1013,43,'SUCCESS',NULL),(2589,'2015-11-07 00:00:00',1013,22,'TRIED',NULL),(2590,'2015-11-07 00:00:00',1013,24,'TRIED',NULL),(2591,'2015-11-07 00:00:00',1013,32,'ALMOST',NULL),(2592,'2015-11-07 00:00:00',1013,33,'TRIED',NULL),(2593,'2015-11-07 00:00:00',1013,34,'EXPOSED',NULL),(2594,'2015-11-07 00:00:00',1013,36,'EXPOSED',NULL),(2595,'2015-11-07 00:00:00',1014,60,'SUCCESS',NULL),(2596,'2015-11-07 00:00:00',1014,76,'TRIED',NULL),(2597,'2015-11-07 00:00:00',1014,83,'ALMOST',NULL),(2598,'2015-11-07 00:00:00',1014,84,'SUCCESS',NULL),(2599,'2015-11-07 00:00:00',1014,78,'SUCCESS',NULL),(2600,'2015-11-07 00:00:00',1014,97,'EXPOSED',NULL),(2601,'2015-11-07 00:00:00',1014,99,'EXPOSED',NULL),(2602,'2015-11-07 00:00:00',1016,33,'SUCCESS',NULL),(2603,'2015-11-07 00:00:00',1016,48,'SUCCESS',NULL),(2604,'2015-11-07 00:00:00',1016,54,'SUCCESS',NULL),(2605,'2015-11-07 00:00:00',1016,55,'TRIED',NULL),(2606,'2015-11-07 00:00:00',1016,66,'SUCCESS',NULL),(2607,'2015-11-07 00:00:00',1016,67,'EXPOSED',NULL),(2608,'2015-11-07 00:00:00',1016,56,'EXPOSED',NULL),(2609,'2015-11-07 00:00:00',1017,86,'TRIED',NULL),(2610,'2015-11-07 00:00:00',1017,85,'ALMOST',NULL),(2611,'2015-11-07 00:00:00',1017,7,'TRIED',NULL),(2612,'2015-11-07 00:00:00',1017,26,'TRIED',NULL),(2613,'2015-11-07 00:00:00',1017,33,'TRIED',NULL),(2614,'2015-11-07 00:00:00',1017,34,'EXPOSED',NULL),(2615,'2015-11-07 00:00:00',1017,36,'EXPOSED',NULL),(2616,'2015-11-07 00:00:00',1020,67,'SUCCESS',NULL),(2617,'2015-11-07 00:00:00',1020,56,'SUCCESS',NULL),(2618,'2015-11-07 00:00:00',1020,58,'SUCCESS',NULL),(2619,'2015-11-07 00:00:00',1020,59,'SUCCESS',NULL),(2620,'2015-11-07 00:00:00',1020,75,'TRIED',NULL),(2621,'2015-11-07 00:00:00',1020,83,'SUCCESS',NULL),(2622,'2015-11-07 00:00:00',1020,84,'SUCCESS',NULL),(2623,'2015-11-07 00:00:00',1021,33,'ALMOST',NULL),(2624,'2015-11-07 00:00:00',1021,55,'ALMOST',NULL),(2625,'2015-11-07 00:00:00',1021,66,'SUCCESS',NULL),(2626,'2015-11-07 00:00:00',1021,67,'SUCCESS',NULL),(2627,'2015-11-07 00:00:00',1021,56,'SUCCESS',NULL),(2628,'2015-11-07 00:00:00',1021,58,'TRIED',NULL),(2629,'2015-11-07 00:00:00',1021,59,'SUCCESS',NULL),(2630,'2015-11-07 00:00:00',1022,33,'SUCCESS',NULL),(2631,'2015-11-07 00:00:00',1022,54,'SUCCESS',NULL),(2632,'2015-11-07 00:00:00',1022,55,'SUCCESS',NULL),(2633,'2015-11-07 00:00:00',1022,67,'SUCCESS',NULL),(2634,'2015-11-07 00:00:00',1022,56,'SUCCESS',NULL),(2635,'2015-11-07 00:00:00',1022,58,'TRIED',NULL),(2636,'2015-11-07 00:00:00',1022,59,'SUCCESS',NULL),(2637,'2015-11-07 00:00:00',1024,86,'TRIED',NULL),(2638,'2015-11-07 00:00:00',1024,7,'TRIED',NULL),(2639,'2015-11-07 00:00:00',1024,33,'SUCCESS',NULL),(2640,'2015-11-07 00:00:00',1024,34,'SUCCESS',NULL),(2641,'2015-11-07 00:00:00',1024,36,'SUCCESS',NULL),(2642,'2015-11-07 00:00:00',1024,37,'EXPOSED',NULL),(2643,'2015-11-07 00:00:00',1024,38,'EXPOSED',NULL),(2644,'2015-11-07 00:00:00',1025,86,'TRIED',NULL),(2645,'2015-11-07 00:00:00',1025,31,'TRIED',NULL),(2646,'2015-11-07 00:00:00',1025,33,'TRIED',NULL),(2647,'2015-11-07 00:00:00',1025,34,'SUCCESS',NULL),(2648,'2015-11-07 00:00:00',1025,36,'SUCCESS',NULL),(2649,'2015-11-07 00:00:00',1025,37,'EXPOSED',NULL),(2650,'2015-11-07 00:00:00',1025,38,'EXPOSED',NULL),(2651,'2015-11-07 00:00:00',1038,82,'SUCCESS',NULL),(2652,'2015-11-07 00:00:00',1038,48,'SUCCESS',NULL),(2653,'2015-11-07 00:00:00',1038,68,'SUCCESS',NULL),(2654,'2015-11-07 00:00:00',1038,56,'SUCCESS',NULL),(2655,'2015-11-07 00:00:00',1038,58,'SUCCESS',NULL),(2656,'2015-11-07 00:00:00',1038,59,'SUCCESS',NULL),(2657,'2015-11-07 00:00:00',1038,75,'TRIED',NULL),(2658,'2015-11-07 00:00:00',1043,76,'SUCCESS',NULL),(2659,'2015-11-07 00:00:00',1043,83,'SUCCESS',NULL),(2660,'2015-11-07 00:00:00',1043,84,'SUCCESS',NULL),(2661,'2015-11-07 00:00:00',1043,78,'SUCCESS',NULL),(2662,'2015-11-07 00:00:00',1043,97,'SUCCESS',NULL),(2663,'2015-11-07 00:00:00',1043,99,'SUCCESS',NULL),(2664,'0001-01-01 00:00:00',1031,26,'SUCCESS',NULL),(2665,'0001-01-01 00:00:00',1023,56,'SUCCESS',NULL),(2666,'0001-01-01 00:00:00',1023,66,'SUCCESS',NULL),(2667,'0001-01-01 00:00:00',1023,67,'SUCCESS',NULL),(2668,'0001-01-01 00:00:00',1017,85,'SUCCESS',NULL),(2669,'0001-01-01 00:00:00',1018,34,'SUCCESS',NULL),(2670,'0001-01-01 00:00:00',1011,55,'SUCCESS',NULL),(2671,'2015-11-14 00:00:00',1008,126,'TRIED',NULL),(2672,'2015-11-14 00:00:00',1008,33,'ALMOST',NULL),(2673,'2015-11-14 00:00:00',1008,82,'SUCCESS',NULL),(2674,'2015-11-14 00:00:00',1008,49,'TRIED',NULL),(2675,'2015-11-14 00:00:00',1008,54,'SUCCESS',NULL),(2676,'2015-11-14 00:00:00',1008,55,'EXPOSED',NULL),(2677,'2015-11-14 00:00:00',1008,69,'EXPOSED',NULL),(2678,'2015-11-14 00:00:00',1019,54,'SUCCESS',NULL),(2679,'2015-11-14 00:00:00',1019,55,'SUCCESS',NULL),(2680,'2015-11-14 00:00:00',1019,70,'SUCCESS',NULL),(2681,'2015-11-14 00:00:00',1019,72,'TRIED',NULL),(2682,'2015-11-14 00:00:00',1019,62,'TRIED',NULL),(2683,'2015-11-14 00:00:00',1019,58,'EXPOSED',NULL),(2684,'2015-11-14 00:00:00',1019,59,'EXPOSED',NULL),(2685,'2015-11-14 00:00:00',1023,33,'SUCCESS',NULL),(2686,'2015-11-14 00:00:00',1023,60,'SUCCESS',NULL),(2687,'2015-11-14 00:00:00',1023,75,'TRIED',NULL),(2688,'2015-11-14 00:00:00',1023,83,'SUCCESS',NULL),(2689,'2015-11-14 00:00:00',1023,84,'SUCCESS',NULL),(2690,'2015-11-14 00:00:00',1023,112,'EXPOSED',NULL),(2691,'2015-11-14 00:00:00',1023,76,'EXPOSED',NULL),(2692,'2015-11-14 00:00:00',1026,72,'SUCCESS',NULL),(2693,'2015-11-14 00:00:00',1026,58,'TRIED',NULL),(2694,'2015-11-14 00:00:00',1026,59,'SUCCESS',NULL),(2695,'2015-11-14 00:00:00',1026,75,'TRIED',NULL),(2696,'2015-11-14 00:00:00',1026,83,'TRIED',NULL),(2697,'2015-11-14 00:00:00',1026,84,'EXPOSED',NULL),(2698,'2015-11-14 00:00:00',1026,119,'EXPOSED',NULL),(2699,'2015-11-14 00:00:00',1031,126,'SUCCESS',NULL),(2700,'2015-11-14 00:00:00',1031,82,'SUCCESS',NULL),(2701,'2015-11-14 00:00:00',1031,49,'TRIED',NULL),(2702,'2015-11-14 00:00:00',1031,54,'SUCCESS',NULL),(2703,'2015-11-14 00:00:00',1031,55,'SUCCESS',NULL),(2704,'2015-11-14 00:00:00',1031,69,'EXPOSED',NULL),(2705,'2015-11-14 00:00:00',1031,72,'EXPOSED',NULL),(2706,'2015-11-14 00:00:00',1032,49,'ALMOST',NULL),(2707,'2015-11-14 00:00:00',1032,72,'SUCCESS',NULL),(2708,'2015-11-14 00:00:00',1032,62,'TRIED',NULL),(2709,'2015-11-14 00:00:00',1032,58,'SUCCESS',NULL),(2710,'2015-11-14 00:00:00',1032,59,'SUCCESS',NULL),(2711,'2015-11-14 00:00:00',1032,75,'TRIED',NULL),(2712,'2015-11-14 00:00:00',1032,83,'SUCCESS',NULL),(2713,'2015-11-14 00:00:00',1036,33,'ALMOST',NULL),(2714,'2015-11-14 00:00:00',1036,130,'TRIED',NULL),(2715,'2015-11-14 00:00:00',1036,55,'SUCCESS',NULL),(2716,'2015-11-14 00:00:00',1036,71,'SUCCESS',NULL),(2717,'2015-11-14 00:00:00',1036,72,'ALMOST',NULL),(2718,'2015-11-14 00:00:00',1036,62,'EXPOSED',NULL),(2719,'2015-11-14 00:00:00',1036,58,'EXPOSED',NULL),(2720,'2015-11-14 00:00:00',1037,72,'ALMOST',NULL),(2721,'2015-11-14 00:00:00',1037,57,'TRIED',NULL),(2722,'2015-11-14 00:00:00',1037,58,'SUCCESS',NULL),(2723,'2015-11-14 00:00:00',1037,59,'SUCCESS',NULL),(2724,'2015-11-14 00:00:00',1037,75,'TRIED',NULL),(2725,'2015-11-14 00:00:00',1037,83,'EXPOSED',NULL),(2726,'2015-11-14 00:00:00',1037,84,'EXPOSED',NULL),(2727,'2015-11-14 00:00:00',1040,54,'TRIED',NULL),(2728,'2015-11-14 00:00:00',1040,55,'TRIED',NULL),(2729,'2015-11-14 00:00:00',1040,69,'SUCCESS',NULL),(2730,'2015-11-14 00:00:00',1040,72,'ALMOST',NULL),(2731,'2015-11-14 00:00:00',1040,62,'SUCCESS',NULL),(2732,'2015-11-14 00:00:00',1040,58,'TRIED',NULL),(2733,'2015-11-14 00:00:00',1040,59,'SUCCESS',NULL),(2734,'2015-11-14 00:00:00',1042,24,'SUCCESS',NULL),(2735,'2015-11-14 00:00:00',1042,72,'TRIED',NULL),(2736,'2015-11-14 00:00:00',1042,61,'TRIED',NULL),(2737,'2015-11-14 00:00:00',1042,58,'TRIED',NULL),(2738,'2015-11-14 00:00:00',1042,59,'SUCCESS',NULL),(2739,'2015-11-14 00:00:00',1042,75,'EXPOSED',NULL),(2740,'2015-11-14 00:00:00',1042,83,'EXPOSED',NULL),(2741,'2015-11-14 00:00:00',1002,76,'SUCCESS',NULL),(2742,'2015-11-14 00:00:00',1002,117,'TRIED',NULL),(2743,'2015-11-14 00:00:00',1002,78,'TRIED',NULL),(2744,'2015-11-14 00:00:00',1002,102,'SUCCESS',NULL),(2745,'2015-11-14 00:00:00',1002,101,'SUCCESS',NULL),(2746,'2015-11-14 00:00:00',1002,124,'EXPOSED',NULL),(2747,'2015-11-14 00:00:00',1005,33,'ALMOST',NULL),(2748,'2015-11-14 00:00:00',1005,72,'SUCCESS',NULL),(2749,'2015-11-14 00:00:00',1005,58,'TRIED',NULL),(2750,'2015-11-14 00:00:00',1005,59,'SUCCESS',NULL),(2751,'2015-11-14 00:00:00',1005,75,'TRIED',NULL),(2752,'2015-11-14 00:00:00',1005,83,'EXPOSED',NULL),(2753,'2015-11-14 00:00:00',1005,84,'EXPOSED',NULL),(2754,'2015-11-14 00:00:00',1012,11,'TRIED',NULL),(2755,'2015-11-14 00:00:00',1012,55,'ALMOST',NULL),(2756,'2015-11-14 00:00:00',1012,72,'SUCCESS',NULL),(2757,'2015-11-14 00:00:00',1012,62,'SUCCESS',NULL),(2758,'2015-11-14 00:00:00',1012,58,'TRIED',NULL),(2759,'2015-11-14 00:00:00',1012,59,'SUCCESS',NULL),(2760,'2015-11-14 00:00:00',1012,75,'TRIED',NULL),(2761,'2015-11-14 00:00:00',1015,78,'TRIED',NULL),(2762,'2015-11-14 00:00:00',1015,89,'SUCCESS',NULL),(2763,'2015-11-14 00:00:00',1015,87,'SUCCESS',NULL),(2764,'2015-11-14 00:00:00',1015,117,'SUCCESS',NULL),(2765,'2015-11-14 00:00:00',1015,96,'TRIED',NULL),(2766,'2015-11-14 00:00:00',1015,102,'EXPOSED',NULL),(2767,'2015-11-14 00:00:00',1015,100,'EXPOSED',NULL),(2768,'2015-11-14 00:00:00',1018,59,'TRIED',NULL),(2769,'2015-11-14 00:00:00',1018,60,'SUCCESS',NULL),(2770,'2015-11-14 00:00:00',1018,75,'TRIED',NULL),(2771,'2015-11-14 00:00:00',1018,83,'SUCCESS',NULL),(2772,'2015-11-14 00:00:00',1018,84,'TRIED',NULL),(2773,'2015-11-14 00:00:00',1018,119,'EXPOSED',NULL),(2774,'2015-11-14 00:00:00',1018,76,'EXPOSED',NULL),(2775,'2015-11-14 00:00:00',1028,130,'TRIED',NULL),(2776,'2015-11-14 00:00:00',1028,55,'TRIED',NULL),(2777,'2015-11-14 00:00:00',1028,71,'SUCCESS',NULL),(2778,'2015-11-14 00:00:00',1028,72,'SUCCESS',NULL),(2779,'2015-11-14 00:00:00',1028,57,'SUCCESS',NULL),(2780,'2015-11-14 00:00:00',1028,58,'EXPOSED',NULL),(2781,'2015-11-14 00:00:00',1028,59,'EXPOSED',NULL),(2782,'2015-11-14 00:00:00',1029,126,'SUCCESS',NULL),(2783,'2015-11-14 00:00:00',1029,7,'TRIED',NULL),(2784,'2015-11-14 00:00:00',1029,31,'TRIED',NULL),(2785,'2015-11-14 00:00:00',1029,9,'SUCCESS',NULL),(2786,'2015-11-14 00:00:00',1029,23,'ALMOST',NULL),(2787,'2015-11-14 00:00:00',1029,24,'EXPOSED',NULL),(2788,'2015-11-14 00:00:00',1029,32,'EXPOSED',NULL),(2789,'2015-11-14 00:00:00',1030,55,'ALMOST',NULL),(2790,'2015-11-14 00:00:00',1030,61,'TRIED',NULL),(2791,'2015-11-14 00:00:00',1030,58,'SUCCESS',NULL),(2792,'2015-11-14 00:00:00',1030,59,'SUCCESS',NULL),(2793,'2015-11-14 00:00:00',1030,75,'TRIED',NULL),(2794,'2015-11-14 00:00:00',1030,83,'TRIED',NULL),(2795,'2015-11-14 00:00:00',1030,84,'TRIED',NULL),(2796,'2015-11-14 00:00:00',1033,55,'SUCCESS',NULL),(2797,'2015-11-14 00:00:00',1033,58,'SUCCESS',NULL),(2798,'2015-11-14 00:00:00',1033,59,'SUCCESS',NULL),(2799,'2015-11-14 00:00:00',1033,75,'TRIED',NULL),(2800,'2015-11-14 00:00:00',1033,83,'ALMOST',NULL),(2801,'2015-11-14 00:00:00',1033,84,'EXPOSED',NULL),(2802,'2015-11-14 00:00:00',1033,120,'EXPOSED',NULL),(2803,'2015-11-14 00:00:00',1034,4,'SUCCESS',NULL),(2804,'2015-11-14 00:00:00',1034,45,'SUCCESS',NULL),(2805,'2015-11-14 00:00:00',1034,54,'SUCCESS',NULL),(2806,'2015-11-14 00:00:00',1034,55,'TRIED',NULL),(2807,'2015-11-14 00:00:00',1034,70,'SUCCESS',NULL),(2808,'2015-11-14 00:00:00',1034,72,'TRIED',NULL),(2809,'2015-11-14 00:00:00',1034,61,'TRIED',NULL),(2810,'2015-11-14 00:00:00',1035,55,'SUCCESS',NULL),(2811,'2015-11-14 00:00:00',1035,57,'SUCCESS',NULL),(2812,'2015-11-14 00:00:00',1035,59,'SUCCESS',NULL),(2813,'2015-11-14 00:00:00',1035,75,'TRIED',NULL),(2814,'2015-11-14 00:00:00',1035,83,'ALMOST',NULL),(2815,'2015-11-14 00:00:00',1035,84,'SUCCESS',NULL),(2816,'2015-11-14 00:00:00',1035,111,'SUCCESS',NULL),(2817,'2015-11-14 00:00:00',1039,127,'SUCCESS',NULL),(2818,'2015-11-14 00:00:00',1039,80,'TRIED',NULL),(2819,'2015-11-14 00:00:00',1039,36,'SUCCESS',NULL),(2820,'2015-11-14 00:00:00',1039,37,'SUCCESS',NULL),(2821,'2015-11-14 00:00:00',1039,38,'SUCCESS',NULL),(2822,'2015-11-14 00:00:00',1039,46,'SUCCESS',NULL),(2823,'2015-11-14 00:00:00',1039,54,'SUCCESS',NULL),(2824,'2015-11-14 00:00:00',1041,107,'TRIED',NULL),(2825,'2015-11-14 00:00:00',1041,55,'ALMOST',NULL),(2826,'2015-11-14 00:00:00',1041,68,'SUCCESS',NULL),(2827,'2015-11-14 00:00:00',1041,72,'SUCCESS',NULL),(2828,'2015-11-14 00:00:00',1041,61,'SUCCESS',NULL),(2829,'2015-11-14 00:00:00',1041,58,'TRIED',NULL),(2830,'2015-11-14 00:00:00',1041,59,'SUCCESS',NULL),(2831,'2015-11-14 00:00:00',1001,111,'SUCCESS',NULL),(2832,'2015-11-14 00:00:00',1001,96,'TRIED',NULL),(2833,'2015-11-14 00:00:00',1001,123,'SUCCESS',NULL),(2834,'2015-11-14 00:00:00',1006,76,'SUCCESS',NULL),(2835,'2015-11-14 00:00:00',1006,111,'SUCCESS',NULL),(2836,'2015-11-14 00:00:00',1006,78,'SUCCESS',NULL),(2837,'2015-11-14 00:00:00',1006,102,'SUCCESS',NULL),(2838,'2015-11-14 00:00:00',1006,101,'SUCCESS',NULL),(2839,'2015-11-14 00:00:00',1006,131,'SUCCESS',NULL),(2840,'2015-11-14 00:00:00',1044,128,'TRIED',NULL),(2841,'2015-11-14 00:00:00',1044,14,'TRIED',NULL),(2842,'2015-11-14 00:00:00',1044,129,'TRIED',NULL),(2843,'2015-11-14 00:00:00',1044,45,'SUCCESS',NULL),(2844,'2015-11-14 00:00:00',1044,2,'TRIED',NULL),(2845,'2015-11-14 00:00:00',1044,32,'TRIED',NULL),(2846,'2015-11-14 00:00:00',1044,3,'TRIED',NULL),(2847,'2015-11-14 00:00:00',1009,49,'ALMOST',NULL),(2848,'2015-11-14 00:00:00',1009,76,'TRIED',NULL),(2849,'2015-11-14 00:00:00',1009,84,'SUCCESS',NULL),(2850,'2015-11-14 00:00:00',1009,112,'SUCCESS',NULL),(2851,'2015-11-14 00:00:00',1009,78,'TRIED',NULL),(2852,'2015-11-14 00:00:00',1009,98,'EXPOSED',NULL),(2853,'2015-11-14 00:00:00',1009,100,'EXPOSED',NULL),(2854,'2015-11-14 00:00:00',1011,76,'TRIED',NULL),(2855,'2015-11-14 00:00:00',1011,83,'SUCCESS',NULL),(2856,'2015-11-14 00:00:00',1011,84,'SUCCESS',NULL),(2857,'2015-11-14 00:00:00',1011,120,'SUCCESS',NULL),(2858,'2015-11-14 00:00:00',1011,78,'TRIED',NULL),(2859,'2015-11-14 00:00:00',1011,98,'EXPOSED',NULL),(2860,'2015-11-14 00:00:00',1011,100,'EXPOSED',NULL),(2861,'2015-11-14 00:00:00',1014,112,'SUCCESS',NULL),(2862,'2015-11-14 00:00:00',1014,96,'TRIED',NULL),(2863,'2015-11-14 00:00:00',1014,98,'ALMOST',NULL),(2864,'2015-11-14 00:00:00',1014,99,'TRIED',NULL),(2865,'2015-11-14 00:00:00',1014,123,'TRIED',NULL),(2866,'2015-11-14 00:00:00',1016,55,'TRIED',NULL),(2867,'2015-11-14 00:00:00',1016,72,'SUCCESS',NULL),(2868,'2015-11-14 00:00:00',1016,61,'SUCCESS',NULL),(2869,'2015-11-14 00:00:00',1016,58,'TRIED',NULL),(2870,'2015-11-14 00:00:00',1016,59,'SUCCESS',NULL),(2871,'2015-11-14 00:00:00',1016,75,'EXPOSED',NULL),(2872,'2015-11-14 00:00:00',1016,83,'EXPOSED',NULL),(2873,'2015-11-14 00:00:00',1017,107,'TRIED',NULL),(2874,'2015-11-14 00:00:00',1017,126,'TRIED',NULL),(2875,'2015-11-14 00:00:00',1017,30,'SUCCESS',NULL),(2876,'2015-11-14 00:00:00',1017,81,'TRIED',NULL),(2877,'2015-11-14 00:00:00',1017,34,'SUCCESS',NULL),(2878,'2015-11-14 00:00:00',1017,36,'EXPOSED',NULL),(2879,'2015-11-14 00:00:00',1017,37,'EXPOSED',NULL),(2880,'2015-11-14 00:00:00',1020,76,'TRIED',NULL),(2881,'2015-11-14 00:00:00',1020,120,'SUCCESS',NULL),(2882,'2015-11-14 00:00:00',1020,78,'SUCCESS',NULL),(2883,'2015-11-14 00:00:00',1020,97,'SUCCESS',NULL),(2884,'2015-11-14 00:00:00',1020,101,'SUCCESS',NULL),(2885,'2015-11-14 00:00:00',1020,124,'EXPOSED',NULL),(2886,'2015-11-14 00:00:00',1021,60,'SUCCESS',NULL),(2887,'2015-11-14 00:00:00',1021,75,'SUCCESS',NULL),(2888,'2015-11-14 00:00:00',1021,83,'TRIED',NULL),(2889,'2015-11-14 00:00:00',1021,84,'TRIED',NULL),(2890,'2015-11-14 00:00:00',1021,111,'SUCCESS',NULL),(2891,'2015-11-14 00:00:00',1021,76,'EXPOSED',NULL),(2892,'2015-11-14 00:00:00',1021,98,'EXPOSED',NULL),(2893,'2015-11-14 00:00:00',1022,60,'SUCCESS',NULL),(2894,'2015-11-14 00:00:00',1022,75,'SUCCESS',NULL),(2895,'2015-11-14 00:00:00',1022,83,'SUCCESS',NULL),(2896,'2015-11-14 00:00:00',1022,84,'SUCCESS',NULL),(2897,'2015-11-14 00:00:00',1022,117,'TRIED',NULL),(2898,'2015-11-14 00:00:00',1022,76,'EXPOSED',NULL),(2899,'2015-11-14 00:00:00',1022,102,'EXPOSED',NULL),(2900,'2015-11-14 00:00:00',1024,107,'TRIED',NULL),(2901,'2015-11-14 00:00:00',1024,126,'SUCCESS',NULL),(2902,'2015-11-14 00:00:00',1024,37,'TRIED',NULL),(2903,'2015-11-14 00:00:00',1024,38,'SUCCESS',NULL),(2904,'2015-11-14 00:00:00',1024,46,'SUCCESS',NULL),(2905,'2015-11-14 00:00:00',1024,54,'EXPOSED',NULL),(2906,'2015-11-14 00:00:00',1024,55,'EXPOSED',NULL),(2907,'2015-11-14 00:00:00',1025,107,'ALMOST',NULL),(2908,'2015-11-14 00:00:00',1025,35,'TRIED',NULL),(2909,'2015-11-14 00:00:00',1025,81,'TRIED',NULL),(2910,'2015-11-14 00:00:00',1025,37,'ALMOST',NULL),(2911,'2015-11-14 00:00:00',1025,38,'TRIED',NULL),(2912,'2015-11-14 00:00:00',1025,46,'EXPOSED',NULL),(2913,'2015-11-14 00:00:00',1025,54,'EXPOSED',NULL),(2914,'2015-11-14 00:00:00',1038,76,'TRIED',NULL),(2915,'2015-11-14 00:00:00',1038,83,'SUCCESS',NULL),(2916,'2015-11-14 00:00:00',1038,84,'SUCCESS',NULL),(2917,'2015-11-14 00:00:00',1038,112,'SUCCESS',NULL),(2918,'2015-11-14 00:00:00',1038,78,'TRIED',NULL),(2919,'2015-11-14 00:00:00',1038,97,'EXPOSED',NULL),(2920,'2015-11-14 00:00:00',1038,99,'EXPOSED',NULL),(2921,'2015-11-14 00:00:00',1043,119,'SUCCESS',NULL),(2922,'2015-11-14 00:00:00',1043,125,'SUCCESS',NULL),(2923,'0001-01-01 00:00:00',1036,32,'SUCCESS',NULL),(2924,'0001-01-01 00:00:00',1036,33,'SUCCESS',NULL),(2925,'0001-01-01 00:00:00',1036,72,'SUCCESS',NULL),(2926,'0001-01-01 00:00:00',1031,26,'SUCCESS',NULL),(2927,'0001-01-01 00:00:00',1037,66,'SUCCESS',NULL),(2928,'0001-01-01 00:00:00',1029,23,'SUCCESS',NULL),(2929,'0001-01-01 00:00:00',1041,55,'SUCCESS',NULL),(2930,'0001-01-01 00:00:00',1041,33,'SUCCESS',NULL),(2931,'0001-01-01 00:00:00',1040,33,'SUCCESS',NULL),(2932,'0001-01-01 00:00:00',1040,72,'SUCCESS',NULL),(2933,'0001-01-01 00:00:00',1005,33,'SUCCESS',NULL),(2934,'0001-01-01 00:00:00',1005,56,'SUCCESS',NULL),(2935,'0001-01-01 00:00:00',1021,55,'SUCCESS',NULL),(2936,'0001-01-01 00:00:00',1025,37,'SUCCESS',NULL),(2937,'0001-01-01 00:00:00',1005,48,'SUCCESS',NULL),(2938,'0001-01-01 00:00:00',1005,55,'SUCCESS',NULL),(2939,'2015-11-21 00:00:00',1001,150,'SUCCESS',NULL),(2940,'2015-11-21 00:00:00',1001,142,'SUCCESS',NULL),(2941,'2015-11-21 00:00:00',1001,151,'ALMOST',NULL),(2942,'2015-11-21 00:00:00',1001,103,'SUCCESS',NULL),(2943,'2015-11-21 00:00:00',1001,132,'ALMOST',NULL),(2944,'2015-11-21 00:00:00',1001,136,'ALMOST',NULL),(2945,'2015-11-21 00:00:00',1001,157,'ALMOST',NULL),(2946,'2015-11-21 00:00:00',1006,154,'SUCCESS',NULL),(2947,'2015-11-21 00:00:00',1006,144,'SUCCESS',NULL),(2948,'2015-11-21 00:00:00',1006,151,'TRIED',NULL),(2949,'2015-11-21 00:00:00',1006,133,'SUCCESS',NULL),(2950,'2015-11-21 00:00:00',1006,138,'SUCCESS',NULL),(2951,'2015-11-21 00:00:00',1006,157,'TRIED',NULL),(2952,'2015-11-21 00:00:00',1044,156,'TRIED',NULL),(2953,'2015-11-21 00:00:00',1044,4,'TRIED',NULL),(2954,'2015-11-21 00:00:00',1044,129,'SUCCESS',NULL),(2955,'2015-11-21 00:00:00',1044,2,'TRIED',NULL),(2956,'2015-11-21 00:00:00',1044,32,'TRIED',NULL),(2957,'2015-11-21 00:00:00',1044,3,'TRIED',NULL),(2958,'2015-11-21 00:00:00',1044,11,'TRIED',NULL),(2959,'2015-11-21 00:00:00',1009,96,'TRIED',NULL),(2960,'2015-11-21 00:00:00',1009,153,'SUCCESS',NULL),(2961,'2015-11-21 00:00:00',1009,143,'TRIED',NULL),(2962,'2015-11-21 00:00:00',1009,151,'SUCCESS',NULL),(2963,'2015-11-21 00:00:00',1009,104,'ALMOST',NULL),(2964,'2015-11-21 00:00:00',1009,98,'SUCCESS',NULL),(2965,'2015-11-21 00:00:00',1009,100,'ALMOST',NULL),(2966,'2015-11-21 00:00:00',1011,96,'SUCCESS',NULL),(2967,'2015-11-21 00:00:00',1011,153,'SUCCESS',NULL),(2968,'2015-11-21 00:00:00',1011,143,'SUCCESS',NULL),(2969,'2015-11-21 00:00:00',1011,151,'SUCCESS',NULL),(2970,'2015-11-21 00:00:00',1011,105,'SUCCESS',NULL),(2971,'2015-11-21 00:00:00',1011,98,'EXPOSED',NULL),(2972,'2015-11-21 00:00:00',1011,100,'EXPOSED',NULL),(2973,'2015-11-21 00:00:00',1014,150,'SUCCESS',NULL),(2974,'2015-11-21 00:00:00',1014,145,'SUCCESS',NULL),(2975,'2015-11-21 00:00:00',1014,151,'SUCCESS',NULL),(2976,'2015-11-21 00:00:00',1014,106,'SUCCESS',NULL),(2977,'2015-11-21 00:00:00',1014,100,'SUCCESS',NULL),(2978,'2015-11-21 00:00:00',1014,122,'SUCCESS',NULL),(2979,'2015-11-21 00:00:00',1014,132,'TRIED',NULL),(2980,'2015-11-21 00:00:00',1016,55,'SUCCESS',NULL),(2981,'2015-11-21 00:00:00',1016,60,'SUCCESS',NULL),(2982,'2015-11-21 00:00:00',1016,75,'SUCCESS',NULL),(2983,'2015-11-21 00:00:00',1016,83,'SUCCESS',NULL),(2984,'2015-11-21 00:00:00',1016,84,'SUCCESS',NULL),(2985,'2015-11-21 00:00:00',1016,117,'TRIED',NULL),(2986,'2015-11-21 00:00:00',1016,154,'SUCCESS',NULL),(2987,'2015-11-21 00:00:00',1017,108,'TRIED',NULL),(2988,'2015-11-21 00:00:00',1017,7,'SUCCESS',NULL),(2989,'2015-11-21 00:00:00',1017,33,'ALMOST',NULL),(2990,'2015-11-21 00:00:00',1017,36,'SUCCESS',NULL),(2991,'2015-11-21 00:00:00',1017,37,'SUCCESS',NULL),(2992,'2015-11-21 00:00:00',1017,38,'EXPOSED',NULL),(2993,'2015-11-21 00:00:00',1017,46,'EXPOSED',NULL),(2994,'2015-11-21 00:00:00',1020,150,'SUCCESS',NULL),(2995,'2015-11-21 00:00:00',1020,144,'TRIED',NULL),(2996,'2015-11-21 00:00:00',1020,151,'SUCCESS',NULL),(2997,'2015-11-21 00:00:00',1020,96,'SUCCESS',NULL),(2998,'2015-11-21 00:00:00',1020,122,'SUCCESS',NULL),(2999,'2015-11-21 00:00:00',1020,133,'EXPOSED',NULL),(3000,'2015-11-21 00:00:00',1020,136,'EXPOSED',NULL),(3001,'2015-11-21 00:00:00',1021,90,'SUCCESS',NULL),(3002,'2015-11-21 00:00:00',1021,87,'SUCCESS',NULL),(3003,'2015-11-21 00:00:00',1021,153,'SUCCESS',NULL),(3004,'2015-11-21 00:00:00',1021,145,'TRIED',NULL),(3005,'2015-11-21 00:00:00',1021,151,'TRIED',NULL),(3006,'2015-11-21 00:00:00',1021,76,'SUCCESS',NULL),(3007,'2015-11-21 00:00:00',1021,98,'TRIED',NULL),(3008,'2015-11-21 00:00:00',1022,111,'SUCCESS',NULL),(3009,'2015-11-21 00:00:00',1022,155,'SUCCESS',NULL),(3010,'2015-11-21 00:00:00',1022,143,'ALMOST',NULL),(3011,'2015-11-21 00:00:00',1022,151,'TRIED',NULL),(3012,'2015-11-21 00:00:00',1022,76,'TRIED',NULL),(3013,'2015-11-21 00:00:00',1022,97,'EXPOSED',NULL),(3014,'2015-11-21 00:00:00',1022,100,'EXPOSED',NULL),(3015,'2015-11-21 00:00:00',1024,108,'SUCCESS',NULL),(3016,'2015-11-21 00:00:00',1024,82,'SUCCESS',NULL),(3017,'2015-11-21 00:00:00',1024,54,'SUCCESS',NULL),(3018,'2015-11-21 00:00:00',1024,55,'SUCCESS',NULL),(3019,'2015-11-21 00:00:00',1024,69,'SUCCESS',NULL),(3020,'2015-11-21 00:00:00',1024,72,'EXPOSED',NULL),(3021,'2015-11-21 00:00:00',1024,62,'EXPOSED',NULL),(3022,'2015-11-21 00:00:00',1025,110,'TRIED',NULL),(3023,'2015-11-21 00:00:00',1025,33,'SUCCESS',NULL),(3024,'2015-11-21 00:00:00',1025,49,'TRIED',NULL),(3025,'2015-11-21 00:00:00',1025,46,'SUCCESS',NULL),(3026,'2015-11-21 00:00:00',1025,54,'ALMOST',NULL),(3027,'2015-11-21 00:00:00',1025,55,'EXPOSED',NULL),(3028,'2015-11-21 00:00:00',1025,70,'EXPOSED',NULL),(3029,'2015-11-21 00:00:00',1027,11,'TRIED',NULL),(3030,'2015-11-21 00:00:00',1027,74,'SUCCESS',NULL),(3031,'2015-11-21 00:00:00',1027,20,'SUCCESS',NULL),(3032,'2015-11-21 00:00:00',1027,27,'TRIED',NULL),(3033,'2015-11-21 00:00:00',1027,28,'SUCCESS',NULL),(3034,'2015-11-21 00:00:00',1027,29,'EXPOSED',NULL),(3035,'2015-11-21 00:00:00',1027,23,'EXPOSED',NULL),(3036,'2015-11-21 00:00:00',1038,96,'TRIED',NULL),(3037,'2015-11-21 00:00:00',1038,153,'SUCCESS',NULL),(3038,'2015-11-21 00:00:00',1038,145,'ALMOST',NULL),(3039,'2015-11-21 00:00:00',1038,151,'SUCCESS',NULL),(3040,'2015-11-21 00:00:00',1038,104,'TRIED',NULL),(3041,'2015-11-21 00:00:00',1038,102,'EXPOSED',NULL),(3042,'2015-11-21 00:00:00',1038,99,'EXPOSED',NULL),(3043,'2015-11-21 00:00:00',1043,155,'SUCCESS',NULL),(3044,'2015-11-21 00:00:00',1043,145,'SUCCESS',NULL),(3045,'2015-11-21 00:00:00',1043,151,'SUCCESS',NULL),(3046,'2015-11-21 00:00:00',1043,132,'SUCCESS',NULL),(3047,'2015-11-21 00:00:00',1043,137,'SUCCESS',NULL),(3048,'2015-11-21 00:00:00',1043,157,'TRIED',NULL),(3049,'2015-11-21 00:00:00',1008,7,'TRIED',NULL),(3050,'2015-11-21 00:00:00',1008,49,'TRIED',NULL),(3051,'2015-11-21 00:00:00',1008,55,'ALMOST',NULL),(3052,'2015-11-21 00:00:00',1008,69,'SUCCESS',NULL),(3053,'2015-11-21 00:00:00',1008,72,'ALMOST',NULL),(3054,'2015-11-21 00:00:00',1008,62,'TRIED',NULL),(3055,'2015-11-21 00:00:00',1008,58,'TRIED',NULL),(3056,'2015-11-21 00:00:00',1019,72,'SUCCESS',NULL),(3057,'2015-11-21 00:00:00',1019,61,'SUCCESS',NULL),(3058,'2015-11-21 00:00:00',1019,58,'TRIED',NULL),(3059,'2015-11-21 00:00:00',1019,59,'ALMOST',NULL),(3060,'2015-11-21 00:00:00',1019,75,'TRIED',NULL),(3061,'2015-11-21 00:00:00',1019,83,'EXPOSED',NULL),(3062,'2015-11-21 00:00:00',1019,84,'EXPOSED',NULL),(3063,'2015-11-21 00:00:00',1023,76,'SUCCESS',NULL),(3064,'2015-11-21 00:00:00',1023,120,'SUCCESS',NULL),(3065,'2015-11-21 00:00:00',1023,154,'SUCCESS',NULL),(3066,'2015-11-21 00:00:00',1023,142,'SUCCESS',NULL),(3067,'2015-11-21 00:00:00',1023,151,'TRIED',NULL),(3068,'2015-11-21 00:00:00',1023,78,'TRIED',NULL),(3069,'2015-11-21 00:00:00',1023,102,'SUCCESS',NULL),(3070,'2015-11-21 00:00:00',1026,60,'SUCCESS',NULL),(3071,'2015-11-21 00:00:00',1026,76,'TRIED',NULL),(3072,'2015-11-21 00:00:00',1026,89,'SUCCESS',NULL),(3073,'2015-11-21 00:00:00',1026,84,'SUCCESS',NULL),(3074,'2015-11-21 00:00:00',1026,112,'TRIED',NULL),(3075,'2015-11-21 00:00:00',1026,150,'SUCCESS',NULL),(3076,'2015-11-21 00:00:00',1026,144,'SUCCESS',NULL),(3077,'2015-11-21 00:00:00',1031,49,'TRIED',NULL),(3078,'2015-11-21 00:00:00',1031,71,'SUCCESS',NULL),(3079,'2015-11-21 00:00:00',1031,72,'TRIED',NULL),(3080,'2015-11-21 00:00:00',1031,62,'SUCCESS',NULL),(3081,'2015-11-21 00:00:00',1031,58,'TRIED',NULL),(3082,'2015-11-21 00:00:00',1031,59,'EXPOSED',NULL),(3083,'2015-11-21 00:00:00',1031,75,'EXPOSED',NULL),(3084,'2015-11-21 00:00:00',1032,61,'TRIED',NULL),(3085,'2015-11-21 00:00:00',1032,76,'SUCCESS',NULL),(3086,'2015-11-21 00:00:00',1032,84,'SUCCESS',NULL),(3087,'2015-11-21 00:00:00',1032,119,'SUCCESS',NULL),(3088,'2015-11-21 00:00:00',1032,154,'ALMOST',NULL),(3089,'2015-11-21 00:00:00',1032,142,'TRIED',NULL),(3090,'2015-11-21 00:00:00',1032,151,'TRIED',NULL),(3091,'2015-11-21 00:00:00',1036,34,'SUCCESS',NULL),(3092,'2015-11-21 00:00:00',1036,61,'SUCCESS',NULL),(3093,'2015-11-21 00:00:00',1036,58,'SUCCESS',NULL),(3094,'2015-11-21 00:00:00',1036,59,'SUCCESS',NULL),(3095,'2015-11-21 00:00:00',1036,75,'SUCCESS',NULL),(3096,'2015-11-21 00:00:00',1036,83,'EXPOSED',NULL),(3097,'2015-11-21 00:00:00',1036,84,'EXPOSED',NULL),(3098,'2015-11-21 00:00:00',1037,62,'SUCCESS',NULL),(3099,'2015-11-21 00:00:00',1037,76,'SUCCESS',NULL),(3100,'2015-11-21 00:00:00',1037,83,'TRIED',NULL),(3101,'2015-11-21 00:00:00',1037,84,'SUCCESS',NULL),(3102,'2015-11-21 00:00:00',1037,111,'SUCCESS',NULL),(3103,'2015-11-21 00:00:00',1037,154,'EXPOSED',NULL),(3104,'2015-11-21 00:00:00',1037,142,'EXPOSED',NULL),(3105,'2015-11-21 00:00:00',1040,54,'SUCCESS',NULL),(3106,'2015-11-21 00:00:00',1040,55,'SUCCESS',NULL),(3107,'2015-11-21 00:00:00',1040,60,'SUCCESS',NULL),(3108,'2015-11-21 00:00:00',1040,75,'SUCCESS',NULL),(3109,'2015-11-21 00:00:00',1040,83,'SUCCESS',NULL),(3110,'2015-11-21 00:00:00',1040,84,'SUCCESS',NULL),(3111,'2015-11-21 00:00:00',1040,117,'ALMOST',NULL),(3112,'2015-11-21 00:00:00',1042,72,'ALMOST',NULL),(3113,'2015-11-21 00:00:00',1042,57,'SUCCESS',NULL),(3114,'2015-11-21 00:00:00',1042,60,'SUCCESS',NULL),(3115,'2015-11-21 00:00:00',1042,75,'SUCCESS',NULL),(3116,'2015-11-21 00:00:00',1042,83,'TRIED',NULL),(3117,'2015-11-21 00:00:00',1042,84,'EXPOSED',NULL),(3118,'2015-11-21 00:00:00',1042,119,'EXPOSED',NULL),(3119,'2015-11-21 00:00:00',1002,119,'SUCCESS',NULL),(3120,'2015-11-21 00:00:00',1002,154,'SUCCESS',NULL),(3121,'2015-11-21 00:00:00',1002,144,'SUCCESS',NULL),(3122,'2015-11-21 00:00:00',1002,151,'SUCCESS',NULL),(3123,'2015-11-21 00:00:00',1002,96,'TRIED',NULL),(3124,'2015-11-21 00:00:00',1002,121,'EXPOSED',NULL),(3125,'2015-11-21 00:00:00',1002,133,'EXPOSED',NULL),(3126,'2015-11-21 00:00:00',1003,11,'TRIED',NULL),(3127,'2015-11-21 00:00:00',1003,107,'TRIED',NULL),(3128,'2015-11-21 00:00:00',1003,35,'SUCCESS',NULL),(3129,'2015-11-21 00:00:00',1003,73,'TRIED',NULL),(3130,'2015-11-21 00:00:00',1003,23,'SUCCESS',NULL),(3131,'2015-11-21 00:00:00',1003,24,'EXPOSED',NULL),(3132,'2015-11-21 00:00:00',1003,32,'EXPOSED',NULL),(3133,'2015-11-21 00:00:00',1005,60,'SUCCESS',NULL),(3134,'2015-11-21 00:00:00',1005,76,'SUCCESS',NULL),(3135,'2015-11-21 00:00:00',1005,83,'ALMOST',NULL),(3136,'2015-11-21 00:00:00',1005,84,'SUCCESS',NULL),(3137,'2015-11-21 00:00:00',1005,120,'TRIED',NULL),(3138,'2015-11-21 00:00:00',1005,150,'EXPOSED',NULL),(3139,'2015-11-21 00:00:00',1005,142,'EXPOSED',NULL),(3140,'2015-11-21 00:00:00',1012,11,'TRIED',NULL),(3141,'2015-11-21 00:00:00',1012,60,'SUCCESS',NULL),(3142,'2015-11-21 00:00:00',1012,76,'SUCCESS',NULL),(3143,'2015-11-21 00:00:00',1012,83,'SUCCESS',NULL),(3144,'2015-11-21 00:00:00',1012,84,'TRIED',NULL),(3145,'2015-11-21 00:00:00',1012,112,'TRIED',NULL),(3146,'2015-11-21 00:00:00',1012,155,'SUCCESS',NULL),(3147,'2015-11-21 00:00:00',1015,103,'ALMOST',NULL),(3148,'2015-11-21 00:00:00',1015,153,'SUCCESS',NULL),(3149,'2015-11-21 00:00:00',1015,142,'SUCCESS',NULL),(3150,'2015-11-21 00:00:00',1015,151,'TRIED',NULL),(3151,'2015-11-21 00:00:00',1015,121,'TRIED',NULL),(3152,'2015-11-21 00:00:00',1015,102,'EXPOSED',NULL),(3153,'2015-11-21 00:00:00',1015,99,'EXPOSED',NULL),(3154,'2015-11-21 00:00:00',1018,63,'ALMOST',NULL),(3155,'2015-11-21 00:00:00',1018,76,'TRIED',NULL),(3156,'2015-11-21 00:00:00',1018,88,'TRIED',NULL),(3157,'2015-11-21 00:00:00',1018,119,'SUCCESS',NULL),(3158,'2015-11-21 00:00:00',1018,155,'SUCCESS',NULL),(3159,'2015-11-21 00:00:00',1018,143,'EXPOSED',NULL),(3160,'2015-11-21 00:00:00',1018,151,'EXPOSED',NULL),(3161,'2015-11-21 00:00:00',1028,34,'ALMOST',NULL),(3162,'2015-11-21 00:00:00',1028,55,'SUCCESS',NULL),(3163,'2015-11-21 00:00:00',1028,58,'SUCCESS',NULL),(3164,'2015-11-21 00:00:00',1028,59,'SUCCESS',NULL),(3165,'2015-11-21 00:00:00',1028,75,'SUCCESS',NULL),(3166,'2015-11-21 00:00:00',1028,83,'SUCCESS',NULL),(3167,'2015-11-21 00:00:00',1028,84,'SUCCESS',NULL),(3168,'2015-11-21 00:00:00',1029,35,'TRIED',NULL),(3169,'2015-11-21 00:00:00',1029,7,'TRIED',NULL),(3170,'2015-11-21 00:00:00',1029,24,'SUCCESS',NULL),(3171,'2015-11-21 00:00:00',1029,32,'SUCCESS',NULL),(3172,'2015-11-21 00:00:00',1029,33,'TRIED',NULL),(3173,'2015-11-21 00:00:00',1029,34,'EXPOSED',NULL),(3174,'2015-11-21 00:00:00',1029,36,'EXPOSED',NULL),(3175,'2015-11-21 00:00:00',1030,57,'SUCCESS',NULL),(3176,'2015-11-21 00:00:00',1030,76,'TRIED',NULL),(3177,'2015-11-21 00:00:00',1030,90,'SUCCESS',NULL),(3178,'2015-11-21 00:00:00',1030,88,'SUCCESS',NULL),(3179,'2015-11-21 00:00:00',1030,117,'TRIED',NULL),(3180,'2015-11-21 00:00:00',1030,153,'SUCCESS',NULL),(3181,'2015-11-21 00:00:00',1030,145,'TRIED',NULL),(3182,'2015-11-21 00:00:00',1033,76,'TRIED',NULL),(3183,'2015-11-21 00:00:00',1033,84,'SUCCESS',NULL),(3184,'2015-11-21 00:00:00',1033,120,'SUCCESS',NULL),(3185,'2015-11-21 00:00:00',1033,155,'SUCCESS',NULL),(3186,'2015-11-21 00:00:00',1033,143,'TRIED',NULL),(3187,'2015-11-21 00:00:00',1033,151,'TRIED',NULL),(3188,'2015-11-21 00:00:00',1033,78,'SUCCESS',NULL),(3189,'2015-11-21 00:00:00',1034,55,'SUCCESS',NULL),(3190,'2015-11-21 00:00:00',1034,72,'SUCCESS',NULL),(3191,'2015-11-21 00:00:00',1034,57,'SUCCESS',NULL),(3192,'2015-11-21 00:00:00',1034,58,'SUCCESS',NULL),(3193,'2015-11-21 00:00:00',1034,59,'SUCCESS',NULL),(3194,'2015-11-21 00:00:00',1034,75,'EXPOSED',NULL),(3195,'2015-11-21 00:00:00',1034,83,'EXPOSED',NULL),(3196,'2015-11-21 00:00:00',1035,76,'TRIED',NULL),(3197,'2015-11-21 00:00:00',1035,150,'SUCCESS',NULL),(3198,'2015-11-21 00:00:00',1035,144,'TRIED',NULL),(3199,'2015-11-21 00:00:00',1035,151,'SUCCESS',NULL),(3200,'2015-11-21 00:00:00',1035,78,'TRIED',NULL),(3201,'2015-11-21 00:00:00',1035,98,'SUCCESS',NULL),(3202,'2015-11-21 00:00:00',1035,101,'SUCCESS',NULL),(3203,'2015-11-21 00:00:00',1039,130,'TRIED',NULL),(3204,'2015-11-21 00:00:00',1039,55,'SUCCESS',NULL),(3205,'2015-11-21 00:00:00',1039,68,'SUCCESS',NULL),(3206,'2015-11-21 00:00:00',1039,72,'SUCCESS',NULL),(3207,'2015-11-21 00:00:00',1039,57,'TRIED',NULL),(3208,'2015-11-21 00:00:00',1039,58,'EXPOSED',NULL),(3209,'2015-11-21 00:00:00',1039,59,'EXPOSED',NULL),(3210,'2015-11-21 00:00:00',1041,108,'SUCCESS',NULL),(3211,'2015-11-21 00:00:00',1041,60,'SUCCESS',NULL),(3212,'2015-11-21 00:00:00',1041,75,'TRIED',NULL),(3213,'2015-11-21 00:00:00',1041,83,'SUCCESS',NULL),(3214,'2015-11-21 00:00:00',1041,84,'SUCCESS',NULL),(3215,'2015-11-21 00:00:00',1041,112,'TRIED',NULL),(3216,'2015-11-21 00:00:00',1041,155,'TRIED',NULL),(3217,'0001-01-01 00:00:00',1009,49,'SUCCESS',NULL),(3218,'0001-01-01 00:00:00',1009,58,'SUCCESS',NULL),(3219,'0001-01-01 00:00:00',1018,63,'SUCCESS',NULL),(3220,'0001-01-01 00:00:00',1030,33,'SUCCESS',NULL),(3221,'0001-01-01 00:00:00',1037,72,'SUCCESS',NULL),(3222,'0001-01-01 00:00:00',1040,117,'SUCCESS',NULL),(3223,'0001-01-01 00:00:00',1032,32,'SUCCESS',NULL),(3224,'0001-01-01 00:00:00',1012,82,'SUCCESS',NULL),(3225,'0001-01-01 00:00:00',1017,33,'SUCCESS',NULL),(3226,'0001-01-01 00:00:00',1012,35,'SUCCESS',NULL),(3227,'0001-01-01 00:00:00',1030,80,'SUCCESS',NULL),(3228,'0001-01-01 00:00:00',1026,48,'SUCCESS',NULL),(3229,'0001-01-01 00:00:00',1026,81,'SUCCESS',NULL),(3230,'2015-11-28 00:00:00',1004,86,'TRIED',NULL),(3231,'2015-11-28 00:00:00',1004,85,'TRIED',NULL),(3232,'2015-11-28 00:00:00',1004,109,'TRIED',NULL),(3233,'2015-11-28 00:00:00',1004,32,'SUCCESS',NULL),(3234,'2015-11-28 00:00:00',1004,33,'ALMOST',NULL),(3235,'2015-11-28 00:00:00',1004,34,'SUCCESS',NULL),(3236,'2015-11-28 00:00:00',1004,36,'SUCCESS',NULL),(3237,'2015-11-28 00:00:00',1008,7,'SUCCESS',NULL),(3238,'2015-11-28 00:00:00',1008,49,'TRIED',NULL),(3239,'2015-11-28 00:00:00',1008,62,'ALMOST',NULL),(3240,'2015-11-28 00:00:00',1008,59,'SUCCESS',NULL),(3241,'2015-11-28 00:00:00',1008,60,'ALMOST',NULL),(3242,'2015-11-28 00:00:00',1008,75,'TRIED',NULL),(3243,'2015-11-28 00:00:00',1008,83,'TRIED',NULL),(3244,'2015-11-28 00:00:00',1019,60,'SUCCESS',NULL),(3245,'2015-11-28 00:00:00',1019,76,'TRIED',NULL),(3246,'2015-11-28 00:00:00',1019,83,'SUCCESS',NULL),(3247,'2015-11-28 00:00:00',1019,84,'SUCCESS',NULL),(3248,'2015-11-28 00:00:00',1019,112,'TRIED',NULL),(3249,'2015-11-28 00:00:00',1019,150,'TRIED',NULL),(3250,'2015-11-28 00:00:00',1019,143,'TRIED',NULL),(3251,'2015-11-28 00:00:00',1023,152,'SUCCESS',NULL),(3252,'2015-11-28 00:00:00',1023,169,'TRIED',NULL),(3253,'2015-11-28 00:00:00',1023,158,'ALMOST',NULL),(3254,'2015-11-28 00:00:00',1023,96,'TRIED',NULL),(3255,'2015-11-28 00:00:00',1023,99,'TRIED',NULL),(3256,'2015-11-28 00:00:00',1023,121,'EXPOSED',NULL),(3257,'2015-11-28 00:00:00',1023,133,'EXPOSED',NULL),(3258,'2015-11-28 00:00:00',1026,78,'ALMOST',NULL),(3259,'2015-11-28 00:00:00',1026,117,'ALMOST',NULL),(3260,'2015-11-28 00:00:00',1026,151,'SUCCESS',NULL),(3261,'2015-11-28 00:00:00',1026,169,'TRIED',NULL),(3262,'2015-11-28 00:00:00',1026,158,'ALMOST',NULL),(3263,'2015-11-28 00:00:00',1026,96,'EXPOSED',NULL),(3264,'2015-11-28 00:00:00',1026,98,'EXPOSED',NULL),(3265,'2015-11-28 00:00:00',1031,49,'TRIED',NULL),(3266,'2015-11-28 00:00:00',1031,72,'SUCCESS',NULL),(3267,'2015-11-28 00:00:00',1031,59,'SUCCESS',NULL),(3268,'2015-11-28 00:00:00',1031,60,'SUCCESS',NULL),(3269,'2015-11-28 00:00:00',1031,75,'SUCCESS',NULL),(3270,'2015-11-28 00:00:00',1031,83,'EXPOSED',NULL),(3271,'2015-11-28 00:00:00',1031,84,'EXPOSED',NULL),(3272,'2015-11-28 00:00:00',1032,57,'SUCCESS',NULL),(3273,'2015-11-28 00:00:00',1032,143,'SUCCESS',NULL),(3274,'2015-11-28 00:00:00',1032,152,'TRIED',NULL),(3275,'2015-11-28 00:00:00',1032,168,'TRIED',NULL),(3276,'2015-11-28 00:00:00',1032,159,'TRIED',NULL),(3277,'2015-11-28 00:00:00',1032,78,'EXPOSED',NULL),(3278,'2015-11-28 00:00:00',1032,102,'EXPOSED',NULL),(3279,'2015-11-28 00:00:00',1036,83,'ALMOST',NULL),(3280,'2015-11-28 00:00:00',1036,84,'SUCCESS',NULL),(3281,'2015-11-28 00:00:00',1036,112,'SUCCESS',NULL),(3282,'2015-11-28 00:00:00',1036,155,'SUCCESS',NULL),(3283,'2015-11-28 00:00:00',1036,143,'SUCCESS',NULL),(3284,'2015-11-28 00:00:00',1036,151,'EXPOSED',NULL),(3285,'2015-11-28 00:00:00',1036,169,'EXPOSED',NULL),(3286,'2015-11-28 00:00:00',1037,90,'SUCCESS',NULL),(3287,'2015-11-28 00:00:00',1037,150,'ALMOST',NULL),(3288,'2015-11-28 00:00:00',1037,144,'SUCCESS',NULL),(3289,'2015-11-28 00:00:00',1037,151,'SUCCESS',NULL),(3290,'2015-11-28 00:00:00',1037,169,'ALMOST',NULL),(3291,'2015-11-28 00:00:00',1037,159,'TRIED',NULL),(3292,'2015-11-28 00:00:00',1037,78,'TRIED',NULL),(3293,'2015-11-28 00:00:00',1040,154,'SUCCESS',NULL),(3294,'2015-11-28 00:00:00',1040,142,'ALMOST',NULL),(3295,'2015-11-28 00:00:00',1040,151,'SUCCESS',NULL),(3296,'2015-11-28 00:00:00',1040,169,'TRIED',NULL),(3297,'2015-11-28 00:00:00',1040,159,'TRIED',NULL),(3298,'2015-11-28 00:00:00',1040,76,'SUCCESS',NULL),(3299,'2015-11-28 00:00:00',1040,102,'SUCCESS',NULL),(3300,'2015-11-28 00:00:00',1042,89,'SUCCESS',NULL),(3301,'2015-11-28 00:00:00',1042,84,'SUCCESS',NULL),(3302,'2015-11-28 00:00:00',1042,119,'SUCCESS',NULL),(3303,'2015-11-28 00:00:00',1042,150,'ALMOST',NULL),(3304,'2015-11-28 00:00:00',1042,143,'SUCCESS',NULL),(3305,'2015-11-28 00:00:00',1042,151,'TRIED',NULL),(3306,'2015-11-28 00:00:00',1042,168,'TRIED',NULL),(3307,'2015-11-28 00:00:00',1002,169,'SUCCESS',NULL),(3308,'2015-11-28 00:00:00',1002,158,'TRIED',NULL),(3309,'2015-11-28 00:00:00',1002,105,'SUCCESS',NULL),(3310,'2015-11-28 00:00:00',1002,121,'TRIED',NULL),(3311,'2015-11-28 00:00:00',1002,133,'SUCCESS',NULL),(3312,'2015-11-28 00:00:00',1002,137,'EXPOSED',NULL),(3313,'2015-11-28 00:00:00',1002,163,'EXPOSED',NULL),(3314,'2015-11-28 00:00:00',1003,11,'TRIED',NULL),(3315,'2015-11-28 00:00:00',1003,108,'TRIED',NULL),(3316,'2015-11-28 00:00:00',1003,126,'TRIED',NULL),(3317,'2015-11-28 00:00:00',1003,24,'SUCCESS',NULL),(3318,'2015-11-28 00:00:00',1003,32,'ALMOST',NULL),(3319,'2015-11-28 00:00:00',1003,33,'TRIED',NULL),(3320,'2015-11-28 00:00:00',1003,34,'EXPOSED',NULL),(3321,'2015-11-28 00:00:00',1005,119,'TRIED',NULL),(3322,'2015-11-28 00:00:00',1005,154,'SUCCESS',NULL),(3323,'2015-11-28 00:00:00',1005,142,'SUCCESS',NULL),(3324,'2015-11-28 00:00:00',1005,151,'ALMOST',NULL),(3325,'2015-11-28 00:00:00',1005,169,'TRIED',NULL),(3326,'2015-11-28 00:00:00',1005,158,'EXPOSED',NULL),(3327,'2015-11-28 00:00:00',1005,78,'EXPOSED',NULL),(3328,'2015-11-28 00:00:00',1012,11,'SUCCESS',NULL),(3329,'2015-11-28 00:00:00',1012,87,'TRIED',NULL),(3330,'2015-11-28 00:00:00',1012,120,'SUCCESS',NULL),(3331,'2015-11-28 00:00:00',1012,143,'ALMOST',NULL),(3332,'2015-11-28 00:00:00',1012,151,'TRIED',NULL),(3333,'2015-11-28 00:00:00',1012,168,'TRIED',NULL),(3334,'2015-11-28 00:00:00',1012,159,'TRIED',NULL),(3335,'2015-11-28 00:00:00',1015,152,'TRIED',NULL),(3336,'2015-11-28 00:00:00',1015,168,'TRIED',NULL),(3337,'2015-11-28 00:00:00',1015,159,'TRIED',NULL),(3338,'2015-11-28 00:00:00',1015,121,'TRIED',NULL),(3339,'2015-11-28 00:00:00',1015,97,'SUCCESS',NULL),(3340,'2015-11-28 00:00:00',1015,99,'EXPOSED',NULL),(3341,'2015-11-28 00:00:00',1015,125,'EXPOSED',NULL),(3342,'2015-11-28 00:00:00',1018,78,'ALMOST',NULL),(3343,'2015-11-28 00:00:00',1018,88,'TRIED',NULL),(3344,'2015-11-28 00:00:00',1018,145,'TRIED',NULL),(3345,'2015-11-28 00:00:00',1018,151,'TRIED',NULL),(3346,'2015-11-28 00:00:00',1018,168,'TRIED',NULL),(3347,'2015-11-28 00:00:00',1018,159,'EXPOSED',NULL),(3348,'2015-11-28 00:00:00',1018,96,'EXPOSED',NULL),(3349,'2015-11-28 00:00:00',1028,119,'SUCCESS',NULL),(3350,'2015-11-28 00:00:00',1028,153,'SUCCESS',NULL),(3351,'2015-11-28 00:00:00',1028,145,'SUCCESS',NULL),(3352,'2015-11-28 00:00:00',1028,151,'SUCCESS',NULL),(3353,'2015-11-28 00:00:00',1028,168,'TRIED',NULL),(3354,'2015-11-28 00:00:00',1028,159,'EXPOSED',NULL),(3355,'2015-11-28 00:00:00',1028,76,'EXPOSED',NULL),(3356,'2015-11-28 00:00:00',1029,110,'SUCCESS',NULL),(3357,'2015-11-28 00:00:00',1029,7,'SUCCESS',NULL),(3358,'2015-11-28 00:00:00',1029,81,'TRIED',NULL),(3359,'2015-11-28 00:00:00',1029,34,'SUCCESS',NULL),(3360,'2015-11-28 00:00:00',1029,36,'SUCCESS',NULL),(3361,'2015-11-28 00:00:00',1029,37,'TRIED',NULL),(3362,'2015-11-28 00:00:00',1029,38,'SUCCESS',NULL),(3363,'2015-11-28 00:00:00',1030,78,'TRIED',NULL),(3364,'2015-11-28 00:00:00',1030,120,'SUCCESS',NULL),(3365,'2015-11-28 00:00:00',1030,142,'ALMOST',NULL),(3366,'2015-11-28 00:00:00',1030,151,'SUCCESS',NULL),(3367,'2015-11-28 00:00:00',1030,169,'TRIED',NULL),(3368,'2015-11-28 00:00:00',1030,158,'SUCCESS',NULL),(3369,'2015-11-28 00:00:00',1030,96,'SUCCESS',NULL),(3370,'2015-11-28 00:00:00',1033,144,'SUCCESS',NULL),(3371,'2015-11-28 00:00:00',1033,152,'SUCCESS',NULL),(3372,'2015-11-28 00:00:00',1033,169,'TRIED',NULL),(3373,'2015-11-28 00:00:00',1033,158,'ALMOST',NULL),(3374,'2015-11-28 00:00:00',1033,96,'SUCCESS',NULL),(3375,'2015-11-28 00:00:00',1033,97,'EXPOSED',NULL),(3376,'2015-11-28 00:00:00',1033,101,'EXPOSED',NULL),(3377,'2015-11-28 00:00:00',1034,75,'TRIED',NULL),(3378,'2015-11-28 00:00:00',1034,83,'SUCCESS',NULL),(3379,'2015-11-28 00:00:00',1034,84,'TRIED',NULL),(3380,'2015-11-28 00:00:00',1034,111,'TRIED',NULL),(3381,'2015-11-28 00:00:00',1034,154,'SUCCESS',NULL),(3382,'2015-11-28 00:00:00',1034,142,'TRIED',NULL),(3383,'2015-11-28 00:00:00',1034,151,'TRIED',NULL),(3384,'2015-11-28 00:00:00',1035,96,'TRIED',NULL),(3385,'2015-11-28 00:00:00',1035,145,'TRIED',NULL),(3386,'2015-11-28 00:00:00',1035,168,'TRIED',NULL),(3387,'2015-11-28 00:00:00',1035,159,'TRIED',NULL),(3388,'2015-11-28 00:00:00',1035,106,'TRIED',NULL),(3389,'2015-11-28 00:00:00',1035,121,'EXPOSED',NULL),(3390,'2015-11-28 00:00:00',1035,132,'EXPOSED',NULL),(3391,'2015-11-28 00:00:00',1039,34,'ALMOST',NULL),(3392,'2015-11-28 00:00:00',1039,61,'TRIED',NULL),(3393,'2015-11-28 00:00:00',1039,58,'TRIED',NULL),(3394,'2015-11-28 00:00:00',1039,59,'SUCCESS',NULL),(3395,'2015-11-28 00:00:00',1039,75,'TRIED',NULL),(3396,'2015-11-28 00:00:00',1039,83,'SUCCESS',NULL),(3397,'2015-11-28 00:00:00',1039,84,'SUCCESS',NULL),(3398,'2015-11-28 00:00:00',1041,76,'SUCCESS',NULL),(3399,'2015-11-28 00:00:00',1041,117,'TRIED',NULL),(3400,'2015-11-28 00:00:00',1041,153,'SUCCESS',NULL),(3401,'2015-11-28 00:00:00',1041,145,'ALMOST',NULL),(3402,'2015-11-28 00:00:00',1041,151,'SUCCESS',NULL),(3403,'2015-11-28 00:00:00',1041,168,'TRIED',NULL),(3404,'2015-11-28 00:00:00',1041,158,'ALMOST',NULL),(3405,'2015-11-28 00:00:00',1001,168,'SUCCESS',NULL),(3406,'2015-11-28 00:00:00',1001,158,'TRIED',NULL),(3407,'2015-11-28 00:00:00',1001,162,'SUCCESS',NULL),(3408,'2015-11-28 00:00:00',1006,152,'SUCCESS',NULL),(3409,'2015-11-28 00:00:00',1006,169,'TRIED',NULL),(3410,'2015-11-28 00:00:00',1006,158,'SUCCESS',NULL),(3411,'2015-11-28 00:00:00',1006,163,'SUCCESS',NULL),(3412,'2015-11-28 00:00:00',1006,157,'TRIED',NULL),(3413,'2015-11-28 00:00:00',1044,128,'SUCCESS',NULL),(3414,'2015-11-28 00:00:00',1044,4,'ALMOST',NULL),(3415,'2015-11-28 00:00:00',1044,2,'SUCCESS',NULL),(3416,'2015-11-28 00:00:00',1044,32,'SUCCESS',NULL),(3417,'2015-11-28 00:00:00',1044,3,'TRIED',NULL),(3418,'2015-11-28 00:00:00',1044,10,'TRIED',NULL),(3419,'2015-11-28 00:00:00',1044,6,'TRIED',NULL),(3420,'2015-11-28 00:00:00',1009,142,'TRIED',NULL),(3421,'2015-11-28 00:00:00',1009,169,'TRIED',NULL),(3422,'2015-11-28 00:00:00',1009,159,'TRIED',NULL),(3423,'2015-11-28 00:00:00',1009,121,'TRIED',NULL),(3424,'2015-11-28 00:00:00',1009,124,'SUCCESS',NULL),(3425,'2015-11-28 00:00:00',1009,133,'EXPOSED',NULL),(3426,'2015-11-28 00:00:00',1009,136,'EXPOSED',NULL),(3427,'2015-11-28 00:00:00',1011,168,'SUCCESS',NULL),(3428,'2015-11-28 00:00:00',1011,159,'TRIED',NULL),(3429,'2015-11-28 00:00:00',1011,102,'SUCCESS',NULL),(3430,'2015-11-28 00:00:00',1011,100,'SUCCESS',NULL),(3431,'2015-11-28 00:00:00',1011,122,'TRIED',NULL),(3432,'2015-11-28 00:00:00',1011,132,'EXPOSED',NULL),(3433,'2015-11-28 00:00:00',1011,138,'EXPOSED',NULL),(3434,'2015-11-28 00:00:00',1013,23,'TRIED',NULL),(3435,'2015-11-28 00:00:00',1013,26,'SUCCESS',NULL),(3436,'2015-11-28 00:00:00',1013,81,'TRIED',NULL),(3437,'2015-11-28 00:00:00',1013,34,'SUCCESS',NULL),(3438,'2015-11-28 00:00:00',1013,36,'SUCCESS',NULL),(3439,'2015-11-28 00:00:00',1013,37,'EXPOSED',NULL),(3440,'2015-11-28 00:00:00',1013,38,'EXPOSED',NULL),(3441,'2015-11-28 00:00:00',1014,169,'ALMOST',NULL),(3442,'2015-11-28 00:00:00',1014,158,'TRIED',NULL),(3443,'2015-11-28 00:00:00',1014,124,'SUCCESS',NULL),(3444,'2015-11-28 00:00:00',1014,133,'ALMOST',NULL),(3445,'2015-11-28 00:00:00',1014,136,'TRIED',NULL),(3446,'2015-11-28 00:00:00',1014,162,'EXPOSED',NULL),(3447,'2015-11-28 00:00:00',1016,111,'SUCCESS',NULL),(3448,'2015-11-28 00:00:00',1016,144,'SUCCESS',NULL),(3449,'2015-11-28 00:00:00',1016,151,'SUCCESS',NULL),(3450,'2015-11-28 00:00:00',1016,169,'TRIED',NULL),(3451,'2015-11-28 00:00:00',1016,158,'TRIED',NULL),(3452,'2015-11-28 00:00:00',1016,76,'EXPOSED',NULL),(3453,'2015-11-28 00:00:00',1016,98,'EXPOSED',NULL),(3454,'2015-11-28 00:00:00',1017,19,'TRIED',NULL),(3455,'2015-11-28 00:00:00',1017,38,'SUCCESS',NULL),(3456,'2015-11-28 00:00:00',1017,46,'SUCCESS',NULL),(3457,'2015-11-28 00:00:00',1017,54,'TRIED',NULL),(3458,'2015-11-28 00:00:00',1017,55,'ALMOST',NULL),(3459,'2015-11-28 00:00:00',1017,70,'EXPOSED',NULL),(3460,'2015-11-28 00:00:00',1017,72,'EXPOSED',NULL),(3461,'2015-11-28 00:00:00',1020,142,'ALMOST',NULL),(3462,'2015-11-28 00:00:00',1020,169,'SUCCESS',NULL),(3463,'2015-11-28 00:00:00',1020,158,'ALMOST',NULL),(3464,'2015-11-28 00:00:00',1020,131,'ALMOST',NULL),(3465,'2015-11-28 00:00:00',1020,132,'TRIED',NULL),(3466,'2015-11-28 00:00:00',1020,137,'EXPOSED',NULL),(3467,'2015-11-28 00:00:00',1020,163,'EXPOSED',NULL),(3468,'2015-11-28 00:00:00',1021,144,'ALMOST',NULL),(3469,'2015-11-28 00:00:00',1021,152,'TRIED',NULL),(3470,'2015-11-28 00:00:00',1021,168,'TRIED',NULL),(3471,'2015-11-28 00:00:00',1021,159,'TRIED',NULL),(3472,'2015-11-28 00:00:00',1021,102,'ALMOST',NULL),(3473,'2015-11-28 00:00:00',1021,100,'EXPOSED',NULL),(3474,'2015-11-28 00:00:00',1021,122,'EXPOSED',NULL),(3475,'2015-11-28 00:00:00',1022,152,'SUCCESS',NULL),(3476,'2015-11-28 00:00:00',1022,168,'TRIED',NULL),(3477,'2015-11-28 00:00:00',1022,159,'TRIED',NULL),(3478,'2015-11-28 00:00:00',1022,78,'SUCCESS',NULL),(3479,'2015-11-28 00:00:00',1022,97,'SUCCESS',NULL),(3480,'2015-11-28 00:00:00',1022,100,'EXPOSED',NULL),(3481,'2015-11-28 00:00:00',1022,122,'EXPOSED',NULL),(3482,'2015-11-28 00:00:00',1024,72,'SUCCESS',NULL),(3483,'2015-11-28 00:00:00',1024,61,'SUCCESS',NULL),(3484,'2015-11-28 00:00:00',1024,58,'TRIED',NULL),(3485,'2015-11-28 00:00:00',1024,59,'SUCCESS',NULL),(3486,'2015-11-28 00:00:00',1024,75,'SUCCESS',NULL),(3487,'2015-11-28 00:00:00',1024,83,'SUCCESS',NULL),(3488,'2015-11-28 00:00:00',1024,84,'TRIED',NULL),(3489,'2015-11-28 00:00:00',1025,110,'TRIED',NULL),(3490,'2015-11-28 00:00:00',1025,49,'TRIED',NULL),(3491,'2015-11-28 00:00:00',1025,55,'SUCCESS',NULL),(3492,'2015-11-28 00:00:00',1025,69,'SUCCESS',NULL),(3493,'2015-11-28 00:00:00',1025,72,'TRIED',NULL),(3494,'2015-11-28 00:00:00',1025,62,'EXPOSED',NULL),(3495,'2015-11-28 00:00:00',1025,58,'EXPOSED',NULL),(3496,'2015-11-28 00:00:00',1027,11,'TRIED',NULL),(3497,'2015-11-28 00:00:00',1027,31,'TRIED',NULL),(3498,'2015-11-28 00:00:00',1027,29,'TRIED',NULL),(3499,'2015-11-28 00:00:00',1027,23,'TRIED',NULL),(3500,'2015-11-28 00:00:00',1027,24,'SUCCESS',NULL),(3501,'2015-11-28 00:00:00',1027,32,'EXPOSED',NULL),(3502,'2015-11-28 00:00:00',1027,33,'EXPOSED',NULL),(3503,'2015-11-28 00:00:00',1038,103,'SUCCESS',NULL),(3504,'2015-11-28 00:00:00',1038,168,'SUCCESS',NULL),(3505,'2015-11-28 00:00:00',1038,158,'TRIED',NULL),(3506,'2015-11-28 00:00:00',1038,122,'TRIED',NULL),(3507,'2015-11-28 00:00:00',1038,98,'SUCCESS',NULL),(3508,'2015-11-28 00:00:00',1038,99,'EXPOSED',NULL),(3509,'2015-11-28 00:00:00',1038,123,'EXPOSED',NULL),(3510,'2015-11-28 00:00:00',1043,168,'TRIED',NULL),(3511,'2015-11-28 00:00:00',1043,159,'TRIED',NULL),(3512,'2015-11-28 00:00:00',1043,162,'SUCCESS',NULL),(3513,'2015-11-28 00:00:00',1043,157,'ALMOST',NULL),(3514,'0001-01-01 00:00:00',1037,150,'SUCCESS',NULL),(3515,'0001-01-01 00:00:00',1037,169,'SUCCESS',NULL),(3516,'0001-01-01 00:00:00',1039,33,'SUCCESS',NULL),(3517,'0001-01-01 00:00:00',1030,142,'SUCCESS',NULL),(3518,'0001-01-01 00:00:00',1005,83,'SUCCESS',NULL),(3519,'0001-01-01 00:00:00',1005,151,'SUCCESS',NULL),(3520,'2015-12-05 00:00:00',1002,158,'SUCCESS',NULL),(3521,'2015-12-05 00:00:00',1002,125,'SUCCESS',NULL),(3522,'2015-12-05 00:00:00',1002,136,'TRIED',NULL),(3523,'2015-12-05 00:00:00',1002,162,'TRIED',NULL),(3524,'2015-12-05 00:00:00',1003,11,'SUCCESS',NULL),(3525,'2015-12-05 00:00:00',1003,19,'TRIED',NULL),(3526,'2015-12-05 00:00:00',1003,7,'TRIED',NULL),(3527,'2015-12-05 00:00:00',1003,81,'TRIED',NULL),(3528,'2015-12-05 00:00:00',1003,36,'SUCCESS',NULL),(3529,'2015-12-05 00:00:00',1003,37,'SUCCESS',NULL),(3530,'2015-12-05 00:00:00',1003,38,'SUCCESS',NULL),(3531,'2015-12-05 00:00:00',1003,184,'TRIED',NULL),(3532,'2015-12-05 00:00:00',1003,54,'TRIED',NULL),(3533,'2015-12-05 00:00:00',1005,120,'SUCCESS',NULL),(3534,'2015-12-05 00:00:00',1005,169,'SUCCESS',NULL),(3535,'2015-12-05 00:00:00',1005,158,'TRIED',NULL),(3536,'2015-12-05 00:00:00',1005,78,'TRIED',NULL),(3537,'2015-12-05 00:00:00',1005,98,'SUCCESS',NULL),(3538,'2015-12-05 00:00:00',1005,99,'SUCCESS',NULL),(3539,'2015-12-05 00:00:00',1005,122,'TRIED',NULL),(3540,'2015-12-05 00:00:00',1005,133,'TRIED',NULL),(3541,'2015-12-05 00:00:00',1005,137,'TRIED',NULL),(3542,'2015-12-05 00:00:00',1012,88,'TRIED',NULL),(3543,'2015-12-05 00:00:00',1012,152,'TRIED',NULL),(3544,'2015-12-05 00:00:00',1012,169,'SUCCESS',NULL),(3545,'2015-12-05 00:00:00',1012,158,'TRIED',NULL),(3546,'2015-12-05 00:00:00',1012,78,'TRIED',NULL),(3547,'2015-12-05 00:00:00',1012,97,'EXPOSED',NULL),(3548,'2015-12-05 00:00:00',1012,100,'EXPOSED',NULL),(3549,'2015-12-05 00:00:00',1012,122,'EXPOSED',NULL),(3550,'2015-12-05 00:00:00',1012,133,'EXPOSED',NULL),(3551,'2015-12-05 00:00:00',1015,175,'ALMOST',NULL),(3552,'2015-12-05 00:00:00',1015,168,'TRIED',NULL),(3553,'2015-12-05 00:00:00',1015,158,'TRIED',NULL),(3554,'2015-12-05 00:00:00',1015,121,'ALMOST',NULL),(3555,'2015-12-05 00:00:00',1015,101,'SUCCESS',NULL),(3556,'2015-12-05 00:00:00',1015,123,'EXPOSED',NULL),(3557,'2015-12-05 00:00:00',1015,132,'EXPOSED',NULL),(3558,'2015-12-05 00:00:00',1015,137,'EXPOSED',NULL),(3559,'2015-12-05 00:00:00',1015,163,'EXPOSED',NULL),(3560,'2015-12-05 00:00:00',1018,87,'TRIED',NULL),(3561,'2015-12-05 00:00:00',1018,145,'ALMOST',NULL),(3562,'2015-12-05 00:00:00',1018,152,'TRIED',NULL),(3563,'2015-12-05 00:00:00',1018,168,'SUCCESS',NULL),(3564,'2015-12-05 00:00:00',1018,158,'TRIED',NULL),(3565,'2015-12-05 00:00:00',1018,96,'TRIED',NULL),(3566,'2015-12-05 00:00:00',1018,102,'SUCCESS',NULL),(3567,'2015-12-05 00:00:00',1018,100,'SUCCESS',NULL),(3568,'2015-12-05 00:00:00',1018,121,'TRIED',NULL),(3569,'2015-12-05 00:00:00',1028,169,'SUCCESS',NULL),(3570,'2015-12-05 00:00:00',1028,159,'SUCCESS',NULL),(3571,'2015-12-05 00:00:00',1028,76,'TRIED',NULL),(3572,'2015-12-05 00:00:00',1028,102,'SUCCESS',NULL),(3573,'2015-12-05 00:00:00',1028,99,'SUCCESS',NULL),(3574,'2015-12-05 00:00:00',1028,122,'EXPOSED',NULL),(3575,'2015-12-05 00:00:00',1028,133,'EXPOSED',NULL),(3576,'2015-12-05 00:00:00',1028,138,'EXPOSED',NULL),(3577,'2015-12-05 00:00:00',1028,162,'EXPOSED',NULL),(3578,'2015-12-05 00:00:00',1029,33,'SUCCESS',NULL),(3579,'2015-12-05 00:00:00',1029,82,'SUCCESS',NULL),(3580,'2015-12-05 00:00:00',1029,184,'TRIED',NULL),(3581,'2015-12-05 00:00:00',1029,54,'SUCCESS',NULL),(3582,'2015-12-05 00:00:00',1029,55,'SUCCESS',NULL),(3583,'2015-12-05 00:00:00',1029,68,'ALMOST',NULL),(3584,'2015-12-05 00:00:00',1029,72,'TRIED',NULL),(3585,'2015-12-05 00:00:00',1029,62,'TRIED',NULL),(3586,'2015-12-05 00:00:00',1029,58,'SUCCESS',NULL),(3587,'2015-12-05 00:00:00',1030,168,'SUCCESS',NULL),(3588,'2015-12-05 00:00:00',1030,105,'SUCCESS',NULL),(3589,'2015-12-05 00:00:00',1030,97,'SUCCESS',NULL),(3590,'2015-12-05 00:00:00',1030,100,'SUCCESS',NULL),(3591,'2015-12-05 00:00:00',1030,121,'TRIED',NULL),(3592,'2015-12-05 00:00:00',1030,132,'ALMOST',NULL),(3593,'2015-12-05 00:00:00',1030,136,'SUCCESS',NULL),(3594,'2015-12-05 00:00:00',1030,163,'TRIED',NULL),(3595,'2015-12-05 00:00:00',1033,169,'ALMOST',NULL),(3596,'2015-12-05 00:00:00',1033,102,'SUCCESS',NULL),(3597,'2015-12-05 00:00:00',1033,99,'SUCCESS',NULL),(3598,'2015-12-05 00:00:00',1033,121,'ALMOST',NULL),(3599,'2015-12-05 00:00:00',1033,132,'ALMOST',NULL),(3600,'2015-12-05 00:00:00',1033,138,'EXPOSED',NULL),(3601,'2015-12-05 00:00:00',1033,162,'EXPOSED',NULL),(3602,'2015-12-05 00:00:00',1034,76,'TRIED',NULL),(3603,'2015-12-05 00:00:00',1034,87,'TRIED',NULL),(3604,'2015-12-05 00:00:00',1034,119,'SUCCESS',NULL),(3605,'2015-12-05 00:00:00',1034,142,'SUCCESS',NULL),(3606,'2015-12-05 00:00:00',1034,152,'TRIED',NULL),(3607,'2015-12-05 00:00:00',1034,169,'ALMOST',NULL),(3608,'2015-12-05 00:00:00',1034,159,'TRIED',NULL),(3609,'2015-12-05 00:00:00',1034,78,'TRIED',NULL),(3610,'2015-12-05 00:00:00',1034,97,'TRIED',NULL),(3611,'2015-12-05 00:00:00',1039,57,'SUCCESS',NULL),(3612,'2015-12-05 00:00:00',1039,60,'SUCCESS',NULL),(3613,'2015-12-05 00:00:00',1039,76,'SUCCESS',NULL),(3614,'2015-12-05 00:00:00',1039,120,'SUCCESS',NULL),(3615,'2015-12-05 00:00:00',1039,155,'SUCCESS',NULL),(3616,'2015-12-05 00:00:00',1039,143,'EXPOSED',NULL),(3617,'2015-12-05 00:00:00',1039,151,'EXPOSED',NULL),(3618,'2015-12-05 00:00:00',1039,169,'EXPOSED',NULL),(3619,'2015-12-05 00:00:00',1039,159,'EXPOSED',NULL),(3620,'2015-12-05 00:00:00',1041,111,'TRIED',NULL),(3621,'2015-12-05 00:00:00',1041,168,'SUCCESS',NULL),(3622,'2015-12-05 00:00:00',1041,78,'ALMOST',NULL),(3623,'2015-12-05 00:00:00',1041,97,'TRIED',NULL),(3624,'2015-12-05 00:00:00',1041,100,'TRIED',NULL),(3625,'2015-12-05 00:00:00',1041,122,'EXPOSED',NULL),(3626,'2015-12-05 00:00:00',1041,133,'EXPOSED',NULL),(3627,'2015-12-05 00:00:00',1041,137,'EXPOSED',NULL),(3628,'2015-12-05 00:00:00',1041,162,'EXPOSED',NULL),(3629,'2015-12-05 00:00:00',1001,159,'SUCCESS',NULL),(3630,'2015-12-05 00:00:00',1006,168,'SUCCESS',NULL),(3631,'2015-12-05 00:00:00',1006,157,'TRIED',NULL),(3632,'2015-12-05 00:00:00',1044,4,'SUCCESS',NULL),(3633,'2015-12-05 00:00:00',1044,3,'SUCCESS',NULL),(3634,'2015-12-05 00:00:00',1044,15,'TRIED',NULL),(3635,'2015-12-05 00:00:00',1044,8,'SUCCESS',NULL),(3636,'2015-12-05 00:00:00',1044,7,'TRIED',NULL),(3637,'2015-12-05 00:00:00',1044,12,'SUCCESS',NULL),(3638,'2015-12-05 00:00:00',1044,13,'SUCCESS',NULL),(3639,'2015-12-05 00:00:00',1044,17,'SUCCESS',NULL),(3640,'2015-12-05 00:00:00',1044,9,'TRIED',NULL),(3641,'2015-12-05 00:00:00',1009,143,'TRIED',NULL),(3642,'2015-12-05 00:00:00',1009,169,'TRIED',NULL),(3643,'2015-12-05 00:00:00',1009,158,'ALMOST',NULL),(3644,'2015-12-05 00:00:00',1009,121,'TRIED',NULL),(3645,'2015-12-05 00:00:00',1009,133,'TRIED',NULL),(3646,'2015-12-05 00:00:00',1009,137,'EXPOSED',NULL),(3647,'2015-12-05 00:00:00',1009,163,'EXPOSED',NULL),(3648,'2015-12-05 00:00:00',1011,159,'SUCCESS',NULL),(3649,'2015-12-05 00:00:00',1011,121,'TRIED',NULL),(3650,'2015-12-05 00:00:00',1011,132,'SUCCESS',NULL),(3651,'2015-12-05 00:00:00',1011,138,'SUCCESS',NULL),(3652,'2015-12-05 00:00:00',1011,163,'SUCCESS',NULL),(3653,'2015-12-05 00:00:00',1013,23,'TRIED',NULL),(3654,'2015-12-05 00:00:00',1013,33,'TRIED',NULL),(3655,'2015-12-05 00:00:00',1013,37,'SUCCESS',NULL),(3656,'2015-12-05 00:00:00',1013,38,'SUCCESS',NULL),(3657,'2015-12-05 00:00:00',1013,186,'SUCCESS',NULL),(3658,'2015-12-05 00:00:00',1013,54,'EXPOSED',NULL),(3659,'2015-12-05 00:00:00',1013,55,'EXPOSED',NULL),(3660,'2015-12-05 00:00:00',1013,70,'EXPOSED',NULL),(3661,'2015-12-05 00:00:00',1013,72,'EXPOSED',NULL),(3662,'2015-12-05 00:00:00',1014,159,'SUCCESS',NULL),(3663,'2015-12-05 00:00:00',1014,136,'SUCCESS',NULL),(3664,'2015-12-05 00:00:00',1014,162,'SUCCESS',NULL),(3665,'2015-12-05 00:00:00',1016,169,'SUCCESS',NULL),(3666,'2015-12-05 00:00:00',1016,159,'SUCCESS',NULL),(3667,'2015-12-05 00:00:00',1016,76,'SUCCESS',NULL),(3668,'2015-12-05 00:00:00',1016,98,'TRIED',NULL),(3669,'2015-12-05 00:00:00',1016,99,'SUCCESS',NULL),(3670,'2015-12-05 00:00:00',1016,122,'TRIED',NULL),(3671,'2015-12-05 00:00:00',1016,133,'SUCCESS',NULL),(3672,'2015-12-05 00:00:00',1016,138,'TRIED',NULL),(3673,'2015-12-05 00:00:00',1016,162,'TRIED',NULL),(3674,'2015-12-05 00:00:00',1017,19,'ALMOST',NULL),(3675,'2015-12-05 00:00:00',1017,54,'SUCCESS',NULL),(3676,'2015-12-05 00:00:00',1017,71,'SUCCESS',NULL),(3677,'2015-12-05 00:00:00',1017,72,'SUCCESS',NULL),(3678,'2015-12-05 00:00:00',1017,62,'SUCCESS',NULL),(3679,'2015-12-05 00:00:00',1017,58,'EXPOSED',NULL),(3680,'2015-12-05 00:00:00',1017,59,'EXPOSED',NULL),(3681,'2015-12-05 00:00:00',1017,75,'EXPOSED',NULL),(3682,'2015-12-05 00:00:00',1017,83,'EXPOSED',NULL),(3683,'2015-12-05 00:00:00',1020,132,'ALMOST',NULL),(3684,'2015-12-05 00:00:00',1020,136,'TRIED',NULL),(3685,'2015-12-05 00:00:00',1020,163,'TRIED',NULL),(3686,'2015-12-05 00:00:00',1021,175,'SUCCESS',NULL),(3687,'2015-12-05 00:00:00',1021,168,'SUCCESS',NULL),(3688,'2015-12-05 00:00:00',1021,158,'SUCCESS',NULL),(3689,'2015-12-05 00:00:00',1021,101,'SUCCESS',NULL),(3690,'2015-12-05 00:00:00',1021,122,'SUCCESS',NULL),(3691,'2015-12-05 00:00:00',1021,133,'TRIED',NULL),(3692,'2015-12-05 00:00:00',1021,137,'TRIED',NULL),(3693,'2015-12-05 00:00:00',1021,162,'TRIED',NULL),(3694,'2015-12-05 00:00:00',1022,168,'SUCCESS',NULL),(3695,'2015-12-05 00:00:00',1022,159,'TRIED',NULL),(3696,'2015-12-05 00:00:00',1022,100,'SUCCESS',NULL),(3697,'2015-12-05 00:00:00',1022,122,'TRIED',NULL),(3698,'2015-12-05 00:00:00',1022,133,'SUCCESS',NULL),(3699,'2015-12-05 00:00:00',1022,136,'EXPOSED',NULL),(3700,'2015-12-05 00:00:00',1022,162,'EXPOSED',NULL),(3701,'2015-12-05 00:00:00',1024,60,'SUCCESS',NULL),(3702,'2015-12-05 00:00:00',1024,88,'SUCCESS',NULL),(3703,'2015-12-05 00:00:00',1024,112,'SUCCESS',NULL),(3704,'2015-12-05 00:00:00',1024,153,'SUCCESS',NULL),(3705,'2015-12-05 00:00:00',1024,143,'TRIED',NULL),(3706,'2015-12-05 00:00:00',1024,151,'TRIED',NULL),(3707,'2015-12-05 00:00:00',1024,169,'TRIED',NULL),(3708,'2015-12-05 00:00:00',1024,158,'TRIED',NULL),(3709,'2015-12-05 00:00:00',1024,76,'TRIED',NULL),(3710,'2015-12-05 00:00:00',1025,79,'TRIED',NULL),(3711,'2015-12-05 00:00:00',1025,49,'TRIED',NULL),(3712,'2015-12-05 00:00:00',1025,72,'TRIED',NULL),(3713,'2015-12-05 00:00:00',1025,62,'TRIED',NULL),(3714,'2015-12-05 00:00:00',1025,58,'SUCCESS',NULL),(3715,'2015-12-05 00:00:00',1025,59,'EXPOSED',NULL),(3716,'2015-12-05 00:00:00',1025,75,'EXPOSED',NULL),(3717,'2015-12-05 00:00:00',1025,83,'EXPOSED',NULL),(3718,'2015-12-05 00:00:00',1025,84,'EXPOSED',NULL),(3719,'2015-12-05 00:00:00',1027,11,'SUCCESS',NULL),(3720,'2015-12-05 00:00:00',1027,35,'TRIED',NULL),(3721,'2015-12-05 00:00:00',1027,39,'SUCCESS',NULL),(3722,'2015-12-05 00:00:00',1027,23,'TRIED',NULL),(3723,'2015-12-05 00:00:00',1027,32,'SUCCESS',NULL),(3724,'2015-12-05 00:00:00',1027,33,'EXPOSED',NULL),(3725,'2015-12-05 00:00:00',1027,34,'EXPOSED',NULL),(3726,'2015-12-05 00:00:00',1027,36,'EXPOSED',NULL),(3727,'2015-12-05 00:00:00',1027,37,'EXPOSED',NULL),(3728,'2015-12-05 00:00:00',1038,159,'SUCCESS',NULL),(3729,'2015-12-05 00:00:00',1038,75,'ALMOST',NULL),(3730,'2015-12-05 00:00:00',1038,101,'SUCCESS',NULL),(3731,'2015-12-05 00:00:00',1038,122,'ALMOST',NULL),(3732,'2015-12-05 00:00:00',1038,133,'TRIED',NULL),(3733,'2015-12-05 00:00:00',1038,138,'EXPOSED',NULL),(3734,'2015-12-05 00:00:00',1038,162,'EXPOSED',NULL),(3735,'2015-12-05 00:00:00',1043,168,'SUCCESS',NULL),(3736,'2015-12-05 00:00:00',1043,159,'SUCCESS',NULL),(3737,'2015-12-05 00:00:00',1004,107,'TRIED',NULL),(3738,'2015-12-05 00:00:00',1004,110,'TRIED',NULL),(3739,'2015-12-05 00:00:00',1004,12,'SUCCESS',NULL),(3740,'2015-12-05 00:00:00',1004,37,'SUCCESS',NULL),(3741,'2015-12-05 00:00:00',1004,38,'SUCCESS',NULL),(3742,'2015-12-05 00:00:00',1004,185,'SUCCESS',NULL),(3743,'2015-12-05 00:00:00',1004,54,'SUCCESS',NULL),(3744,'2015-12-05 00:00:00',1004,55,'SUCCESS',NULL),(3745,'2015-12-05 00:00:00',1004,70,'SUCCESS',NULL),(3746,'2015-12-05 00:00:00',1008,49,'SUCCESS',NULL),(3747,'2015-12-05 00:00:00',1008,76,'ALMOST',NULL),(3748,'2015-12-05 00:00:00',1008,89,'SUCCESS',NULL),(3749,'2015-12-05 00:00:00',1008,84,'ALMOST',NULL),(3750,'2015-12-05 00:00:00',1008,119,'SUCCESS',NULL),(3751,'2015-12-05 00:00:00',1008,155,'SUCCESS',NULL),(3752,'2015-12-05 00:00:00',1008,144,'ALMOST',NULL),(3753,'2015-12-05 00:00:00',1008,151,'TRIED',NULL),(3754,'2015-12-05 00:00:00',1008,168,'ALMOST',NULL),(3755,'2015-12-05 00:00:00',1019,78,'SUCCESS',NULL),(3756,'2015-12-05 00:00:00',1019,111,'TRIED',NULL),(3757,'2015-12-05 00:00:00',1019,150,'SUCCESS',NULL),(3758,'2015-12-05 00:00:00',1019,142,'ALMOST',NULL),(3759,'2015-12-05 00:00:00',1019,151,'ALMOST',NULL),(3760,'2015-12-05 00:00:00',1019,169,'ALMOST',NULL),(3761,'2015-12-05 00:00:00',1019,159,'TRIED',NULL),(3762,'2015-12-05 00:00:00',1019,96,'TRIED',NULL),(3763,'2015-12-05 00:00:00',1019,97,'TRIED',NULL),(3764,'2015-12-05 00:00:00',1023,169,'SUCCESS',NULL),(3765,'2015-12-05 00:00:00',1023,104,'SUCCESS',NULL),(3766,'2015-12-05 00:00:00',1023,99,'SUCCESS',NULL),(3767,'2015-12-05 00:00:00',1023,121,'TRIED',NULL),(3768,'2015-12-05 00:00:00',1023,132,'SUCCESS',NULL),(3769,'2015-12-05 00:00:00',1023,138,'TRIED',NULL),(3770,'2015-12-05 00:00:00',1023,163,'TRIED',NULL),(3771,'2015-12-05 00:00:00',1026,168,'TRIED',NULL),(3772,'2015-12-05 00:00:00',1026,96,'ALMOST',NULL),(3773,'2015-12-05 00:00:00',1026,98,'SUCCESS',NULL),(3774,'2015-12-05 00:00:00',1026,101,'SUCCESS',NULL),(3775,'2015-12-05 00:00:00',1026,121,'TRIED',NULL),(3776,'2015-12-05 00:00:00',1026,132,'SUCCESS',NULL),(3777,'2015-12-05 00:00:00',1026,137,'SUCCESS',NULL),(3778,'2015-12-05 00:00:00',1026,163,'TRIED',NULL),(3779,'2015-12-05 00:00:00',1031,49,'SUCCESS',NULL),(3780,'2015-12-05 00:00:00',1031,83,'SUCCESS',NULL),(3781,'2015-12-05 00:00:00',1031,84,'SUCCESS',NULL),(3782,'2015-12-05 00:00:00',1031,117,'TRIED',NULL),(3783,'2015-12-05 00:00:00',1031,154,'TRIED',NULL),(3784,'2015-12-05 00:00:00',1031,144,'TRIED',NULL),(3785,'2015-12-05 00:00:00',1031,151,'SUCCESS',NULL),(3786,'2015-12-05 00:00:00',1031,168,'TRIED',NULL),(3787,'2015-12-05 00:00:00',1031,159,'TRIED',NULL),(3788,'2015-12-05 00:00:00',1032,175,'SUCCESS',NULL),(3789,'2015-12-05 00:00:00',1032,169,'SUCCESS',NULL),(3790,'2015-12-05 00:00:00',1032,158,'TRIED',NULL),(3791,'2015-12-05 00:00:00',1032,78,'ALMOST',NULL),(3792,'2015-12-05 00:00:00',1032,98,'TRIED',NULL),(3793,'2015-12-05 00:00:00',1032,101,'EXPOSED',NULL),(3794,'2015-12-05 00:00:00',1032,122,'EXPOSED',NULL),(3795,'2015-12-05 00:00:00',1032,133,'EXPOSED',NULL),(3796,'2015-12-05 00:00:00',1032,137,'EXPOSED',NULL),(3797,'2015-12-05 00:00:00',1036,151,'SUCCESS',NULL),(3798,'2015-12-05 00:00:00',1036,168,'ALMOST',NULL),(3799,'2015-12-05 00:00:00',1036,158,'ALMOST',NULL),(3800,'2015-12-05 00:00:00',1036,76,'ALMOST',NULL),(3801,'2015-12-05 00:00:00',1036,98,'SUCCESS',NULL),(3802,'2015-12-05 00:00:00',1036,100,'SUCCESS',NULL),(3803,'2015-12-05 00:00:00',1036,121,'TRIED',NULL),(3804,'2015-12-05 00:00:00',1036,132,'SUCCESS',NULL),(3805,'2015-12-05 00:00:00',1036,137,'SUCCESS',NULL),(3806,'2015-12-05 00:00:00',1037,158,'ALMOST',NULL),(3807,'2015-12-05 00:00:00',1037,96,'TRIED',NULL),(3808,'2015-12-05 00:00:00',1037,102,'SUCCESS',NULL),(3809,'2015-12-05 00:00:00',1037,99,'SUCCESS',NULL),(3810,'2015-12-05 00:00:00',1037,121,'TRIED',NULL),(3811,'2015-12-05 00:00:00',1037,132,'EXPOSED',NULL),(3812,'2015-12-05 00:00:00',1037,136,'EXPOSED',NULL),(3813,'2015-12-05 00:00:00',1037,163,'EXPOSED',NULL),(3814,'2015-12-05 00:00:00',1040,169,'TRIED',NULL),(3815,'2015-12-05 00:00:00',1040,158,'ALMOST',NULL),(3816,'2015-12-05 00:00:00',1040,101,'SUCCESS',NULL),(3817,'2015-12-05 00:00:00',1040,121,'TRIED',NULL),(3818,'2015-12-05 00:00:00',1040,132,'ALMOST',NULL),(3819,'2015-12-05 00:00:00',1040,138,'ALMOST',NULL),(3820,'2015-12-05 00:00:00',1040,163,'TRIED',NULL),(3821,'2015-12-05 00:00:00',1042,152,'TRIED',NULL),(3822,'2015-12-05 00:00:00',1042,169,'ALMOST',NULL),(3823,'2015-12-05 00:00:00',1042,159,'ALMOST',NULL),(3824,'2015-12-05 00:00:00',1042,76,'SUCCESS',NULL),(3825,'2015-12-05 00:00:00',1042,97,'TRIED',NULL),(3826,'2015-12-05 00:00:00',1042,100,'TRIED',NULL),(3827,'2015-12-05 00:00:00',1042,121,'TRIED',NULL),(3828,'2015-12-05 00:00:00',1042,132,'TRIED',NULL),(3829,'2015-12-05 00:00:00',1042,138,'TRIED',NULL),(3830,'0001-01-01 00:00:00',1022,143,'SUCCESS',NULL),(3831,'0001-01-01 00:00:00',1030,55,'SUCCESS',NULL),(3832,'0001-01-01 00:00:00',1008,62,'SUCCESS',NULL),(3833,'0001-01-01 00:00:00',1017,55,'SUCCESS',NULL),(3834,'0001-01-01 00:00:00',1033,27,'SUCCESS',NULL),(3835,'0001-01-01 00:00:00',1033,83,'SUCCESS',NULL),(3836,'0001-01-01 00:00:00',1033,158,'SUCCESS',NULL),(3837,'0001-01-01 00:00:00',1014,98,'SUCCESS',NULL),(3838,'0001-01-01 00:00:00',1012,143,'SUCCESS',NULL),(3839,'0001-01-01 00:00:00',1001,55,'SUCCESS',NULL),(3840,'0001-01-01 00:00:00',1032,33,'SUCCESS',NULL),(3841,'0001-01-01 00:00:00',1035,16,'SUCCESS',NULL),(3842,'0001-01-01 00:00:00',1035,37,'SUCCESS',NULL),(3843,'0001-01-01 00:00:00',1035,38,'SUCCESS',NULL),(3844,'0001-01-01 00:00:00',1035,21,'SUCCESS',NULL),(3845,'0001-01-01 00:00:00',1035,83,'SUCCESS',NULL),(3846,'0001-01-01 00:00:00',1035,20,'SUCCESS',NULL),(3847,'0001-01-01 00:00:00',1041,145,'SUCCESS',NULL),(3848,'0001-01-01 00:00:00',1041,78,'SUCCESS',NULL),(3849,'0001-01-01 00:00:00',1041,158,'SUCCESS',NULL),(3850,'0001-01-01 00:00:00',1039,34,'SUCCESS',NULL),(3851,'0001-01-01 00:00:00',1021,102,'SUCCESS',NULL),(3852,'0001-01-01 00:00:00',1014,28,'SUCCESS',NULL),(3853,'0001-01-01 00:00:00',1014,83,'SUCCESS',NULL),(3854,'0001-01-01 00:00:00',1038,145,'SUCCESS',NULL),(3855,'0001-01-01 00:00:00',1026,48,'SUCCESS',NULL),(3856,'0001-01-01 00:00:00',1026,81,'SUCCESS',NULL),(3857,'2015-12-12 00:00:00',1004,108,'ALMOST',NULL),(3858,'2015-12-12 00:00:00',1004,13,'SUCCESS',NULL),(3859,'2015-12-12 00:00:00',1004,72,'SUCCESS',NULL),(3860,'2015-12-12 00:00:00',1004,57,'SUCCESS',NULL),(3861,'2015-12-12 00:00:00',1004,58,'SUCCESS',NULL),(3862,'2015-12-12 00:00:00',1004,59,'ALMOST',NULL),(3863,'2015-12-12 00:00:00',1004,75,'SUCCESS',NULL),(3864,'2015-12-12 00:00:00',1004,83,'SUCCESS',NULL),(3865,'2015-12-12 00:00:00',1019,113,'SUCCESS',NULL),(3866,'2015-12-12 00:00:00',1019,159,'TRIED',NULL),(3867,'2015-12-12 00:00:00',1019,106,'TRIED',NULL),(3868,'2015-12-12 00:00:00',1019,102,'TRIED',NULL),(3869,'2015-12-12 00:00:00',1019,101,'TRIED',NULL),(3870,'2015-12-12 00:00:00',1019,125,'TRIED',NULL),(3871,'2015-12-12 00:00:00',1019,133,'TRIED',NULL),(3872,'2015-12-12 00:00:00',1019,136,'TRIED',NULL),(3873,'2015-12-12 00:00:00',1023,131,'TRIED',NULL),(3874,'2015-12-12 00:00:00',1023,137,'SUCCESS',NULL),(3875,'2015-12-12 00:00:00',1023,162,'SUCCESS',NULL),(3876,'2015-12-12 00:00:00',1026,170,'SUCCESS',NULL),(3877,'2015-12-12 00:00:00',1026,123,'SUCCESS',NULL),(3878,'2015-12-12 00:00:00',1026,163,'ALMOST',NULL),(3879,'2015-12-12 00:00:00',1031,120,'SUCCESS',NULL),(3880,'2015-12-12 00:00:00',1031,150,'SUCCESS',NULL),(3881,'2015-12-12 00:00:00',1031,145,'TRIED',NULL),(3882,'2015-12-12 00:00:00',1031,168,'TRIED',NULL),(3883,'2015-12-12 00:00:00',1031,159,'TRIED',NULL),(3884,'2015-12-12 00:00:00',1031,76,'TRIED',NULL),(3885,'2015-12-12 00:00:00',1031,98,'TRIED',NULL),(3886,'2015-12-12 00:00:00',1031,100,'TRIED',NULL),(3887,'2015-12-12 00:00:00',1032,160,'TRIED',NULL),(3888,'2015-12-12 00:00:00',1032,97,'TRIED',NULL),(3889,'2015-12-12 00:00:00',1032,99,'SUCCESS',NULL),(3890,'2015-12-12 00:00:00',1032,124,'TRIED',NULL),(3891,'2015-12-12 00:00:00',1032,132,'SUCCESS',NULL),(3892,'2015-12-12 00:00:00',1032,138,'TRIED',NULL),(3893,'2015-12-12 00:00:00',1032,162,'TRIED',NULL),(3894,'2015-12-12 00:00:00',1037,103,'SUCCESS',NULL),(3895,'2015-12-12 00:00:00',1037,131,'SUCCESS',NULL),(3896,'2015-12-12 00:00:00',1037,133,'SUCCESS',NULL),(3897,'2015-12-12 00:00:00',1037,136,'TRIED',NULL),(3898,'2015-12-12 00:00:00',1037,162,'TRIED',NULL),(3899,'2015-12-12 00:00:00',1040,169,'SUCCESS',NULL),(3900,'2015-12-12 00:00:00',1040,123,'SUCCESS',NULL),(3901,'2015-12-12 00:00:00',1040,163,'ALMOST',NULL),(3902,'0001-01-01 00:00:00',1023,158,'SUCCESS',NULL),(3903,'0001-01-01 00:00:00',1029,68,'SUCCESS',NULL),(3904,'0001-01-01 00:00:00',1026,78,'SUCCESS',NULL),(3905,'0001-01-01 00:00:00',1026,96,'SUCCESS',NULL),(3906,'0001-01-01 00:00:00',1036,29,'SUCCESS',NULL),(3907,'0001-01-01 00:00:00',1037,158,'SUCCESS',NULL),(3908,'2015-12-12 00:00:00',1002,137,'SUCCESS',NULL),(3909,'2015-12-12 00:00:00',1002,163,'SUCCESS',NULL),(3910,'2015-12-12 00:00:00',1003,19,'TRIED',NULL),(3911,'2015-12-12 00:00:00',1003,7,'TRIED',NULL),(3912,'2015-12-12 00:00:00',1003,33,'SUCCESS',NULL),(3913,'2015-12-12 00:00:00',1003,185,'SUCCESS',NULL),(3914,'2015-12-12 00:00:00',1003,55,'TRIED',NULL),(3915,'2015-12-12 00:00:00',1003,54,'SUCCESS',NULL),(3916,'2015-12-12 00:00:00',1003,70,'SUCCESS',NULL),(3917,'2015-12-12 00:00:00',1003,72,'SUCCESS',NULL),(3918,'2015-12-12 00:00:00',1005,159,'TRIED',NULL),(3919,'2015-12-12 00:00:00',1005,96,'TRIED',NULL),(3920,'2015-12-12 00:00:00',1005,121,'SUCCESS',NULL),(3921,'2015-12-12 00:00:00',1005,132,'SUCCESS',NULL),(3922,'2015-12-12 00:00:00',1005,138,'ALMOST',NULL),(3923,'2015-12-12 00:00:00',1005,163,'EXPOSED',NULL),(3924,'2015-12-12 00:00:00',1012,84,'TRIED',NULL),(3925,'2015-12-12 00:00:00',1012,175,'TRIED',NULL),(3926,'2015-12-12 00:00:00',1012,160,'TRIED',NULL),(3927,'2015-12-12 00:00:00',1012,96,'TRIED',NULL),(3928,'2015-12-12 00:00:00',1012,98,'TRIED',NULL),(3929,'2015-12-12 00:00:00',1012,100,'EXPOSED',NULL),(3930,'2015-12-12 00:00:00',1012,121,'EXPOSED',NULL),(3931,'2015-12-12 00:00:00',1012,132,'EXPOSED',NULL),(3932,'2015-12-12 00:00:00',1015,168,'TRIED',NULL),(3933,'2015-12-12 00:00:00',1015,161,'TRIED',NULL),(3934,'2015-12-12 00:00:00',1015,75,'TRIED',NULL),(3935,'2015-12-12 00:00:00',1015,132,'TRIED',NULL),(3936,'2015-12-12 00:00:00',1015,137,'TRIED',NULL),(3937,'2015-12-12 00:00:00',1015,162,'EXPOSED',NULL),(3938,'2015-12-12 00:00:00',1018,84,'SUCCESS',NULL),(3939,'2015-12-12 00:00:00',1018,175,'TRIED',NULL),(3940,'2015-12-12 00:00:00',1018,159,'TRIED',NULL),(3941,'2015-12-12 00:00:00',1018,104,'TRIED',NULL),(3942,'2015-12-12 00:00:00',1018,123,'TRIED',NULL),(3943,'2015-12-12 00:00:00',1018,133,'EXPOSED',NULL),(3944,'2015-12-12 00:00:00',1018,138,'EXPOSED',NULL),(3945,'2015-12-12 00:00:00',1018,163,'EXPOSED',NULL),(3946,'2015-12-12 00:00:00',1028,78,'SUCCESS',NULL),(3947,'2015-12-12 00:00:00',1028,122,'TRIED',NULL),(3948,'2015-12-12 00:00:00',1028,132,'SUCCESS',NULL),(3949,'2015-12-12 00:00:00',1028,136,'ALMOST',NULL),(3950,'2015-12-12 00:00:00',1028,162,'SUCCESS',NULL),(3951,'2015-12-12 00:00:00',1029,185,'TRIED',NULL),(3952,'2015-12-12 00:00:00',1029,72,'TRIED',NULL),(3953,'2015-12-12 00:00:00',1029,57,'SUCCESS',NULL),(3954,'2015-12-12 00:00:00',1029,59,'SUCCESS',NULL),(3955,'2015-12-12 00:00:00',1029,75,'SUCCESS',NULL),(3956,'2015-12-12 00:00:00',1029,83,'ALMOST',NULL),(3957,'2015-12-12 00:00:00',1029,84,'TRIED',NULL),(3958,'2015-12-12 00:00:00',1029,117,'TRIED',NULL),(3959,'2015-12-12 00:00:00',1030,124,'SUCCESS',NULL),(3960,'2015-12-12 00:00:00',1030,163,'ALMOST',NULL),(3961,'2015-12-12 00:00:00',1033,137,'SUCCESS',NULL),(3962,'2015-12-12 00:00:00',1033,162,'SUCCESS',NULL),(3963,'2015-12-12 00:00:00',1034,96,'TRIED',NULL),(3964,'2015-12-12 00:00:00',1034,88,'SUCCESS',NULL),(3965,'2015-12-12 00:00:00',1034,175,'TRIED',NULL),(3966,'2015-12-12 00:00:00',1034,159,'TRIED',NULL),(3967,'2015-12-12 00:00:00',1034,103,'TRIED',NULL),(3968,'2015-12-12 00:00:00',1034,97,'EXPOSED',NULL),(3969,'2015-12-12 00:00:00',1034,101,'EXPOSED',NULL),(3970,'2015-12-12 00:00:00',1034,122,'EXPOSED',NULL),(3971,'2015-12-12 00:00:00',1035,106,'TRIED',NULL),(3972,'2015-12-12 00:00:00',1035,144,'TRIED',NULL),(3973,'2015-12-12 00:00:00',1035,168,'ALMOST',NULL),(3974,'2015-12-12 00:00:00',1035,158,'TRIED',NULL),(3975,'2015-12-12 00:00:00',1035,121,'TRIED',NULL),(3976,'2015-12-12 00:00:00',1035,125,'EXPOSED',NULL),(3977,'2015-12-12 00:00:00',1035,133,'EXPOSED',NULL),(3978,'2015-12-12 00:00:00',1035,138,'EXPOSED',NULL),(3979,'2015-12-12 00:00:00',1039,145,'TRIED',NULL),(3980,'2015-12-12 00:00:00',1039,151,'SUCCESS',NULL),(3981,'2015-12-12 00:00:00',1039,169,'TRIED',NULL),(3982,'2015-12-12 00:00:00',1039,158,'TRIED',NULL),(3983,'2015-12-12 00:00:00',1039,78,'TRIED',NULL),(3984,'2015-12-12 00:00:00',1039,98,'EXPOSED',NULL),(3985,'2015-12-12 00:00:00',1039,99,'EXPOSED',NULL),(3986,'2015-12-12 00:00:00',1039,121,'EXPOSED',NULL),(3987,'2015-12-12 00:00:00',1041,113,'SUCCESS',NULL),(3988,'2015-12-12 00:00:00',1041,97,'ALMOST',NULL),(3989,'2015-12-12 00:00:00',1041,100,'ALMOST',NULL),(3990,'2015-12-12 00:00:00',1041,122,'TRIED',NULL),(3991,'2015-12-12 00:00:00',1041,132,'SUCCESS',NULL),(3992,'2015-12-12 00:00:00',1041,136,'TRIED',NULL),(3993,'2015-12-12 00:00:00',1041,163,'TRIED',NULL),(3994,'2015-12-12 00:00:00',1009,142,'TRIED',NULL),(3995,'2015-12-12 00:00:00',1009,168,'TRIED',NULL),(3996,'2015-12-12 00:00:00',1009,160,'TRIED',NULL),(3997,'2015-12-12 00:00:00',1009,121,'TRIED',NULL),(3998,'2015-12-12 00:00:00',1009,133,'TRIED',NULL),(3999,'2015-12-12 00:00:00',1009,137,'EXPOSED',NULL),(4000,'2015-12-12 00:00:00',1009,162,'EXPOSED',NULL),(4001,'2015-12-12 00:00:00',1011,131,'SUCCESS',NULL),(4002,'2015-12-12 00:00:00',1013,23,'SUCCESS',NULL),(4003,'2015-12-12 00:00:00',1013,33,'SUCCESS',NULL),(4004,'2015-12-12 00:00:00',1013,54,'SUCCESS',NULL),(4005,'2015-12-12 00:00:00',1013,55,'SUCCESS',NULL),(4006,'2015-12-12 00:00:00',1013,70,'SUCCESS',NULL),(4007,'2015-12-12 00:00:00',1013,72,'EXPOSED',NULL),(4008,'2015-12-12 00:00:00',1013,61,'EXPOSED',NULL),(4009,'2015-12-12 00:00:00',1013,58,'EXPOSED',NULL),(4010,'2015-12-12 00:00:00',1016,98,'SUCCESS',NULL),(4011,'2015-12-12 00:00:00',1016,122,'TRIED',NULL),(4012,'2015-12-12 00:00:00',1016,138,'TRIED',NULL),(4013,'2015-12-12 00:00:00',1016,163,'ALMOST',NULL),(4014,'2015-12-12 00:00:00',1017,58,'TRIED',NULL),(4015,'2015-12-12 00:00:00',1017,59,'SUCCESS',NULL),(4016,'2015-12-12 00:00:00',1017,75,'TRIED',NULL),(4017,'2015-12-12 00:00:00',1017,83,'TRIED',NULL),(4018,'2015-12-12 00:00:00',1017,84,'TRIED',NULL),(4019,'2015-12-12 00:00:00',1017,119,'EXPOSED',NULL),(4020,'2015-12-12 00:00:00',1017,150,'EXPOSED',NULL),(4021,'2015-12-12 00:00:00',1017,143,'EXPOSED',NULL),(4022,'2015-12-12 00:00:00',1020,136,'SUCCESS',NULL),(4023,'2015-12-12 00:00:00',1020,162,'SUCCESS',NULL),(4024,'2015-12-12 00:00:00',1021,123,'SUCCESS',NULL),(4025,'2015-12-12 00:00:00',1021,132,'ALMOST',NULL),(4026,'2015-12-12 00:00:00',1021,137,'SUCCESS',NULL),(4027,'2015-12-12 00:00:00',1021,163,'SUCCESS',NULL),(4028,'2015-12-12 00:00:00',1022,159,'SUCCESS',NULL),(4029,'2015-12-12 00:00:00',1022,121,'TRIED',NULL),(4030,'2015-12-12 00:00:00',1022,138,'ALMOST',NULL),(4031,'2015-12-12 00:00:00',1022,162,'TRIED',NULL),(4032,'2015-12-12 00:00:00',1024,144,'ALMOST',NULL),(4033,'2015-12-12 00:00:00',1024,152,'TRIED',NULL),(4034,'2015-12-12 00:00:00',1024,169,'SUCCESS',NULL),(4035,'2015-12-12 00:00:00',1024,158,'TRIED',NULL),(4036,'2015-12-12 00:00:00',1024,78,'TRIED',NULL),(4037,'2015-12-12 00:00:00',1024,102,'EXPOSED',NULL),(4038,'2015-12-12 00:00:00',1024,101,'EXPOSED',NULL),(4039,'2015-12-12 00:00:00',1024,122,'EXPOSED',NULL),(4040,'2015-12-12 00:00:00',1025,85,'TRIED',NULL),(4041,'2015-12-12 00:00:00',1025,49,'TRIED',NULL),(4042,'2015-12-12 00:00:00',1025,72,'ALMOST',NULL),(4043,'2015-12-12 00:00:00',1025,62,'SUCCESS',NULL),(4044,'2015-12-12 00:00:00',1025,59,'SUCCESS',NULL),(4045,'2015-12-12 00:00:00',1025,75,'EXPOSED',NULL),(4046,'2015-12-12 00:00:00',1025,83,'EXPOSED',NULL),(4047,'2015-12-12 00:00:00',1025,84,'EXPOSED',NULL),(4048,'2015-12-12 00:00:00',1027,110,'TRIED',NULL),(4049,'2015-12-12 00:00:00',1027,23,'SUCCESS',NULL),(4050,'2015-12-12 00:00:00',1027,33,'TRIED',NULL),(4051,'2015-12-12 00:00:00',1027,34,'SUCCESS',NULL),(4052,'2015-12-12 00:00:00',1027,36,'TRIED',NULL),(4053,'2015-12-12 00:00:00',1027,37,'EXPOSED',NULL),(4054,'2015-12-12 00:00:00',1027,38,'EXPOSED',NULL),(4055,'2015-12-12 00:00:00',1027,186,'EXPOSED',NULL),(4056,'2015-12-12 00:00:00',1038,124,'SUCCESS',NULL),(4057,'2015-12-12 00:00:00',1038,133,'SUCCESS',NULL),(4058,'2015-12-12 00:00:00',1038,136,'TRIED',NULL),(4059,'2015-12-12 00:00:00',1038,163,'TRIED',NULL),(4060,'0001-01-01 00:00:00',1040,158,'SUCCESS',NULL),(4061,'0001-01-01 00:00:00',1040,138,'SUCCESS',NULL),(4062,'0001-01-01 00:00:00',1040,132,'SUCCESS',NULL),(4063,'0001-01-01 00:00:00',1040,142,'SUCCESS',NULL),(4064,'0001-01-01 00:00:00',1040,163,'SUCCESS',NULL),(4065,'2015-12-12 00:00:00',1044,41,'TRIED',NULL),(4066,'2015-12-12 00:00:00',1044,16,'TRIED',NULL),(4067,'2015-12-12 00:00:00',1044,29,'TRIED',NULL),(4068,'2015-12-12 00:00:00',1044,19,'TRIED',NULL),(4069,'2015-12-12 00:00:00',1044,18,'TRIED',NULL),(4070,'2015-12-12 00:00:00',1044,27,'EXPOSED',NULL),(4071,'2015-12-12 00:00:00',1044,39,'EXPOSED',NULL),(4072,'2015-12-12 00:00:00',1044,23,'EXPOSED',NULL),(4073,'2015-12-12 00:00:00',1009,143,'SUCCESS',NULL),(4074,'2015-12-12 00:00:00',1009,171,'SUCCESS',NULL),(4075,'2015-12-12 00:00:00',1009,122,'SUCCESS',NULL),(4076,'2015-12-12 00:00:00',1009,133,'TRIED',NULL),(4077,'2015-12-12 00:00:00',1009,137,'TRIED',NULL),(4078,'2015-12-12 00:00:00',1009,163,'EXPOSED',NULL),(4079,'2015-12-12 00:00:00',1013,72,'SUCCESS',NULL),(4080,'2015-12-12 00:00:00',1013,62,'ALMOST',NULL),(4081,'2015-12-12 00:00:00',1013,58,'TRIED',NULL),(4082,'2015-12-12 00:00:00',1013,59,'SUCCESS',NULL),(4083,'2015-12-12 00:00:00',1013,75,'SUCCESS',NULL),(4084,'2015-12-12 00:00:00',1013,83,'EXPOSED',NULL),(4085,'2015-12-12 00:00:00',1013,84,'EXPOSED',NULL),(4086,'2015-12-12 00:00:00',1013,119,'EXPOSED',NULL),(4087,'2015-12-12 00:00:00',1016,125,'SUCCESS',NULL),(4088,'2015-12-12 00:00:00',1016,138,'SUCCESS',NULL),(4089,'2015-12-12 00:00:00',1017,60,'SUCCESS',NULL),(4090,'2015-12-12 00:00:00',1017,76,'TRIED',NULL),(4091,'2015-12-12 00:00:00',1017,90,'SUCCESS',NULL),(4092,'2015-12-12 00:00:00',1017,87,'TRIED',NULL),(4093,'2015-12-12 00:00:00',1017,120,'SUCCESS',NULL),(4094,'2015-12-12 00:00:00',1017,83,'SUCCESS',NULL),(4095,'2015-12-12 00:00:00',1017,84,'TRIED',NULL),(4096,'2015-12-12 00:00:00',1017,119,'TRIED',NULL),(4097,'2015-12-12 00:00:00',1022,125,'SUCCESS',NULL),(4098,'2015-12-12 00:00:00',1022,163,'SUCCESS',NULL),(4099,'2015-12-12 00:00:00',1024,157,'SUCCESS',NULL),(4100,'2015-12-12 00:00:00',1024,161,'TRIED',NULL),(4101,'2015-12-12 00:00:00',1024,96,'TRIED',NULL),(4102,'2015-12-12 00:00:00',1024,102,'TRIED',NULL),(4103,'2015-12-12 00:00:00',1024,100,'TRIED',NULL),(4104,'2015-12-12 00:00:00',1024,131,'EXPOSED',NULL),(4105,'2015-12-12 00:00:00',1024,132,'EXPOSED',NULL),(4106,'2015-12-12 00:00:00',1024,138,'EXPOSED',NULL),(4107,'2015-12-12 00:00:00',1025,109,'TRIED',NULL),(4108,'2015-12-12 00:00:00',1025,49,'TRIED',NULL),(4109,'2015-12-12 00:00:00',1025,75,'TRIED',NULL),(4110,'2015-12-12 00:00:00',1025,83,'SUCCESS',NULL),(4111,'2015-12-12 00:00:00',1025,84,'SUCCESS',NULL),(4112,'2015-12-12 00:00:00',1025,111,'TRIED',NULL),(4113,'2015-12-12 00:00:00',1025,154,'SUCCESS',NULL),(4114,'2015-12-12 00:00:00',1025,145,'TRIED',NULL),(4115,'2015-12-12 00:00:00',1027,79,'TRIED',NULL),(4116,'2015-12-12 00:00:00',1027,81,'TRIED',NULL),(4117,'2015-12-12 00:00:00',1027,36,'SUCCESS',NULL),(4118,'2015-12-12 00:00:00',1027,37,'SUCCESS',NULL),(4119,'2015-12-12 00:00:00',1027,38,'SUCCESS',NULL),(4120,'2015-12-12 00:00:00',1027,186,'TRIED',NULL),(4121,'2015-12-12 00:00:00',1027,54,'SUCCESS',NULL),(4122,'2015-12-12 00:00:00',1027,55,'ALMOST',NULL),(4123,'2015-12-12 00:00:00',1038,138,'TRIED',NULL),(4124,'2015-12-12 00:00:00',1038,163,'ALMOST',NULL),(4125,'2015-12-12 00:00:00',1003,19,'TRIED',NULL),(4126,'2015-12-12 00:00:00',1003,7,'TRIED',NULL),(4127,'2015-12-12 00:00:00',1003,55,'TRIED',NULL),(4128,'2015-12-12 00:00:00',1003,69,'SUCCESS',NULL),(4129,'2015-12-12 00:00:00',1003,61,'SUCCESS',NULL),(4130,'2015-12-12 00:00:00',1003,58,'TRIED',NULL),(4131,'2015-12-12 00:00:00',1003,59,'SUCCESS',NULL),(4132,'2015-12-12 00:00:00',1003,75,'TRIED',NULL),(4133,'2015-12-12 00:00:00',1005,160,'ALMOST',NULL),(4134,'2015-12-12 00:00:00',1005,105,'SUCCESS',NULL),(4135,'2015-12-12 00:00:00',1005,163,'SUCCESS',NULL),(4136,'2015-12-12 00:00:00',1012,84,'SUCCESS',NULL),(4137,'2015-12-12 00:00:00',1012,157,'SUCCESS',NULL),(4138,'2015-12-12 00:00:00',1012,161,'TRIED',NULL),(4139,'2015-12-12 00:00:00',1012,106,'TRIED',NULL),(4140,'2015-12-12 00:00:00',1012,97,'TRIED',NULL),(4141,'2015-12-12 00:00:00',1012,101,'EXPOSED',NULL),(4142,'2015-12-12 00:00:00',1012,124,'EXPOSED',NULL),(4143,'2015-12-12 00:00:00',1012,133,'EXPOSED',NULL),(4144,'2015-12-12 00:00:00',1015,169,'ALMOST',NULL),(4145,'2015-12-12 00:00:00',1015,160,'TRIED',NULL),(4146,'2015-12-12 00:00:00',1015,122,'TRIED',NULL),(4147,'2015-12-12 00:00:00',1015,133,'SUCCESS',NULL),(4148,'2015-12-12 00:00:00',1015,137,'SUCCESS',NULL),(4149,'2015-12-12 00:00:00',1015,162,'TRIED',NULL),(4150,'2015-12-12 00:00:00',1018,157,'ALMOST',NULL),(4151,'2015-12-12 00:00:00',1018,161,'TRIED',NULL),(4152,'2015-12-12 00:00:00',1018,104,'SUCCESS',NULL),(4153,'2015-12-12 00:00:00',1018,131,'TRIED',NULL),(4154,'2015-12-12 00:00:00',1018,133,'SUCCESS',NULL),(4155,'2015-12-12 00:00:00',1018,136,'EXPOSED',NULL),(4156,'2015-12-12 00:00:00',1018,163,'EXPOSED',NULL),(4157,'2015-12-12 00:00:00',1028,123,'SUCCESS',NULL),(4158,'2015-12-12 00:00:00',1029,184,'SUCCESS',NULL),(4159,'2015-12-12 00:00:00',1029,72,'SUCCESS',NULL),(4160,'2015-12-12 00:00:00',1029,88,'TRIED',NULL),(4161,'2015-12-12 00:00:00',1029,112,'SUCCESS',NULL),(4162,'2015-12-12 00:00:00',1029,155,'ALMOST',NULL),(4163,'2015-12-12 00:00:00',1029,142,'EXPOSED',NULL),(4164,'2015-12-12 00:00:00',1029,151,'EXPOSED',NULL),(4165,'2015-12-12 00:00:00',1029,168,'EXPOSED',NULL),(4166,'2015-12-12 00:00:00',1034,103,'TRIED',NULL),(4167,'2015-12-12 00:00:00',1034,157,'SUCCESS',NULL),(4168,'2015-12-12 00:00:00',1034,161,'TRIED',NULL),(4169,'2015-12-12 00:00:00',1034,122,'TRIED',NULL),(4170,'2015-12-12 00:00:00',1034,102,'TRIED',NULL),(4171,'2015-12-12 00:00:00',1034,99,'EXPOSED',NULL),(4172,'2015-12-12 00:00:00',1034,123,'EXPOSED',NULL),(4173,'2015-12-12 00:00:00',1034,133,'EXPOSED',NULL),(4174,'2015-12-12 00:00:00',1035,106,'SUCCESS',NULL),(4175,'2015-12-12 00:00:00',1035,144,'TRIED',NULL),(4176,'2015-12-12 00:00:00',1035,160,'TRIED',NULL),(4177,'2015-12-12 00:00:00',1035,122,'TRIED',NULL),(4178,'2015-12-12 00:00:00',1035,131,'SUCCESS',NULL),(4179,'2015-12-12 00:00:00',1035,132,'SUCCESS',NULL),(4180,'2015-12-12 00:00:00',1035,137,'TRIED',NULL),(4181,'2015-12-12 00:00:00',1035,163,'TRIED',NULL),(4182,'2015-12-12 00:00:00',1039,145,'ALMOST',NULL),(4183,'2015-12-12 00:00:00',1039,168,'SUCCESS',NULL),(4184,'2015-12-12 00:00:00',1039,160,'TRIED',NULL),(4185,'2015-12-12 00:00:00',1039,96,'TRIED',NULL),(4186,'2015-12-12 00:00:00',1039,97,'TRIED',NULL),(4187,'2015-12-12 00:00:00',1039,100,'EXPOSED',NULL),(4188,'2015-12-12 00:00:00',1039,125,'EXPOSED',NULL),(4189,'2015-12-12 00:00:00',1039,132,'EXPOSED',NULL),(4190,'2015-12-12 00:00:00',1041,131,'SUCCESS',NULL),(4191,'2015-12-12 00:00:00',1041,137,'SUCCESS',NULL),(4192,'2015-12-12 00:00:00',1041,163,'SUCCESS',NULL),(4193,'2015-12-12 00:00:00',1004,84,'SUCCESS',NULL),(4194,'2015-12-12 00:00:00',1004,112,'SUCCESS',NULL),(4195,'2015-12-12 00:00:00',1004,150,'SUCCESS',NULL),(4196,'2015-12-12 00:00:00',1004,142,'ALMOST',NULL),(4197,'2015-12-12 00:00:00',1004,151,'SUCCESS',NULL),(4198,'2015-12-12 00:00:00',1004,168,'SUCCESS',NULL),(4199,'2015-12-12 00:00:00',1004,161,'TRIED',NULL),(4200,'2015-12-12 00:00:00',1004,76,'SUCCESS',NULL),(4201,'2015-12-12 00:00:00',1008,152,'SUCCESS',NULL),(4202,'2015-12-12 00:00:00',1008,161,'TRIED',NULL),(4203,'2015-12-12 00:00:00',1008,78,'TRIED',NULL),(4204,'2015-12-12 00:00:00',1008,97,'TRIED',NULL),(4205,'2015-12-12 00:00:00',1008,99,'SUCCESS',NULL),(4206,'2015-12-12 00:00:00',1008,125,'EXPOSED',NULL),(4207,'2015-12-12 00:00:00',1008,133,'EXPOSED',NULL),(4208,'2015-12-12 00:00:00',1008,138,'EXPOSED',NULL),(4209,'2015-12-12 00:00:00',1023,124,'SUCCESS',NULL),(4210,'2015-12-12 00:00:00',1031,143,'TRIED',NULL),(4211,'2015-12-12 00:00:00',1031,169,'SUCCESS',NULL),(4212,'2015-12-12 00:00:00',1031,161,'TRIED',NULL),(4213,'2015-12-12 00:00:00',1031,78,'TRIED',NULL),(4214,'2015-12-12 00:00:00',1031,98,'TRIED',NULL),(4215,'2015-12-12 00:00:00',1031,101,'EXPOSED',NULL),(4216,'2015-12-12 00:00:00',1031,125,'EXPOSED',NULL),(4217,'2015-12-12 00:00:00',1031,133,'EXPOSED',NULL),(4218,'2015-12-12 00:00:00',1032,160,'TRIED',NULL),(4219,'2015-12-12 00:00:00',1032,97,'SUCCESS',NULL),(4220,'2015-12-12 00:00:00',1032,124,'SUCCESS',NULL),(4221,'2015-12-12 00:00:00',1032,136,'SUCCESS',NULL),(4222,'2015-12-12 00:00:00',1032,162,'ALMOST',NULL),(4223,'2015-12-12 00:00:00',1036,124,'SUCCESS',NULL),(4224,'2015-12-12 00:00:00',1036,162,'SUCCESS',NULL),(4225,'2015-12-12 00:00:00',1037,136,'SUCCESS',NULL),(4226,'2015-12-12 00:00:00',1037,162,'ALMOST',NULL),(4227,'2015-12-12 00:00:00',1042,157,'ALMOST',NULL),(4228,'2015-12-12 00:00:00',1042,102,'TRIED',NULL),(4229,'2015-12-12 00:00:00',1042,100,'TRIED',NULL),(4230,'2015-12-12 00:00:00',1042,125,'TRIED',NULL),(4231,'2015-12-12 00:00:00',1042,133,'TRIED',NULL),(4232,'2015-12-12 00:00:00',1042,136,'EXPOSED',NULL),(4233,'2015-12-12 00:00:00',1042,162,'EXPOSED',NULL),(4234,'0001-01-01 00:00:00',1015,16,'SUCCESS',NULL),(4235,'0001-01-01 00:00:00',1015,34,'SUCCESS',NULL),(4236,'0001-01-01 00:00:00',1015,103,'SUCCESS',NULL),(4237,'0001-01-01 00:00:00',1015,175,'SUCCESS',NULL),(4238,'0001-01-01 00:00:00',1004,33,'SUCCESS',NULL),(4239,'0001-01-01 00:00:00',1004,59,'SUCCESS',NULL),(4240,'0001-01-01 00:00:00',1032,49,'SUCCESS',NULL),(4241,'0001-01-01 00:00:00',1032,78,'SUCCESS',NULL),(4242,'0001-01-01 00:00:00',1032,154,'SUCCESS',NULL),(4243,'0001-01-01 00:00:00',1019,38,'SUCCESS',NULL),(4244,'0001-01-01 00:00:00',1019,59,'SUCCESS',NULL),(4245,'0001-01-01 00:00:00',1026,158,'SUCCESS',NULL),(4246,'0001-01-01 00:00:00',1026,163,'SUCCESS',NULL),(4247,'0001-01-01 00:00:00',1029,155,'SUCCESS',NULL),(4248,'0001-01-01 00:00:00',1016,163,'SUCCESS',NULL),(4249,'0001-01-01 00:00:00',1036,158,'SUCCESS',NULL),(4250,'0001-01-01 00:00:00',1036,168,'SUCCESS',NULL),(4251,'0001-01-01 00:00:00',1037,162,'SUCCESS',NULL),(4252,'0001-01-01 00:00:00',1036,76,'SUCCESS',NULL),(4253,'0001-01-01 00:00:00',1036,83,'SUCCESS',NULL),(4254,'0001-01-01 00:00:00',1004,108,'SUCCESS',NULL),(4255,'0001-01-01 00:00:00',1029,83,'SUCCESS',NULL),(4256,'0001-01-01 00:00:00',1018,145,'SUCCESS',NULL),(4257,'0001-01-01 00:00:00',1017,19,'SUCCESS',NULL),(4258,'0001-01-01 00:00:00',1041,97,'SUCCESS',NULL),(4259,'0001-01-01 00:00:00',1041,100,'SUCCESS',NULL),(4260,'0001-01-01 00:00:00',1005,138,'SUCCESS',NULL),(4261,'0001-01-01 00:00:00',1021,33,'SUCCESS',NULL),(4262,'0001-01-01 00:00:00',1021,132,'SUCCESS',NULL),(4263,'0001-01-01 00:00:00',1021,144,'SUCCESS',NULL),(4264,'0001-01-01 00:00:00',1028,33,'SUCCESS',NULL),(4265,'0001-01-01 00:00:00',1028,34,'SUCCESS',NULL),(4266,'0001-01-01 00:00:00',1028,136,'SUCCESS',NULL),(4267,'0001-01-01 00:00:00',1001,151,'SUCCESS',NULL),(4268,'0001-01-01 00:00:00',1030,132,'SUCCESS',NULL),(4269,'0001-01-01 00:00:00',1030,163,'SUCCESS',NULL),(4270,'0001-01-01 00:00:00',1022,138,'SUCCESS',NULL),(4271,'0001-01-01 00:00:00',1033,121,'SUCCESS',NULL),(4272,'0001-01-01 00:00:00',1033,132,'SUCCESS',NULL),(4273,'0001-01-01 00:00:00',1033,169,'SUCCESS',NULL),(4274,'0001-01-01 00:00:00',1008,33,'SUCCESS',NULL),(4275,'0001-01-01 00:00:00',1008,34,'SUCCESS',NULL),(4276,'0001-01-01 00:00:00',1008,60,'SUCCESS',NULL),(4277,'0001-01-01 00:00:00',1008,72,'SUCCESS',NULL),(4278,'0001-01-01 00:00:00',1019,9,'SUCCESS',NULL),(4279,'0001-01-01 00:00:00',1019,151,'SUCCESS',NULL),(4280,'0001-01-01 00:00:00',1019,169,'SUCCESS',NULL),(4281,'0001-01-01 00:00:00',1009,33,'SUCCESS',NULL),(4282,'0001-01-01 00:00:00',1009,100,'SUCCESS',NULL),(4283,'0001-01-01 00:00:00',1009,104,'SUCCESS',NULL),(4284,'0001-01-01 00:00:00',1042,72,'SUCCESS',NULL),(4285,'0001-01-01 00:00:00',1015,169,'SUCCESS',NULL),(4286,'0001-01-01 00:00:00',1014,169,'SUCCESS',NULL),(4287,'0001-01-01 00:00:00',1018,78,'SUCCESS',NULL),(4288,'0001-01-01 00:00:00',1018,157,'SUCCESS',NULL),(4289,'0001-01-01 00:00:00',1034,33,'SUCCESS',NULL),(4290,'0001-01-01 00:00:00',1034,36,'SUCCESS',NULL),(4291,'0001-01-01 00:00:00',1034,27,'SUCCESS',NULL),(4292,'0001-01-01 00:00:00',1036,26,'SUCCESS',NULL),(4293,'0001-01-01 00:00:00',1008,84,'SUCCESS',NULL),(4294,'0001-01-01 00:00:00',1016,28,'SUCCESS',NULL),(4295,'0001-01-01 00:00:00',1039,31,'SUCCESS',NULL),(4296,'0001-01-01 00:00:00',1026,80,'SUCCESS',NULL),(4297,'0001-01-01 00:00:00',1026,117,'SUCCESS',NULL),(4298,'0001-01-01 00:00:00',1038,75,'SUCCESS',NULL),(4299,'0001-01-01 00:00:00',1038,122,'SUCCESS',NULL),(4300,'0001-01-01 00:00:00',1014,36,'SUCCESS',NULL),(4301,'0001-01-01 00:00:00',1008,29,'SUCCESS',NULL),(4302,'0001-01-01 00:00:00',1025,72,'SUCCESS',NULL),(4303,'0001-01-01 00:00:00',1036,43,'SUCCESS',NULL),(4304,'2015-12-12 00:00:00',1029,88,'SUCCESS',NULL),(4305,'0001-01-01 00:00:00',1019,142,'SUCCESS',NULL),(4306,'0001-01-01 00:00:00',1039,145,'SUCCESS',NULL),(4307,'0001-01-01 00:00:00',1031,21,'SUCCESS',NULL),(4308,'0001-01-01 00:00:00',1008,55,'SUCCESS',NULL),(4309,'0001-01-01 00:00:00',1008,168,'SUCCESS',NULL),(4310,'0001-01-01 00:00:00',1008,144,'SUCCESS',NULL),(4311,'0001-01-01 00:00:00',1034,8,'SUCCESS',NULL),(4312,'0001-01-01 00:00:00',1035,168,'SUCCESS',NULL),(4313,'0001-01-01 00:00:00',1042,157,'SUCCESS',NULL),(4314,'0001-01-01 00:00:00',1042,169,'SUCCESS',NULL),(4315,'0001-01-01 00:00:00',1042,150,'SUCCESS',NULL),(4316,'0001-01-01 00:00:00',1020,158,'SUCCESS',NULL),(4317,'0001-01-01 00:00:00',1031,32,'SUCCESS',NULL),(4318,'0001-01-01 00:00:00',1031,34,'SUCCESS',NULL),(4319,'0001-01-01 00:00:00',1020,131,'SUCCESS',NULL),(4320,'0001-01-01 00:00:00',1020,132,'SUCCESS',NULL),(4321,'0001-01-01 00:00:00',1020,142,'SUCCESS',NULL),(4322,'0001-01-01 00:00:00',1031,31,'SUCCESS',NULL),(4323,'0001-01-01 00:00:00',1003,16,'SUCCESS',NULL),(4324,'0001-01-01 00:00:00',1003,27,'SUCCESS',NULL),(4325,'0001-01-01 00:00:00',1003,32,'SUCCESS',NULL),(4326,'2015-12-12 00:00:00',1025,27,'SUCCESS',NULL),(4327,'2015-12-12 00:00:00',1025,49,'SUCCESS',NULL),(4328,'2015-12-12 00:00:00',1025,120,'SUCCESS',NULL),(4329,'0001-01-01 00:00:00',1024,144,'SUCCESS',NULL),(4330,'2015-12-12 00:00:00',1017,87,'SUCCESS',NULL),(4331,'2015-12-12 00:00:00',1017,150,'SUCCESS',NULL),(4332,'0001-01-01 00:00:00',1024,35,'SUCCESS',NULL),(4333,'0001-01-01 00:00:00',1025,107,'SUCCESS',NULL),(4334,'0001-01-01 00:00:00',1001,34,'SUCCESS',NULL),(4335,'0001-01-01 00:00:00',1001,60,'SUCCESS',NULL),(4336,'0001-01-01 00:00:00',1001,83,'SUCCESS',NULL),(4337,'2015-12-12 00:00:00',1003,7,'SUCCESS',NULL),(4338,'2015-12-12 00:00:00',1003,55,'SUCCESS',NULL),(4339,'2015-12-12 00:00:00',1003,60,'SUCCESS',NULL),(4340,'2015-12-12 00:00:00',1003,83,'ALMOST',NULL),(4341,'2015-12-12 00:00:00',1003,19,'TRIED',NULL),(4342,'2015-12-12 00:00:00',1003,76,'TRIED',NULL),(4343,'2015-12-12 00:00:00',1003,84,'TRIED',NULL),(4344,'2015-12-12 00:00:00',1003,117,'TRIED',NULL),(4345,'2015-12-12 00:00:00',1003,19,'TRIED',NULL),(4346,'2015-12-12 00:00:00',1003,34,'SUCCESS',NULL),(4347,'2015-12-12 00:00:00',1003,87,'SUCCESS',NULL),(4348,'2015-12-12 00:00:00',1003,119,'SUCCESS',NULL),(4349,'2015-12-12 00:00:00',1003,153,'TRIED',NULL),(4350,'2015-12-12 00:00:00',1003,19,'TRIED',NULL),(4351,'2015-12-12 00:00:00',1003,143,'SUCCESS',NULL),(4352,'2015-12-12 00:00:00',1003,19,'SUCCESS',NULL),(4353,'2015-12-12 00:00:00',1027,85,'SUCCESS',NULL),(4354,'2015-12-12 00:00:00',1027,33,'ALMOST',NULL),(4355,'2015-12-12 00:00:00',1027,184,'TRIED',NULL),(4356,'2015-12-12 00:00:00',1027,71,'SUCCESS',NULL),(4357,'2015-12-12 00:00:00',1027,72,'SUCCESS',NULL),(4358,'2015-12-12 00:00:00',1027,61,'SUCCESS',NULL),(4359,'2015-12-12 00:00:00',1027,58,'SUCCESS',NULL),(4360,'2015-12-12 00:00:00',1027,59,'SUCCESS',NULL),(4361,'0001-01-01 00:00:00',1027,33,'SUCCESS',NULL),(4362,'2015-12-12 00:00:00',1027,186,'SUCCESS',NULL),(4363,'2015-12-12 00:00:00',1027,75,'TRIED',NULL),(4364,'2015-12-12 00:00:00',1027,83,'TRIED',NULL),(4365,'2015-12-12 00:00:00',1027,84,'ALMOST',NULL),(4366,'2015-12-12 00:00:00',1027,111,'TRIED',NULL),(4367,'2015-12-12 00:00:00',1027,153,'TRIED',NULL),(4368,'2015-12-12 00:00:00',1027,89,'SUCCESS',NULL),(4369,'2015-12-12 00:00:00',1027,154,'SUCCESS',NULL),(4370,'2015-12-12 00:00:00',1027,112,'SUCCESS',NULL),(4371,'2015-12-12 00:00:00',1027,186,'SUCCESS',NULL),(4372,'2015-12-12 00:00:00',1027,83,'TRIED',NULL),(4373,'2015-12-12 00:00:00',1027,84,'SUCCESS',NULL),(4374,'2015-12-12 00:00:00',1027,111,'TRIED',NULL),(4375,'2015-12-12 00:00:00',1027,153,'TRIED',NULL),(4442,'2016-02-26 00:00:00',1001,188,'SUCCESS','TEST21'),(4443,'2016-02-26 00:00:00',1001,192,'SUCCESS','TEST21'),(4444,'2016-02-26 00:00:00',1001,194,'SUCCESS','TEST21'),(4445,'2016-02-26 00:00:00',1001,200,'TRIED','TEST21'),(4446,'2016-02-26 00:00:00',1001,198,'TRIED','TEST21'),(4447,'2016-02-26 00:00:00',1001,188,'SUCCESS','TEST21'),(4448,'2016-02-26 00:00:00',1006,189,'SUCCESS','TEST21'),(4449,'2016-02-26 00:00:00',1006,191,'SUCCESS','TEST21'),(4450,'2016-02-26 00:00:00',1006,195,'TRIED','TEST21'),(4451,'2016-02-26 00:00:00',1006,199,'SUCCESS','TEST21'),(4452,'2016-02-26 00:00:00',1006,197,'TRIED','TEST21'),(4453,'2016-02-26 00:00:00',1006,189,'SUCCESS','TEST21'),(4454,'2016-02-26 00:00:00',1006,191,'SUCCESS','TEST21'),(4455,'2016-02-26 00:00:00',1006,195,'TRIED','TEST21'),(4456,'2016-02-26 00:00:00',1006,199,'SUCCESS','TEST21'),(4457,'2016-02-26 00:00:00',1006,197,'TRIED','TEST21'),(4458,'2016-02-26 00:00:00',1009,187,'SUCCESS','TEST21'),(4459,'2016-02-26 00:00:00',1009,191,'ALMOST','TEST21'),(4460,'2016-02-26 00:00:00',1009,193,'TRIED','TEST21'),(4461,'2016-02-26 00:00:00',1009,199,'ALMOST','TEST21'),(4462,'2016-02-26 00:00:00',1009,197,'TRIED','TEST21'),(4463,'2016-02-26 00:00:00',1011,188,'SUCCESS','TEST21'),(4464,'2016-02-26 00:00:00',1011,192,'TRIED','TEST21'),(4465,'2016-02-26 00:00:00',1011,194,'TRIED','TEST21'),(4466,'2016-02-26 00:00:00',1011,200,'TRIED','TEST21'),(4467,'2016-02-26 00:00:00',1011,198,'SUCCESS','TEST21'),(4468,'2016-02-26 00:00:00',1014,190,'SUCCESS','TEST21'),(4469,'2016-02-26 00:00:00',1014,192,'TRIED','TEST21'),(4470,'2016-02-26 00:00:00',1014,196,'TRIED','TEST21'),(4471,'2016-02-26 00:00:00',1014,200,'TRIED','TEST21'),(4472,'2016-02-26 00:00:00',1014,198,'TRIED','TEST21'),(4473,'2016-02-26 00:00:00',1016,187,'SUCCESS','TEST21'),(4474,'2016-02-26 00:00:00',1016,191,'SUCCESS','TEST21'),(4475,'2016-02-26 00:00:00',1016,193,'SUCCESS','TEST21'),(4476,'2016-02-26 00:00:00',1016,199,'TRIED','TEST21'),(4477,'2016-02-26 00:00:00',1016,197,'TRIED','TEST21'),(4478,'2016-02-26 00:00:00',1017,188,'SUCCESS','TEST21'),(4479,'2016-02-26 00:00:00',1017,192,'TRIED','TEST21'),(4480,'2016-02-26 00:00:00',1017,194,'TRIED','TEST21'),(4481,'2016-02-26 00:00:00',1017,200,'TRIED','TEST21'),(4482,'2016-02-26 00:00:00',1017,198,'TRIED','TEST21'),(4483,'2016-02-26 00:00:00',1020,189,'SUCCESS','TEST21'),(4484,'2016-02-26 00:00:00',1020,191,'SUCCESS','TEST21'),(4485,'2016-02-26 00:00:00',1020,195,'TRIED','TEST21'),(4486,'2016-02-26 00:00:00',1020,199,'TRIED','TEST21'),(4487,'2016-02-26 00:00:00',1020,197,'TRIED','TEST21'),(4488,'2016-02-26 00:00:00',1021,190,'SUCCESS','TEST21'),(4489,'2016-02-26 00:00:00',1021,192,'ALMOST','TEST21'),(4490,'2016-02-26 00:00:00',1021,196,'TRIED','TEST21'),(4491,'2016-02-26 00:00:00',1021,200,'TRIED','TEST21'),(4492,'2016-02-26 00:00:00',1021,198,'TRIED','TEST21'),(4493,'2016-02-26 00:00:00',1022,187,'SUCCESS','TEST21'),(4494,'2016-02-26 00:00:00',1022,191,'TRIED','TEST21'),(4495,'2016-02-26 00:00:00',1022,193,'SUCCESS','TEST21'),(4496,'2016-02-26 00:00:00',1022,199,'TRIED','TEST21'),(4497,'2016-02-26 00:00:00',1022,197,'TRIED','TEST21'),(4498,'2016-02-26 00:00:00',1024,188,'TRIED','TEST21'),(4499,'2016-02-26 00:00:00',1024,192,'TRIED','TEST21'),(4500,'2016-02-26 00:00:00',1024,194,'TRIED','TEST21'),(4501,'2016-02-26 00:00:00',1024,200,'TRIED','TEST21'),(4502,'2016-02-26 00:00:00',1024,198,'TRIED','TEST21'),(4503,'2016-02-26 00:00:00',1027,190,'ALMOST','TEST21'),(4504,'2016-02-26 00:00:00',1027,192,'TRIED','TEST21'),(4505,'2016-02-26 00:00:00',1027,196,'TRIED','TEST21'),(4506,'2016-02-26 00:00:00',1027,200,'TRIED','TEST21'),(4507,'2016-02-26 00:00:00',1027,198,'TRIED','TEST21'),(4508,'2016-02-26 00:00:00',1038,187,'SUCCESS','TEST21'),(4509,'2016-02-26 00:00:00',1038,191,'TRIED','TEST21'),(4510,'2016-02-26 00:00:00',1038,193,'SUCCESS','TEST21'),(4511,'2016-02-26 00:00:00',1038,199,'SUCCESS','TEST21'),(4512,'2016-02-26 00:00:00',1038,197,'TRIED','TEST21'),(4513,'2016-02-26 00:00:00',1043,188,'SUCCESS','TEST21'),(4514,'2016-02-26 00:00:00',1043,192,'SUCCESS','TEST21'),(4515,'2016-02-26 00:00:00',1043,194,'TRIED','TEST21'),(4516,'2016-02-26 00:00:00',1043,200,'TRIED','TEST21'),(4517,'2016-02-26 00:00:00',1043,198,'TRIED','TEST21'),(4518,'2016-02-26 00:00:00',1047,187,'SUCCESS','TEST21'),(4519,'2016-02-26 00:00:00',1047,193,'ALMOST','TEST21'),(4520,'2016-02-26 00:00:00',1047,199,'TRIED','TEST21'),(4521,'2016-02-26 00:00:00',1004,188,'SUCCESS','TEST21'),(4522,'2016-02-26 00:00:00',1004,192,'TRIED','TEST21'),(4523,'2016-02-26 00:00:00',1004,198,'TRIED','TEST21'),(4524,'2016-02-26 00:00:00',1008,190,'TRIED','TEST21'),(4525,'2016-02-26 00:00:00',1008,200,'TRIED','TEST21'),(4526,'2016-02-26 00:00:00',1008,192,'TRIED','TEST21'),(4527,'2016-02-26 00:00:00',1023,189,'TRIED','TEST21'),(4528,'2016-02-26 00:00:00',1023,191,'TRIED','TEST21'),(4529,'2016-02-26 00:00:00',1023,195,'TRIED','TEST21'),(4530,'2016-02-26 00:00:00',1023,197,'TRIED','TEST21'),(4531,'2016-02-26 00:00:00',1040,188,'SUCCESS','TEST21'),(4532,'2016-02-26 00:00:00',1040,192,'TRIED','TEST21'),(4533,'2016-02-26 00:00:00',1040,200,'TRIED','TEST21'),(4534,'2016-02-26 00:00:00',1037,187,'TRIED','TEST21'),(4535,'2016-02-26 00:00:00',1037,191,'TRIED','TEST21'),(4536,'2016-02-26 00:00:00',1037,199,'TRIED','TEST21'),(4537,'2016-02-26 00:00:00',1037,197,'TRIED','TEST21'),(4538,'2016-02-26 00:00:00',1026,190,'TRIED','TEST21'),(4539,'2016-02-26 00:00:00',1026,192,'TRIED','TEST21'),(4540,'2016-02-26 00:00:00',1026,196,'TRIED','TEST21'),(4541,'2016-02-26 00:00:00',1026,200,'TRIED','TEST21'),(4542,'2016-02-26 00:00:00',1031,187,'SUCCESS','TEST21'),(4543,'2016-02-26 00:00:00',1031,191,'TRIED','TEST21'),(4544,'2016-02-26 00:00:00',1031,199,'SUCCESS','TEST21'),(4545,'2016-02-26 00:00:00',1032,188,'TRIED','TEST21'),(4546,'2016-02-26 00:00:00',1032,192,'TRIED','TEST21'),(4547,'2016-02-26 00:00:00',1032,200,'TRIED','TEST21'),(4548,'2016-02-26 00:00:00',1032,198,'TRIED','TEST21'),(4549,'2016-02-26 00:00:00',1046,189,'SUCCESS','TEST21'),(4550,'2016-02-26 00:00:00',1046,191,'TRIED','TEST21'),(4551,'2016-02-26 00:00:00',1036,190,'SUCCESS','TEST21'),(4552,'2016-02-26 00:00:00',1036,200,'TRIED','TEST21'),(4669,'2016-02-26 00:00:00',1002,190,'SUCCESS','TEST21'),(4670,'2016-02-26 00:00:00',1002,192,'TRIED','TEST21'),(4671,'2016-02-26 00:00:00',1003,187,'TRIED','TEST21'),(4672,'2016-02-26 00:00:00',1003,191,'TRIED','TEST21'),(4673,'2016-02-26 00:00:00',1003,193,'TRIED','TEST21'),(4674,'2016-02-26 00:00:00',1003,199,'TRIED','TEST21'),(4675,'2016-02-26 00:00:00',1003,197,'TRIED','TEST21'),(4676,'2016-02-26 00:00:00',1012,189,'SUCCESS','TEST21'),(4677,'2016-02-26 00:00:00',1012,191,'TRIED','TEST21'),(4678,'2016-02-26 00:00:00',1012,195,'TRIED','TEST21'),(4679,'2016-02-26 00:00:00',1015,190,'SUCCESS','TEST21'),(4680,'2016-02-26 00:00:00',1015,192,'TRIED','TEST21'),(4681,'2016-02-26 00:00:00',1018,187,'SUCCESS','TEST21'),(4682,'2016-02-26 00:00:00',1018,191,'SUCCESS','TEST21'),(4683,'2016-02-26 00:00:00',1018,193,'SUCCESS','TEST21'),(4684,'2016-02-26 00:00:00',1028,188,'SUCCESS','TEST21'),(4685,'2016-02-26 00:00:00',1028,192,'TRIED','TEST21'),(4686,'2016-02-26 00:00:00',1028,198,'TRIED','TEST21'),(4687,'2016-02-26 00:00:00',1029,189,'SUCCESS','TEST21'),(4688,'2016-02-26 00:00:00',1029,199,'SUCCESS','TEST21'),(4689,'2016-02-26 00:00:00',1030,190,'SUCCESS','TEST21'),(4690,'2016-02-26 00:00:00',1030,196,'TRIED','TEST21'),(4691,'2016-02-26 00:00:00',1030,200,'TRIED','TEST21'),(4692,'2016-02-26 00:00:00',1030,198,'TRIED','TEST21'),(4693,'2016-02-26 00:00:00',1033,187,'SUCCESS','TEST21'),(4694,'2016-02-26 00:00:00',1033,191,'TRIED','TEST21'),(4695,'2016-02-26 00:00:00',1033,193,'SUCCESS','TEST21'),(4696,'2016-02-26 00:00:00',1033,197,'TRIED','TEST21'),(4697,'2016-02-26 00:00:00',1035,189,'SUCCESS','TEST21'),(4698,'2016-02-26 00:00:00',1035,191,'TRIED','TEST21'),(4699,'2016-02-26 00:00:00',1035,195,'TRIED','TEST21'),(4700,'2016-02-26 00:00:00',1035,199,'SUCCESS','TEST21'),(4701,'2016-02-26 00:00:00',1039,190,'TRIED','TEST21'),(4702,'2016-02-26 00:00:00',1039,192,'TRIED','TEST21'),(4703,'2016-02-26 00:00:00',1041,187,'SUCCESS','TEST21'),(4704,'2016-02-26 00:00:00',1041,191,'SUCCESS','TEST21'),(4705,'2016-02-26 00:00:00',1041,199,'SUCCESS','TEST21'),(4746,'2016-03-04 00:00:00',1012,192,'SUCCESS','TEST22'),(4747,'2016-03-04 00:00:00',1012,193,'SUCCESS','TEST22'),(4748,'2016-03-04 00:00:00',1012,199,'TRIED','TEST22'),(4749,'2016-03-04 00:00:00',1012,198,'ALMOST','TEST22'),(4750,'2016-03-04 00:00:00',1012,201,'TRIED','TEST22'),(4751,'2016-03-04 00:00:00',1028,192,'TRIED','TEST22'),(4752,'2016-03-04 00:00:00',1028,195,'SUCCESS','TEST22'),(4753,'2016-03-04 00:00:00',1028,200,'TRIED','TEST22'),(4754,'2016-03-04 00:00:00',1028,197,'SUCCESS','TEST22'),(4755,'2016-03-04 00:00:00',1028,202,'SUCCESS','TEST22'),(4756,'2016-03-04 00:00:00',1030,192,'TRIED','TEST22'),(4757,'2016-03-04 00:00:00',1030,193,'SUCCESS','TEST22'),(4758,'2016-03-04 00:00:00',1030,199,'ALMOST','TEST22'),(4759,'2016-03-04 00:00:00',1030,197,'SUCCESS','TEST22'),(4760,'2016-03-04 00:00:00',1030,202,'SUCCESS','TEST22'),(4761,'2016-03-04 00:00:00',1035,191,'ALMOST','TEST22'),(4762,'2016-03-04 00:00:00',1035,195,'TRIED','TEST22'),(4763,'2016-03-04 00:00:00',1035,198,'SUCCESS','TEST22'),(4764,'2016-03-04 00:00:00',1035,201,'TRIED','TEST22'),(4765,'2016-03-04 00:00:00',1035,204,'TRIED','TEST22'),(4766,'2016-03-04 00:00:00',1003,190,'ALMOST','TEST22'),(4767,'2016-03-04 00:00:00',1003,192,'TRIED','TEST22'),(4768,'2016-03-04 00:00:00',1003,195,'TRIED','TEST22'),(4769,'2016-03-04 00:00:00',1003,199,'SUCCESS','TEST22'),(4770,'2016-03-04 00:00:00',1003,198,'TRIED','TEST22'),(4771,'2016-03-04 00:00:00',1018,199,'SUCCESS','TEST22'),(4772,'2016-03-04 00:00:00',1018,198,'SUCCESS','TEST22'),(4773,'2016-03-04 00:00:00',1018,201,'TRIED','TEST22'),(4774,'2016-03-04 00:00:00',1018,204,'TRIED','TEST22'),(4775,'2016-03-04 00:00:00',1034,188,'ALMOST','TEST22'),(4776,'2016-03-04 00:00:00',1034,192,'TRIED','TEST22'),(4777,'2016-03-04 00:00:00',1034,194,'TRIED','TEST22'),(4778,'2016-03-04 00:00:00',1034,199,'TRIED','TEST22'),(4779,'2016-03-04 00:00:00',1034,197,'TRIED','TEST22'),(4780,'2016-03-04 00:00:00',1002,191,'SUCCESS','TEST22'),(4781,'2016-03-04 00:00:00',1002,194,'TRIED','TEST22'),(4782,'2016-03-04 00:00:00',1002,200,'TRIED','TEST22'),(4783,'2016-03-04 00:00:00',1002,197,'SUCCESS','TEST22'),(4784,'2016-03-04 00:00:00',1002,202,'TRIED','TEST22'),(4785,'2016-03-04 00:00:00',1015,191,'SUCCESS','TEST22'),(4786,'2016-03-04 00:00:00',1015,194,'TRIED','TEST22'),(4787,'2016-03-04 00:00:00',1015,200,'SUCCESS','TEST22'),(4788,'2016-03-04 00:00:00',1015,197,'TRIED','TEST22'),(4789,'2016-03-04 00:00:00',1015,202,'TRIED','TEST22'),(4790,'2016-03-04 00:00:00',1033,191,'SUCCESS','TEST22'),(4791,'2016-03-04 00:00:00',1033,200,'TRIED','TEST22'),(4792,'2016-03-04 00:00:00',1033,198,'TRIED','TEST22'),(4793,'2016-03-04 00:00:00',1033,201,'TRIED','TEST22'),(4794,'2016-03-04 00:00:00',1033,204,'TRIED','TEST22');
/*!40000 ALTER TABLE `history` ENABLE KEYS */;
UNLOCK TABLES;

--
-- Table structure for table `learner`
--

DROP TABLE IF EXISTS `learner`;
/*!40101 SET @saved_cs_client     = @@character_set_client */;
/*!40101 SET character_set_client = utf8 */;
CREATE TABLE `learner` (
  `id` int(11) NOT NULL AUTO_INCREMENT,
  `user_id` int(11) NOT NULL,
  `academic_group` int(11) DEFAULT NULL,
  `academic_group_real` int(11) DEFAULT NULL,
  PRIMARY KEY (`id`),
  UNIQUE KEY `user_id` (`user_id`),
  KEY `academic_group` (`academic_group`),
  KEY `academic_group_real` (`academic_group_real`),
  CONSTRAINT `learner_ibfk_1` FOREIGN KEY (`user_id`) REFERENCES `user` (`id`),
  CONSTRAINT `learner_ibfk_2` FOREIGN KEY (`academic_group`) REFERENCES `academic_group` (`id`),
  CONSTRAINT `learner_ibfk_3` FOREIGN KEY (`academic_group_real`) REFERENCES `academic_group` (`id`)
) ENGINE=InnoDB AUTO_INCREMENT=47 DEFAULT CHARSET=utf8;
/*!40101 SET character_set_client = @saved_cs_client */;

--
-- Dumping data for table `learner`
--

LOCK TABLES `learner` WRITE;
/*!40000 ALTER TABLE `learner` DISABLE KEYS */;
INSERT INTO `learner` VALUES (1,1001,3,3),(2,1002,2,2),(3,1003,2,2),(4,1004,1,1),(5,1005,2,2),(6,1006,3,3),(7,1007,1,1),(8,1008,1,1),(9,1009,3,3),(10,1011,3,3),(11,1012,2,2),(12,1013,3,3),(13,1014,3,3),(14,1015,2,2),(15,1016,3,3),(16,1017,3,3),(17,1018,2,2),(18,1019,1,1),(19,1020,3,3),(20,1021,3,3),(21,1022,3,3),(22,1023,1,1),(23,1024,3,3),(24,1025,3,3),(25,1026,1,1),(26,1027,3,3),(27,1028,2,2),(28,1029,2,2),(29,1030,2,2),(30,1031,1,1),(31,1032,1,1),(32,1033,2,2),(33,1034,2,2),(34,1035,2,2),(35,1036,1,1),(36,1037,1,1),(37,1038,3,3),(38,1039,2,2),(39,1040,1,1),(40,1041,2,2),(41,1042,1,1),(42,1043,3,3),(43,1044,3,3),(44,1045,1,1),(45,1046,1,1),(46,1047,1,1);
/*!40000 ALTER TABLE `learner` ENABLE KEYS */;
UNLOCK TABLES;

--
-- Table structure for table `problem`
--

DROP TABLE IF EXISTS `problem`;
/*!40101 SET @saved_cs_client     = @@character_set_client */;
/*!40101 SET character_set_client = utf8 */;
CREATE TABLE `problem` (
  `id` int(11) NOT NULL AUTO_INCREMENT,
  `title` text,
  `statement` text NOT NULL,
  `creator` int(11) DEFAULT NULL,
  `parent` int(11) DEFAULT NULL,
  `last_modified` datetime DEFAULT NULL,
  `clones` text,
  `author_comment` text,
  `topics` text,
  `concepts` text,
  PRIMARY KEY (`id`),
  KEY `creator` (`creator`),
  CONSTRAINT `problem_ibfk_1` FOREIGN KEY (`creator`) REFERENCES `user` (`id`)
) ENGINE=InnoDB AUTO_INCREMENT=212 DEFAULT CHARSET=utf8;
/*!40101 SET character_set_client = @saved_cs_client */;

--
-- Dumping data for table `problem`
--

LOCK TABLES `problem` WRITE;
/*!40000 ALTER TABLE `problem` DISABLE KEYS */;
INSERT INTO `problem` VALUES (1,NULL,'    ;    .\\\\\n\\begin{tabularx}{\\linewidth}{|X|X|X|X|X|X|}\\hline\n\\newline  & \\newline  &  & \\newline  & \\newline  & \\\\\\hline\n$\\omega$ & & &  & $H$ & \\\\\\hline\n$\\iota$ & & &  & $Z$ & \\\\\\hline\n$\\xi$ & & &  & $T$ & \\\\\\hline\n\\end{tabularx}\n\n',NULL,NULL,NULL,NULL,'1','49',NULL),(2,NULL,'  ,     ,     (   ,    ).\n\n',NULL,NULL,NULL,NULL,'2','55',NULL),(3,NULL,'   .\n\n',NULL,NULL,NULL,NULL,'3','78',NULL),(4,NULL,',             .\n\n',NULL,NULL,NULL,NULL,'4','59',NULL),(5,NULL,'      . ,       ,        .\n\n',NULL,NULL,NULL,NULL,'5','44',NULL),(6,NULL,'   ,     $n$    $2^n\\times 2^n$       , ,       $2\\times 2$ (.. $2\\times 2$-    ).\n\n',NULL,NULL,NULL,NULL,'6','50',NULL),(7,NULL,'       :    $\\alpha\\in (0,1)$   $N\\in\\bbN$     $a,b\\in[0,n]$,   $\\left|\\frac{a}{b}-\\alpha\\right|<\\frac{1}{nb}$.  ,  $\\frac{a}{b}$    $\\alpha$.\n\n\n',NULL,NULL,NULL,NULL,'7','47',NULL),(8,NULL,'   ,     $n,\\,n\\in\\bbN,$   ,             ,    $(n^2+n+2)/2$ .\n\n',NULL,NULL,NULL,NULL,'8','50',NULL),(9,NULL,',    $n$    ,      $n$.\n\n\n',NULL,NULL,NULL,NULL,'9','47',NULL),(10,NULL,'         .          .     (\\emph{}  )  ,           ,   .      ?\n\n',NULL,NULL,NULL,NULL,'10','48',NULL),(11,NULL,'     .      .    ,            .      ?\n\n',NULL,NULL,NULL,NULL,'11','48',NULL),(12,NULL,'  ,   4,     1, 2, 3, 4, 5,       ?\n\n',NULL,NULL,NULL,NULL,'12','86',NULL),(13,NULL,'         6     10  ,       ?\n\n\n',NULL,NULL,NULL,NULL,'13','86',NULL),(14,NULL,',           .\n\n',NULL,NULL,NULL,NULL,'14','59',NULL),(15,NULL,'       .  ,            (    ). ,         , ,           ,      . (   , ,       .  ,     .)\n\n\n',NULL,NULL,NULL,NULL,'15','48',NULL),(16,NULL,',    $52$     ,       $100$.\n\n\n',NULL,NULL,NULL,NULL,'16','47',NULL),(17,NULL,',    $x+1/x$ ,  $x^n+1/x^n$      $n\\in\\bbN$.\n\n\n',NULL,NULL,NULL,NULL,'17','50',NULL),(18,NULL,'     $30$    ,   $3$  $4$   ?\n\n\n',NULL,NULL,NULL,NULL,'18','86',NULL),(19,NULL,' $2n$ ,        .    $2n$- ,      , ,   \\emph{}      . ,    $\\{A,A,B,B,C,C,D,D\\}$    $ABBCADDC$ (      $B$  $D$).         ,   .\n\n\n',NULL,NULL,NULL,NULL,'19','77',NULL),(20,NULL,'    $r$    $(m+n)$ ,   $m$   $n$ , ,  \\emph{}  (,  )    ,          ? ,  $r>m+n$.         ,   .\n\n\n',NULL,NULL,NULL,NULL,'20','77',NULL),(21,NULL,'    $\\binom{n}{2}+2\\binom{n}{3}+3\\binom{n}{4}+\\ldots+(n-1)\\binom{n}{n}$.\n\n\n',NULL,NULL,NULL,NULL,'21','81',NULL),(22,NULL,'    $\\binom{n}{0}+3\\binom{n}{1}+5\\binom{n}{2}+\\ldots+(2n+1)\\binom{n}{n}$.\n\n\n',NULL,NULL,NULL,NULL,'22','81',NULL),(23,NULL,'    $3\\binom{n}{1}+7\\binom{n}{2}+11\\binom{n}{3}+\\ldots+(4n-1)\\binom{n}{n}$.\n\n\n',NULL,NULL,NULL,NULL,'23','81',NULL),(24,NULL,' \\emph{} $k,m,n\\in\\bbN$      $k$   $K_{m,n}$.      $k,m,n$   .\n\n\n',NULL,NULL,NULL,NULL,'24','62',NULL),(25,NULL,'% GRAPH_COUNTING,   24- \n \\emph{} $k,m,n\\in\\bbN$      $k$   $K_{m,n}$.      $k,m,n$   .\n\n\n',NULL,NULL,NULL,NULL,'25','None',NULL),(26,NULL,'          $\\{1,\\,2,\\,\\ldots,\\,n\\}$?\n\n\n',NULL,NULL,NULL,NULL,'26','62',NULL),(27,NULL,'    $4$      $36$ , ,             ?      ,    . ,     ,  .\n\n\n',NULL,NULL,NULL,NULL,'27','86',NULL),(28,NULL,'    ,    \\fbox{1}, \\fbox{5}, \\fbox{1}, \\fbox{2}, \\fbox{3}, \\fbox{3}?\n\n\n',NULL,NULL,NULL,NULL,'28','86',NULL),(29,NULL,',        $4$ ,         $\\sqrt{3}$.\n\n\n',NULL,NULL,NULL,NULL,'29','47',NULL),(30,NULL,' \\emph{} $k,m,n\\in\\bbN$      $k$   $K_{m,n}$.      $k,m,n$   .\n\n\n',NULL,NULL,NULL,NULL,'30','62',NULL),(31,NULL,'    $20$   $5$ ,       ?     .  ,    ,    ,  .\n\n\n',NULL,NULL,NULL,NULL,'31','86',NULL),(32,NULL,'    $2015$ ,    $1147$  .\n\n\n',NULL,NULL,NULL,NULL,'32','68',NULL),(33,NULL,',      $n$    $\\binom{n-1}{2}$ ,   .\n\n\n',NULL,NULL,NULL,NULL,'33','71',NULL),(34,NULL,'     $56$ ,      $7$,     $8$.\n\n\n',NULL,NULL,NULL,NULL,'34','82',NULL),(35,NULL,'   (  )  $20$    ,     \\emph{forbidden},     \\emph{required}?  :     $26$ .\n\n\n',NULL,NULL,NULL,NULL,'35','86',NULL),(36,NULL,'     ?  ,  ,  , .\n\\[\\begin{tikzpicture}[scale=0.7]\n\\node (p1) at (0,0) [scale=0.3,shape=circle,draw=black,fill=white] {};\n\\node (p2) at (1,0) [scale=0.3,shape=circle,draw=black,fill=white] {};\n\\node (p3) at (1.5,0.86) [scale=0.3,shape=circle,draw=black,fill=white] {};\n\\node (p4) at (1,1.73) [scale=0.3,shape=circle,draw=black,fill=white] {};\n\\node (p5) at (0,1.73) [scale=0.3,shape=circle,draw=black,fill=white] {};\n\\node (p6) at (-0.5,0.86) [scale=0.3,shape=circle,draw=black,fill=white] {};\n\\node (p7) at (0,0.86) [scale=0.3,shape=circle,draw=black,fill=white] {};\n\\node (p8) at (1,0.86) [scale=0.3,shape=circle,draw=black,fill=white] {};\n\\draw (p1) -- (p2) -- (p3) -- (p4) -- (p5) -- (p6) -- (p1);\n\\draw (p1) -- (p7) -- (p8) -- (p2);\n\\draw (p6) to [bend left=45] (p3);\n\\node (p9) at (3.5,0) [scale=0.3,shape=circle,draw=black,fill=white] {};\n\\node (p10) at (4.5,1) [scale=0.3,shape=circle,draw=black,fill=white] {};\n\\node (p11) at (3.5,2) [scale=0.3,shape=circle,draw=black,fill=white] {};\n\\node (p12) at (2.5,1) [scale=0.3,shape=circle,draw=black,fill=white] {};\n\\node (p13) at (3.5,0.5) [scale=0.3,shape=circle,draw=black,fill=white] {};\n\\node (p14) at (4,1) [scale=0.3,shape=circle,draw=black,fill=white] {};\n\\node (p15) at (3.5,1.5) [scale=0.3,shape=circle,draw=black,fill=white] {};\n\\node (p16) at (3,1) [scale=0.3,shape=circle,draw=black,fill=white] {};\n\\draw (p9) -- (p10) -- (p11) -- (p12) -- (p9);\n\\draw (p13) -- (p14) -- (p15) -- (p16) -- (p13);\n\\draw (p9) -- (p13);\n\\draw (p11) -- (p15);\n\\end{tikzpicture}\\]\n\n',NULL,NULL,NULL,NULL,'36','45',NULL),(37,NULL,'  (  )       .\n\\[\\begin{tikzpicture}[scale=0.5]\n\\node (p1) at (0,3) [scale=0.3,shape=circle,draw=black,fill=white,label=0:\\tiny{$1$}] {};\n\\node (p2) at (0,0) [scale=0.3,shape=circle,draw=black,fill=white,label=-90:\\tiny{$2$}] {};\n\\node (p3) at (-2,3) [scale=0.3,shape=circle,draw=black,fill=white,label=180:\\tiny{$3$}] {};\n\\node (p4) at (-1,2) [scale=0.3,shape=circle,draw=black,fill=white,label=180:\\tiny{$4$}] {};\n\\node (p5) at (0,2) [scale=0.3,shape=circle,draw=black,fill=white,label=0:\\tiny{$5$}] {};\n\\node (p6) at (-1,1) [scale=0.3,shape=circle,draw=black,fill=white,label=180:\\tiny{$6$}] {};\n\\node (p7) at (1,2) [scale=0.3,shape=circle,draw=black,fill=white,label=0:\\tiny{$7$}] {};\n\\node (p8) at (2,2) [scale=0.3,shape=circle,draw=black,fill=white,label=90:\\tiny{$8$}] {};\n\\node (p9) at (1,1) [scale=0.3,shape=circle,draw=black,fill=white,label=-45:\\tiny{$9$}] {};\n\\node (p10) at (0,1) [scale=0.3,shape=circle,draw=black,fill=white,label=0:\\tiny{$10$}] {};\n\\draw (p2) -- (p6) -- (p4) -- (p3);\n\\draw (p4) -- (p1);\n\\draw (p6) -- (p5);\n\\draw (p6) -- (p7);\n\\draw (p2) -- (p10);\n\\draw (p2) -- (p9) -- (p8);\n\\draw (0,-0.8) node {\\emph{\\tiny{$(a)$}}};\n\\node (p11) at (4,3) [scale=0.3,shape=circle,draw=black,fill=white,label=0:\\tiny{$1$}] {};\n\\node (p12) at (5,0) [scale=0.3,shape=circle,draw=black,fill=white,label=-90:\\tiny{$2$}] {};\n\\node (p13) at (3,3) [scale=0.3,shape=circle,draw=black,fill=white,label=180:\\tiny{$3$}] {};\n\\node (p14) at (3,2) [scale=0.3,shape=circle,draw=black,fill=white,label=180:\\tiny{$4$}] {};\n\\node (p15) at (5,2) [scale=0.3,shape=circle,draw=black,fill=white,label=0:\\tiny{$5$}] {};\n\\node (p16) at (4,1) [scale=0.3,shape=circle,draw=black,fill=white,label=180:\\tiny{$6$}] {};\n\\node (p17) at (6,3) [scale=0.3,shape=circle,draw=black,fill=white,label=0:\\tiny{$7$}] {};\n\\node (p18) at (6,1) [scale=0.3,shape=circle,draw=black,fill=white,label=0:\\tiny{$8$}] {};\n\\node (p19) at (5,1) [scale=0.3,shape=circle,draw=black,fill=white,label=90:\\tiny{$9$}] {};\n\\node (p20) at (6,2) [scale=0.3,shape=circle,draw=black,fill=white,label=0:\\tiny{$10$}] {};\n\\draw (p12) -- (p16) -- (p14) -- (p13);\n\\draw (p14) -- (p11);\n\\draw (p16) -- (p15) -- (p17);\n\\draw (p12) -- (p19);\n\\draw (p12) -- (p18) -- (p20);\n\\draw (4.5,-0.8) node {\\emph{\\tiny{$(b)$}}};\n\\node (p21) at (8,3.5) [scale=0.3,shape=circle,draw=black,fill=white,label=180:\\tiny{$1$}] {};\n\\node (p22) at (9,0) [scale=0.3,shape=circle,draw=black,fill=white,label=-90:\\tiny{$2$}] {};\n\\node (p23) at (8,2) [scale=0.3,shape=circle,draw=black,fill=white,label=180:\\tiny{$3$}] {};\n\\node (p24) at (9,3) [scale=0.3,shape=circle,draw=black,fill=white,label=-45:\\tiny{$4$}] {};\n\\node (p25) at (9,2) [scale=0.3,shape=circle,draw=black,fill=white,label=0:\\tiny{$5$}] {};\n\\node (p26) at (8,1) [scale=0.3,shape=circle,draw=black,fill=white,label=180:\\tiny{$6$}] {};\n\\node (p27) at (10,3.5) [scale=0.3,shape=circle,draw=black,fill=white,label=0:\\tiny{$7$}] {};\n\\node (p28) at (10,2) [scale=0.3,shape=circle,draw=black,fill=white,label=0:\\tiny{$8$}] {};\n\\node (p29) at (10,1) [scale=0.3,shape=circle,draw=black,fill=white,label=0:\\tiny{$9$}] {};\n\\node (p30) at (9,1) [scale=0.3,shape=circle,draw=black,fill=white,label=90:\\tiny{$10$}] {};\n\\draw (p22) -- (p26) -- (p23);\n\\draw (p22) -- (p30);\n\\draw (p26) -- (p25) -- (p24) -- (p21);\n\\draw (p24) -- (p27);\n\\draw (p22) -- (p29) -- (p28);\n\\draw (9,-0.8) node {\\emph{\\tiny{$(c)$}}};\n\\end{tikzpicture}\\]\n\\begin{enumerate}\n\\item[(a)] (4,6,4,5,6,2,9,2);\n\\item[(b)] (4,4,6,6,6,2,9,2);\n\\item[(c)] (4,4,6,5,6,2,2,10).\n\\end{enumerate}% :  (a)   (b),  (c)   (a),  (b)   (c)   .\n\n\n',NULL,NULL,NULL,NULL,'37','72',NULL),(38,NULL,' $V = \\{1,2,3,4,5,6,7,8\\}$.   ,   $G$  ,    $V$ (  $G$  )?% : 8!/4\n\\[\\begin{tikzpicture}[scale=0.7]\n\\node (p1) at (-1,0) [scale=0.3,shape=circle,draw=black,fill=white,label=90:\\tiny{$1$}] {};\n\\node (p2) at (0,0) [scale=0.3,shape=circle,draw=black,fill=white,label=90:\\tiny{$2$}] {};\n\\node (p3) at (1,0) [scale=0.3,shape=circle,draw=black,fill=white,label=90:\\tiny{$3$}] {};\n\\node (p4) at (2,0) [scale=0.3,shape=circle,draw=black,fill=white,label=90:\\tiny{$4$}] {};\n\\node (p5) at (3,0) [scale=0.3,shape=circle,draw=black,fill=white,label=90:\\tiny{$5$}] {};\n\\node (p6) at (4,0) [scale=0.3,shape=circle,draw=black,fill=white,label=90:\\tiny{$6$}] {};\n\\node (p7) at (5,0) [scale=0.3,shape=circle,draw=black,fill=white,label=90:\\tiny{$7$}] {};\n\\node (p8) at (6,0) [scale=0.3,shape=circle,draw=black,fill=white,label=90:\\tiny{$8$}] {};\n\\draw (p2) -- (p3) -- (p4) -- (p5) -- (p6) -- (p7);\n\\draw (2.5,-0.5) node {\\tiny{ $G$.}};\n\\end{tikzpicture}\\]\n\n\n',NULL,NULL,NULL,NULL,'38','53',NULL),(39,NULL,',            $5$ .  ,              .\n\n\n',NULL,NULL,NULL,NULL,'39','47',NULL),(40,NULL,',         .\n\n\n',NULL,NULL,NULL,NULL,'40','50',NULL),(41,NULL,'    .      ,   . ,           ,   ,   . (  .)\n\n\n',NULL,NULL,NULL,NULL,'41','48',NULL),(42,NULL,'    \\emph{},             (..        ).    ,   $k\\in\\bbN$            $k$ ,      ,    $k$ .\n\n\n',NULL,NULL,NULL,NULL,'42','50',NULL),(43,NULL,'  -,      ($\\neq$ !)     $\\{1,\\,2,\\,\\ldots,\\,n\\}$,     .\n\n',NULL,NULL,NULL,NULL,'43','77',NULL),(44,NULL,'   ,        $(1,1,1,1,1,1,2,3,3,4,4)?$  ,    .\n\n',NULL,NULL,NULL,NULL,'44','69',NULL),(45,NULL,'   ,      \n$(1,1,1,1,1,1,1,2,4,4,5)?$  ,    .\n\n',NULL,NULL,NULL,NULL,'45','69',NULL),(46,NULL,'   ,      \n$(1,1,1,1,1,1,2,3,3,3,5)?$  ,    .\n\n',NULL,NULL,NULL,NULL,'46','69',NULL),(47,NULL,'        $n\\ge 9$     $7$?\n\n',NULL,NULL,NULL,NULL,'47','69',NULL),(48,NULL,'  \\emph{}      ?\n\\begin{center}\n\\begin{tikzpicture}[scale=0.7]\n\\draw (0,0) -- (1,1) -- (0,2) -- (-0.8,3);\n\\draw (2,0) -- (1,1) -- (2,2) -- (2.8,3);\n\\draw (2,3) -- (2,2);\n\\draw (1.2,3) -- (2,2);\n\\draw (0.8,3) -- (0,2);\n\\draw (0,3) -- (0,2);\n\\filldraw [fill=white] (0,0) circle (0.08);\n\\filldraw [fill=white] (2,0) circle (0.08);\n\\filldraw [fill=white] (1,1) circle (0.08);\n\\filldraw [fill=white] (2,2) circle (0.08);\n\\filldraw [fill=white] (0,2) circle (0.08);\n\\filldraw [fill=white] (0.8,3) circle (0.08);\n\\filldraw [fill=white] (0,3) circle (0.08);\n\\filldraw [fill=white] (-0.8,3) circle (0.08);\n\\filldraw [fill=white] (1.2,3) circle (0.08);\n\\filldraw [fill=white] (2,3) circle (0.08);\n\\filldraw [fill=white] (2.8,3) circle (0.08);\n\\end{tikzpicture}\n\\end{center}\n\n',NULL,NULL,NULL,NULL,'48','53',NULL),(49,NULL,'  \\emph{}      ?\n\\begin{center}\n\\begin{tikzpicture}[scale=0.7]\n\\draw (0,0) -- (1,1) -- (1,1.5) -- (0,2) -- (-0.5,2.5);\n\\draw (2,0) -- (1,1);\n\\draw (1,1.5) -- (2,2) -- (2.5,2.5);\n\\draw (0.5,2.5) -- (0,2);\n\\draw (0.5,2) -- (1,1.5);\n\\draw (1.5,2) -- (1,1.5);\n\\draw (1.5,2.5) -- (2,2);\n\\filldraw [fill=white] (0,0) circle (0.08);\n\\filldraw [fill=white] (2,0) circle (0.08);\n\\filldraw [fill=white] (1,1) circle (0.08);\n\\filldraw [fill=white] (1,1.5) circle (0.08);\n\\filldraw [fill=white] (0,2) circle (0.08);\n\\filldraw [fill=white] (0.5,2) circle (0.08);\n\\filldraw [fill=white] (1.5,2) circle (0.08);\n\\filldraw [fill=white] (2,2) circle (0.08);\n\\filldraw [fill=white] (-0.5,2.5) circle (0.08);\n\\filldraw [fill=white] (0.5,2.5) circle (0.08);\n\\filldraw [fill=white] (1.5,2.5) circle (0.08);\n\\filldraw [fill=white] (2.5,2.5) circle (0.08);\n\\end{tikzpicture}\n\\end{center}\n\n',NULL,NULL,NULL,NULL,'49','53',NULL),(50,NULL,',      $n$~  $r$~,           $ \\{1, \\ldots, r\\} $,   $rn^{n-1-r}$~.\n\n',NULL,NULL,NULL,NULL,'50','69',NULL),(51,NULL,',       $n$  (.~.     $n$\n )  $4^n$.\n\n',NULL,NULL,NULL,NULL,'51','69',NULL),(52,NULL,' $T_n$      $n$~.   \\[2(n-1)T_n=\\Sum_{k=1}^{n-1}C_n^k k(n-k) T_kT_{n-k}.\\]\n\n',NULL,NULL,NULL,NULL,'52','69',NULL),(53,NULL,'  ,   $G$  ,    $\\{1,2,\\ldots,8\\}$ (  $G$  )?% : 8!/4\n\\[\\begin{tikzpicture}[scale=0.7]\n\\node (p1) at (0,0) [scale=0.3,shape=circle,draw=black,fill=white,label=-90:\\tiny{$1$}] {};\n\\node (p2) at (1,0) [scale=0.3,shape=circle,draw=black,fill=white,label=-90:\\tiny{$2$}] {};\n\\node (p3) at (1.5,0.86) [scale=0.3,shape=circle,draw=black,fill=white,label=-45:\\tiny{$3$}] {};\n\\node (p4) at (1,1.72) [scale=0.3,shape=circle,draw=black,fill=white,label=90:\\tiny{$4$}] {};\n\\node (p5) at (0,1.72) [scale=0.3,shape=circle,draw=black,fill=white,label=90:\\tiny{$5$}] {};\n\\node (p6) at (-0.5,0.86) [scale=0.3,shape=circle,draw=black,fill=white,label=180:\\tiny{$6$}] {};\n\\node (p7) at (2.5,0.86) [scale=0.3,shape=circle,draw=black,fill=white,label=-90:\\tiny{$7$}] {};\n\\node (p8) at (3.5,0.86) [scale=0.3,shape=circle,draw=black,fill=white,label=-90:\\tiny{$8$}] {};\n\\draw (p2) -- (p5);\n\\draw (p1) -- (p4);\n\\draw (p1) -- (p2) -- (p3) -- (p4) -- (p5) -- (p6) -- (p1);\n\\draw (p3) -- (p7) -- (p8);\n\\draw (1.5,-0.6) node {\\tiny{ $G$.}};\n\\end{tikzpicture}\\]%: (3/5)8!.\n\n\n',NULL,NULL,NULL,NULL,'53','53',NULL),(54,NULL,'   $n$    $n$     $(n-1)$  ?\n\n\n',NULL,NULL,NULL,NULL,'54','83',NULL),(55,NULL,'\\emph{ }     ,    ,     . ,             .        ?\n\n',NULL,NULL,NULL,NULL,'55','83',NULL),(56,NULL,'       ,   (    ). ,       .            ?  ,  ,        .\n\\[\\begin{tikzpicture}[scale=0.7]\n \\node (vrtx 1) at (0,0) [scale=0.3,shape=circle,draw=black,fill=white,label=90:\\tiny{$1$}] {};\n \\node (vrtx 2) at (2,0) [scale=0.3,shape=circle,draw=black,fill=white,label=90:\\tiny{$2$}] {};\n \\node (vrtx 3) at (4,0) [scale=0.3,shape=circle,draw=black,fill=white,label=90:\\tiny{$3$}] {};\n \\node (vrtx 4) at (1,-1) [scale=0.3,shape=circle,draw=black,fill=white,label=90:\\tiny{$4$}] {};\n \\node (vrtx 5) at (3,-1) [scale=0.3,shape=circle,draw=black,fill=white,label=90:\\tiny{$5$}] {};\n \\node (vrtx 6) at (1,-2) [scale=0.3,shape=circle,draw=black,fill=white,label=-90:\\tiny{$6$}] {};\n \\node (vrtx 7) at (3,-2) [scale=0.3,shape=circle,draw=black,fill=white,label=-90:\\tiny{$7$}] {};\n \\node (vrtx 8) at (0,-3) [scale=0.3,shape=circle,draw=black,fill=white,label=-90:\\tiny{$8$}] {};\n \\node (vrtx 9) at (2,-3) [scale=0.3,shape=circle,draw=black,fill=white,label=-90:\\tiny{$9$}] {};\n \\node (vrtx 10) at (4,-3) [scale=0.3,shape=circle,draw=black,fill=white,label=-90:\\tiny{$10$}] {};\n \\draw (vrtx 1) -- (vrtx 2);\n \\draw (vrtx 2) -- (vrtx 3);\n \\draw (vrtx 1) -- (vrtx 8);\n \\draw (vrtx 1) -- (vrtx 4);\n \\draw (vrtx 2) -- (vrtx 4);\n \\draw (vrtx 2) -- (vrtx 5);\n \\draw (vrtx 3) -- (vrtx 5);\n \\draw (vrtx 3) -- (vrtx 10);\n \\draw (vrtx 4) -- (vrtx 6);\n \\draw (vrtx 5) -- (vrtx 7);\n \\draw (vrtx 6) -- (vrtx 7);\n \\draw (vrtx 6) -- (vrtx 8);\n \\draw (vrtx 8) -- (vrtx 9);\n \\draw (vrtx 9) -- (vrtx 10);\n \\draw (vrtx 6) -- (vrtx 9);\n \\draw (vrtx 7) -- (vrtx 9);\n \\draw (vrtx 4) -- (vrtx 5);\n \\draw (vrtx 7) -- (vrtx 10);\n \\draw (vrtx 1) --  (vrtx 6);\n \\draw (vrtx 3) --  (vrtx 7);\n \\end{tikzpicture}\\]\n\n\n',NULL,NULL,NULL,NULL,'56','46',NULL),(57,NULL,'       ,   (    ). ,       .            ?  ,  ,        .\n\\[\\begin{tikzpicture}[scale=0.7]\n \\node (vrtx 1) at (2,0) [scale=0.3,shape=circle,draw=black,fill=white,label=90:\\tiny{$1$}] {};\n \\node (vrtx 2) at (0,-1) [scale=0.3,shape=circle,draw=black,fill=white,label=90:\\tiny{$2$}] {};\n \\node (vrtx 3) at (1,-1) [scale=0.3,shape=circle,draw=black,fill=white,label=135:\\tiny{$3$}] {};\n \\node (vrtx 4) at (3,-1) [scale=0.3,shape=circle,draw=black,fill=white,label=45:\\tiny{$4$}] {};\n \\node (vrtx 5) at (4,-1) [scale=0.3,shape=circle,draw=black,fill=white,label=90:\\tiny{$5$}] {};\n \\node (vrtx 6) at (1,-2) [scale=0.3,shape=circle,draw=black,fill=white,label=45:\\tiny{$6$}] {};\n \\node (vrtx 7) at (2,-2) [scale=0.3,shape=circle,draw=black,fill=white,label=90:\\tiny{$7$}] {};\n \\node (vrtx 8) at (3,-2) [scale=0.3,shape=circle,draw=black,fill=white,label=110:\\tiny{$8$}] {};\n \\node (vrtx 9) at (1,-3) [scale=0.3,shape=circle,draw=black,fill=white,label=-90:\\tiny{$9$}] {};\n \\node (vrtx 10) at (3,-3) [scale=0.3,shape=circle,draw=black,fill=white,label=-90:\\tiny{$10$}] {};\n \\draw (vrtx 1) -- (vrtx 3);\n \\draw (vrtx 1) -- (vrtx 4);\n \\draw (vrtx 3) -- (vrtx 4);\n \\draw (vrtx 2) -- (vrtx 3);\n \\draw (vrtx 4) -- (vrtx 5);\n \\draw (vrtx 3) -- (vrtx 7);\n \\draw (vrtx 7) -- (vrtx 4);\n \\draw (vrtx 7) -- (vrtx 6);\n \\draw (vrtx 2) -- (vrtx 6);\n \\draw (vrtx 7) -- (vrtx 8);\n \\draw (vrtx 8) -- (vrtx 5);\n \\draw (vrtx 2) -- (vrtx 9);\n \\draw (vrtx 10) -- (vrtx 9);\n \\draw (vrtx 10) -- (vrtx 5);\n \\draw (vrtx 6) -- (vrtx 9);\n \\draw (vrtx 8) -- (vrtx 10);\n \\draw (vrtx 3) -- (vrtx 6);\n \\draw (vrtx 4) -- (vrtx 8);\n \\draw (vrtx 1) -- (vrtx 2);\n \\draw (vrtx 1) -- (vrtx 5);\n \\end{tikzpicture}\\]\n\n',NULL,NULL,NULL,NULL,'57','46',NULL),(58,NULL,'  $G=(V,E)$  $n$  \\emph{$k$-},  $\\chi(G)=k$,           . ,  $|E|\\ge n(k-1)/2$.\n\n',NULL,NULL,NULL,NULL,'58','66',NULL),(59,NULL,'        .  .\n\\[\\begin{tikzpicture}[scale=0.7][scale=0.8]\n \\node (vrtx 1) at (2,0) [scale=0.3,shape=circle,draw=black,fill=white] {};\n \\node (vrtx 2) at (0,-1) [scale=0.3,shape=circle,draw=black,fill=white] {};\n \\node (vrtx 3) at (1,-1) [scale=0.3,shape=circle,draw=black,fill=white] {};\n \\node (vrtx 4) at (2,-1) [scale=0.3,shape=circle,draw=black,fill=white] {};\n \\node (vrtx 5) at (3,-1) [scale=0.3,shape=circle,draw=black,fill=white] {};\n \\node (vrtx 6) at (4,-1) [scale=0.3,shape=circle,draw=black,fill=white] {};\n \\node (vrtx 7) at (1,-2) [scale=0.3,shape=circle,draw=black,fill=white] {};\n \\node (vrtx 8) at (3,-2) [scale=0.3,shape=circle,draw=black,fill=white] {};\n \\node (vrtx 9) at (0,-3) [scale=0.3,shape=circle,draw=black,fill=white] {};\n \\node (vrtx 10) at (4,-3) [scale=0.3,shape=circle,draw=black,fill=white] {};\n \\draw (vrtx 1) -- (vrtx 2);\n \\draw (vrtx 1) -- (vrtx 6);\n \\draw (vrtx 2) -- (vrtx 3);\n \\draw (vrtx 3) -- (vrtx 4);\n \\draw (vrtx 4) -- (vrtx 5);\n \\draw (vrtx 5) -- (vrtx 6);\n \\draw (vrtx 2) -- (vrtx 9);\n \\draw (vrtx 9) -- (vrtx 10);\n \\draw (vrtx 6) -- (vrtx 10);\n \\draw (vrtx 9) -- (vrtx 7);\n \\draw (vrtx 7) -- (vrtx 5);\n \\draw (vrtx 3) -- (vrtx 8);\n \\draw (vrtx 8) -- (vrtx 10);\n \\end{tikzpicture}\\]\n\n',NULL,NULL,NULL,NULL,'59','66',NULL),(60,NULL,'        .  .\n\\[\\begin{tikzpicture}[scale=0.7][scale=0.8]\n \\node (vrtx 1) at (2,0) [scale=0.3,shape=circle,draw=black,fill=white] {};\n \\node (vrtx 2) at (0,-1) [scale=0.3,shape=circle,draw=black,fill=white] {};\n \\node (vrtx 3) at (1,-1) [scale=0.3,shape=circle,draw=black,fill=white] {};\n \\node (vrtx 4) at (2,-1) [scale=0.3,shape=circle,draw=black,fill=white] {};\n \\node (vrtx 5) at (3,-1) [scale=0.3,shape=circle,draw=black,fill=white] {};\n \\node (vrtx 6) at (4,-1) [scale=0.3,shape=circle,draw=black,fill=white] {};\n \\node (vrtx 7) at (2,-2) [scale=0.3,shape=circle,draw=black,fill=white] {};\n \\node (vrtx 8) at (3,-2) [scale=0.3,shape=circle,draw=black,fill=white] {};\n \\node (vrtx 9) at (0,-3) [scale=0.3,shape=circle,draw=black,fill=white] {};\n \\node (vrtx 10) at (4,-3) [scale=0.3,shape=circle,draw=black,fill=white] {};\n \\draw (vrtx 1) -- (vrtx 2);\n \\draw (vrtx 1) -- (vrtx 6);\n \\draw (vrtx 2) -- (vrtx 3);\n \\draw (vrtx 3) -- (vrtx 4);\n \\draw (vrtx 4) -- (vrtx 5);\n \\draw (vrtx 5) -- (vrtx 6);\n \\draw (vrtx 2) -- (vrtx 9);\n \\draw (vrtx 9) -- (vrtx 10);\n \\draw (vrtx 6) -- (vrtx 10);\n \\draw (vrtx 9) -- (vrtx 7);\n \\draw (vrtx 7) -- (vrtx 5);\n \\draw (vrtx 4) -- (vrtx 8);\n \\draw (vrtx 8) -- (vrtx 10);\n \\draw (vrtx 1) -- (vrtx 3);\n \\draw (vrtx 7) -- (vrtx 8);\n \\end{tikzpicture}\\]\n\n',NULL,NULL,NULL,NULL,'60','66',NULL),(61,NULL,'        (    ),  . ,       .            ?  ,  ,        .  ,      ,      .\n\\[\\begin{tikzpicture}[scale=0.7]\n \\node (vrtx 1) at (0,0) [scale=0.3,shape=circle,draw=black,fill=white,label=90:\\tiny{$1$}] {};\n \\node (vrtx 2) at (1,0) [scale=0.3,shape=circle,draw=black,fill=white,label=90:\\tiny{$2$}] {};\n \\node (vrtx 3) at (2,0) [scale=0.3,shape=circle,draw=black,fill=white,label=90:\\tiny{$3$}] {};\n \\node (vrtx 4) at (3,0) [scale=0.3,shape=circle,draw=black,fill=white,label=90:\\tiny{$4$}] {};\n \\node (vrtx 5) at (0,-1) [scale=0.3,shape=circle,draw=black,fill=white,label=-90:\\tiny{$5$}] {};\n \\node (vrtx 6) at (1,-1) [scale=0.3,shape=circle,draw=black,fill=white,label=-90:\\tiny{$6$}] {};\n \\node (vrtx 7) at (2,-1) [scale=0.3,shape=circle,draw=black,fill=white,label=-90:\\tiny{$7$}] {};\n \\node (vrtx 8) at (3,-1) [scale=0.3,shape=circle,draw=black,fill=white,label=-90:\\tiny{$8$}] {};\n  \\draw (vrtx 2) -- (vrtx 3);\n \\draw (vrtx 1) -- (vrtx 6);\n \\draw (vrtx 1) -- (vrtx 8);\n \\draw (vrtx 6) -- (vrtx 7);\n \\draw (vrtx 5) -- (vrtx 2);\n \\draw (vrtx 5) -- (vrtx 4);\n \\draw (vrtx 2) -- (vrtx 7);\n \\draw (vrtx 6) -- (vrtx 3);\n \\draw (vrtx 3) -- (vrtx 8);\n \\draw (vrtx 4) -- (vrtx 7);\n \\draw (vrtx 1) to [bend left=30] (vrtx 4);\n \\draw (vrtx 5) to [bend left=-30] (vrtx 8);\n\\end{tikzpicture}\\]\n\n\n',NULL,NULL,NULL,NULL,'61','46',NULL),(62,NULL,'        (    ),  . ,       .            ?  ,  ,        .  ,      ,      .\n\\[\\begin{tikzpicture}[scale=0.7]\n \\node (vrtx 1) at (0,0) [scale=0.3,shape=circle,draw=black,fill=white,label=90:\\tiny{$1$}] {};\n \\node (vrtx 2) at (1,0) [scale=0.3,shape=circle,draw=black,fill=white,label=90:\\tiny{$2$}] {};\n \\node (vrtx 3) at (2,0) [scale=0.3,shape=circle,draw=black,fill=white,label=90:\\tiny{$3$}] {};\n \\node (vrtx 4) at (3,0) [scale=0.3,shape=circle,draw=black,fill=white,label=90:\\tiny{$4$}] {};\n \\node (vrtx 5) at (0,-1) [scale=0.3,shape=circle,draw=black,fill=white,label=-90:\\tiny{$5$}] {};\n \\node (vrtx 6) at (1,-1) [scale=0.3,shape=circle,draw=black,fill=white,label=-90:\\tiny{$6$}] {};\n \\node (vrtx 7) at (2,-1) [scale=0.3,shape=circle,draw=black,fill=white,label=-90:\\tiny{$7$}] {};\n \\node (vrtx 8) at (3,-1) [scale=0.3,shape=circle,draw=black,fill=white,label=-90:\\tiny{$8$}] {};\n  \\draw (vrtx 2) -- (vrtx 3);\n \\draw (vrtx 1) -- (vrtx 6);\n \\draw (vrtx 1) -- (vrtx 8);\n \\draw (vrtx 6) -- (vrtx 7);\n \\draw (vrtx 5) -- (vrtx 2);\n \\draw (vrtx 5) -- (vrtx 4);\n \\draw (vrtx 2) -- (vrtx 7);\n \\draw (vrtx 6) -- (vrtx 3);\n \\draw (vrtx 3) -- (vrtx 8);\n \\draw (vrtx 4) -- (vrtx 7);\n \\draw (vrtx 7) -- (vrtx 8);\n \\draw (vrtx 1) to [bend left=30] (vrtx 4);\n \\draw (vrtx 5) to [bend left=-30] (vrtx 8);\n \\end{tikzpicture}\\]\n\n\n',NULL,NULL,NULL,NULL,'62','46',NULL),(63,NULL,'   c $6$ .        ?         ?      /   ,     .\n\n',NULL,NULL,NULL,NULL,'63','66',NULL),(64,NULL,'   c $7$ .        ?         ?      /   ,     .\n\n',NULL,NULL,NULL,NULL,'64','66',NULL),(65,NULL,'   c $8$ .        ?         ?      /   ,     .\n\n',NULL,NULL,NULL,NULL,'65','66',NULL),(66,NULL,'   ?  ,     ,  ,     ,  $K_{3,3}.$\n\\[\\begin{tikzpicture}[scale=0.7]\n\\draw (0,0) -- (0,3);\n\\draw (0,0) -- (4,0);\n\\draw (4,0) -- (4,3);\n\\draw (0,3) -- (4,3);\n\\draw (0,3) -- (2,2.5);\n\\draw (4,3) -- (2,2.5);\n\\draw (2,2.5) -- (1,2);\n\\draw (2,2.5) -- (3,2);\n\\draw (1,2) -- (1,1);\n\\draw (1,2) -- (3,2);\n\\draw (3,2) -- (3,1);\n\\draw (1,1) -- (3,1);\n\\draw (1,1) -- (2,0.5);\n\\draw (3,1) -- (2,0.5);\n\\draw (0,0) -- (2,0.5);\n\\draw (2,0.5) -- (4,0);\n\\draw (0,3) -- (1,2);\n\\draw (0,3) -- (1,1);\n\\draw (4,3) -- (3,2);\n\\draw (4,3) -- (3,1);\n\\draw (4,0) -- (3,1);\n\\draw (4,0) -- (1,2);\n\\draw (0,0) -- (3,2);\n\\draw (0,0) -- (1,1);\n\\filldraw [fill=white]  (0,0) circle (0.08);\n\\filldraw [fill=white] (4,0) circle (0.08);\n\\filldraw [fill=white] (2,0.5) circle (0.08);\n\\filldraw [fill=white] (1,1) circle (0.08);\n\\filldraw [fill=white] (3,1) circle (0.08);\n\\filldraw [fill=white] (1,2) circle (0.08);\n\\filldraw [fill=white] (3,2) circle (0.08);\n\\filldraw [fill=white] (2,2.5) circle (0.08);\n\\filldraw [fill=white] (0,3) circle (0.08);\n\\filldraw [fill=white] (4,3) circle (0.08);\n\\end{tikzpicture}\\]\n\n',NULL,NULL,NULL,NULL,'66','52',NULL),(67,NULL,'   ?  ,     ,  ,     ,  $K_{3,3}.$\n\\[\\begin{tikzpicture}[scale=0.7]\n\\draw (1,0) -- (0,2);\n\\draw (0,2) -- (2,3);\n\\draw (2,3) -- (4,2);\n\\draw (4,2) -- (3,0);\n\\draw (1,0) -- (3,0);\n\\draw (1,0) -- (1,1);\n\\draw (1,1) -- (1,2);\n\\draw (1,2) -- (2,3);\n\\draw (3,0) -- (3,1);\n\\draw (3,1) -- (3,2);\n\\draw (3,2) -- (2,3);\n\\draw (0,2) -- (1,2) -- (3,2) -- (4,2);\n\\draw (2,3) -- (2,2.5) -- (1,2);\n\\draw (2,2.5) -- (3,2);\n\\draw (1,0) -- (2,0.5) -- (1,1) -- (3,1) -- (2,0.5) -- (3,0);\n\\draw (0,2) -- (1,1);\n\\draw (4,2) -- (3,1);\n\\draw (2,0.5) -- (2,2.5);\n\\filldraw [fill=white] (1,0) circle (0.08);\n\\filldraw [fill=white] (3,0) circle (0.08);\n\\filldraw [fill=white] (2,0.5) circle (0.08);\n\\filldraw [fill=white] (1,1) circle (0.08);\n\\filldraw [fill=white] (3,1) circle (0.08);\n\\filldraw [fill=white] (0,2) circle (0.08);\n\\filldraw [fill=white] (1,2) circle (0.08);\n\\filldraw [fill=white] (3,2) circle (0.08);\n\\filldraw [fill=white] (4,2) circle (0.08);\n\\filldraw [fill=white] (2,2.5) circle (0.08);\n\\filldraw [fill=white] (2,3) circle (0.08);\n\\end{tikzpicture}\\]\n\n',NULL,NULL,NULL,NULL,'67','52',NULL),(68,NULL,'   ?  ,     ,  ,     ,  $K_{3,3}.$\n\\[\\begin{tikzpicture}[scale=0.7]\n\\draw (0,0) -- (0,1);\n\\draw (0,0) -- (1,0);\n\\draw (0,1) -- (1,1);\n\\draw (1,0) -- (1,1);\n\\draw (1,1) -- (2,1);\n\\draw (1,0) -- (2,0);\n\\draw (0,1) .. controls (1.5,1.5) and (4,1.5) .. (2,0);\n\\draw (0,0) .. controls (1.5,-0.5) and (4,-0.5) .. (2,1);\n\\filldraw [fill=white] (0,0) circle (0.08);\n\\filldraw [fill=white] (1,0) circle (0.08);\n\\filldraw [fill=white] (0,1) circle (0.08);\n\\filldraw [fill=white] (1,1) circle (0.08);\n\\filldraw [fill=white] (2,0) circle (0.08);\n\\filldraw [fill=white] (2,1) circle (0.08);\n\\end{tikzpicture}\\]\n\n',NULL,NULL,NULL,NULL,'68','52',NULL),(69,NULL,'   ?  ,     ,  ,     ,  $K_{3,3}.$\n\\[\\begin{tikzpicture}[scale=0.7]\n\\draw (0,1) -- (1,0);\n\\draw (0,1) -- (3,0);\n\\draw (0,1) -- (2,1);\n\\draw (1,0) -- (2,1);\n\\draw (1,0) -- (4,1);\n\\draw (1,0) -- (3,0);\n\\draw (2,1) -- (3,0);\n\\draw (3,0) -- (4,1);\n\\draw (0,1) to [bend left=15] (4,1);\n\\filldraw [fill=white] (0,1) circle (0.08);\n\\filldraw [fill=white] (1,0) circle (0.08);\n\\filldraw [fill=white] (2,1) circle (0.08);\n\\filldraw [fill=white] (3,0) circle (0.08);\n\\filldraw [fill=white] (4,1) circle (0.08);\n\\end{tikzpicture}\\]\n\n',NULL,NULL,NULL,NULL,'69','52',NULL),(70,NULL,'   ?  ,     ,  ,     ,  $K_{3,3}.$\n\\[\\begin{tikzpicture}[scale=0.7]\n\\draw (0.5,0) -- (2.5,0);\n\\draw (3,2) -- (1.5,2.5) -- (0,2) -- (0.5,0);\n\\draw (0.5,0) -- (1,0.5) -- (2.5,1.5) -- (3,2);\n\\draw (2.5,0) -- (2,0.5) -- (0.5,1.5) -- (0,2);\n\\draw (0.5,1.5) -- (1.5,1.5) -- (2.5,1.5);\n\\filldraw [fill=white] (0,2) circle (0.08);\n\\filldraw [fill=white] (0.5,0) circle (0.08);\n\\filldraw [fill=white] (2.5,0) circle (0.08);\n\\filldraw [fill=white] (1,0.5) circle (0.08);\n\\filldraw [fill=white] (2,0.5) circle (0.08);\n\\filldraw [fill=white] (0.5,1.5) circle (0.08);\n\\filldraw [fill=white] (1.5,1.5) circle (0.08);\n\\filldraw [fill=white] (2.5,1.5) circle (0.08);\n\\filldraw [fill=white] (3,2) circle (0.08);\n\\filldraw [fill=white] (1.5,2.5) circle (0.08);\n\\end{tikzpicture}\\]\n\n\n',NULL,NULL,NULL,NULL,'70','52',NULL),(71,NULL,'   ?  ,     ,  ,     ,  $K_{3,3}.$\n\\[\\begin{tikzpicture}[scale=0.7]\n\\draw (0.5,0) -- (2.5,0);\n\\draw (3,2) -- (1.5,2.5) -- (0,2) -- (0.5,0);\n\\draw (0.5,0) -- (1,0.5) -- (2.5,1.5) -- (3,2);\n\\draw (0,2) -- (0.5,1.5) -- (1.5,1.5) -- (2.5,1.5);\n\\draw (0.5,1.5) -- (1.5,2.5);\n\\draw (1,0.5) -- (2,0.5);\n\\draw (2.5,0) -- (2,0.5) -- (1.5,1.5);\n\\filldraw [fill=white] (0,2) circle (0.08);\n\\filldraw [fill=white] (0.5,0) circle (0.08);\n\\filldraw [fill=white] (2.5,0) circle (0.08);\n\\filldraw [fill=white] (1,0.5) circle (0.08);\n\\filldraw [fill=white] (2,0.5) circle (0.08);\n\\filldraw [fill=white] (0.5,1.5) circle (0.08);\n\\filldraw [fill=white] (1.5,1.5) circle (0.08);\n\\filldraw [fill=white] (2.5,1.5) circle (0.08);\n\\filldraw [fill=white] (3,2) circle (0.08);\n\\filldraw [fill=white] (1.5,2.5) circle (0.08);\n\\end{tikzpicture}\\]\n\n',NULL,NULL,NULL,NULL,'71','52',NULL),(72,NULL,'       .      ,      ,  $K_{3,3}.$\n\\[\\begin{tikzpicture}[scale=0.4]\n\\draw (0,0) -- (0,2) -- (6,2) -- (6,0) --(0,0);\n\\draw (0,2) -- (1,1) -- (2,1) -- (4,1) -- (5,1) -- (6,2);\n\\draw (0,0) -- (1,1);\n\\draw (0,0) -- (2,1);\n\\draw (6,0) -- (4,1);\n\\draw (6,0) -- (5,1);\n\\draw (0,2) -- (2,1);\n\\draw (6,2) -- (4,1);\n\\draw (0,2) .. controls (7,3) and (8,2) .. (6,0);\n\\draw (6,2) .. controls (8,0) and (7,-1) .. (0,0);\n\\draw (8,0) -- (8,2);\n\\draw (14,2) -- (14,0) --(8,0);\n\\draw (8,2) -- (9,1) -- (10,1) -- (12,1) -- (13,1) -- (14,2);\n\\draw (8,0) -- (9,1);\n\\draw (8,0) -- (10,1);\n\\draw (14,0) -- (12,1);\n\\draw (14,0) -- (13,1);\n\\draw (8,2) -- (10,1);\n\\draw (14,2) -- (12,1);\n\\draw (8,2) .. controls (15,3) and (16,2) .. (14,0);\n\\draw (14,2) .. controls (16,0) and (15,-1) .. (8,0);\n\\filldraw [fill=white] (0,0) circle (0.08);\n\\filldraw [fill=white] (0,2) circle (0.08);\n\\filldraw [fill=white] (1,1) circle (0.08);\n\\filldraw [fill=white] (2,1) circle (0.08);\n\\filldraw [fill=white] (4,1) circle (0.08);\n\\filldraw [fill=white] (5,1) circle (0.08);\n\\filldraw [fill=white] (6,0) circle (0.08);\n\\filldraw [fill=white] (6,2) circle (0.08);\n\\filldraw [fill=white] (8,0) circle (0.08);\n\\filldraw [fill=white] (8,2) circle (0.08);\n\\filldraw [fill=white] (9,1) circle (0.08);\n\\filldraw [fill=white] (10,1) circle (0.08);\n\\filldraw [fill=white] (12,1) circle (0.08);\n\\filldraw [fill=white] (13,1) circle (0.08);\n\\filldraw [fill=white] (14,0) circle (0.08);\n\\filldraw [fill=white] (14,2) circle (0.08);\n\\end{tikzpicture}\\]\n\n\n',NULL,NULL,NULL,NULL,'72','52',NULL),(73,NULL,'  $(2n+1)\\times(2n+1)$,  $n\\in\\mathbb{N}$,    $1$  $2n+1$ ,            . ,        ,         .\n\n',NULL,NULL,NULL,NULL,'73','47',NULL),(74,NULL,',  ,   $3^n$ ,  $n\\in\\mathbb{N}$,   $3^n$.\n\n',NULL,NULL,NULL,NULL,'74','50',NULL),(75,NULL,' $p$  $q$ ---  , $2^p - 1 \\equiv 0 \\pmod q$. ,  $q - 1 \\equiv 0 \\pmod p$.\n\n',NULL,NULL,NULL,NULL,'75','73',NULL),(76,NULL,',   $x^2+1$     $p$,  $p=4k+1$.\n\n\n',NULL,NULL,NULL,NULL,'76','73',NULL),(77,NULL,' $n$     $n$ ,  $n\\in\\mathbb{N}$. ,     ,  ,          ,   .\n\n\n',NULL,NULL,NULL,NULL,'77','48',NULL),(78,NULL,' $p$ ---   ,   $5$.    , ,   ,   ,  ,    $p$.\n\n',NULL,NULL,NULL,NULL,'78','73',NULL),(79,NULL,'   $10$     $5$   $4$     ,          .       (    )       ?\n\n\n',NULL,NULL,NULL,NULL,'79','86',NULL),(80,NULL,'  $G\'=(V\',\\,E\')$  $G\'\'=(V\'\',\\, E\'\')$   $G=(V,\\,E)$, ,  $V=V\'\\cup V\'\'$  $E=E\'\\cup E\'\'$.  $\\omega\'$  $\\omega\'\'$     $G\'$  $G\'\'$ .         $G$. ,     $k\',\\,k\'\'$   $G\'$  $G\'\'$,   $\\omega(G\')=k\'$, $\\omega(G\'\')=k\'\'$,  $\\omega(G)\\ge k\'\\cdot k\'\'$.\n\n\n',NULL,NULL,NULL,NULL,'80','82',NULL),(81,NULL,' $k,n\\in\\bbN$  $3\\le k\\le n$. ,      $n$        $(n-k+2)$,     ,     $k$.\n\n\n',NULL,NULL,NULL,NULL,'81','71',NULL),(82,NULL,'  (  )       .\n\\[\\begin{tikzpicture}[scale=0.5]\n\\node (p1) at (0,1) [scale=0.3,shape=circle,draw=black,fill=white,label=0:\\tiny{$1$}] {};\n\\node (p2) at (1,1) [scale=0.3,shape=circle,draw=black,fill=white,label=-90:\\tiny{$2$}] {};\n\\node (p3) at (-2,2) [scale=0.3,shape=circle,draw=black,fill=white,label=180:\\tiny{$3$}] {};\n\\node (p4) at (0,0) [scale=0.3,shape=circle,draw=black,fill=white,label=180:\\tiny{$4$}] {};\n\\node (p5) at (-1,1) [scale=0.3,shape=circle,draw=black,fill=white,label=0:\\tiny{$5$}] {};\n\\node (p6) at (2,3) [scale=0.3,shape=circle,draw=black,fill=white,label=180:\\tiny{$6$}] {};\n\\node (p7) at (0,3) [scale=0.3,shape=circle,draw=black,fill=white,label=0:\\tiny{$7$}] {};\n\\node (p8) at (1,2) [scale=0.3,shape=circle,draw=black,fill=white,label=90:\\tiny{$8$}] {};\n\\node (p9) at (0,2) [scale=0.3,shape=circle,draw=black,fill=white,label=-45:\\tiny{$9$}] {};\n\\node (p10) at (-1,2) [scale=0.3,shape=circle,draw=black,fill=white,label=0:\\tiny{$10$}] {};\n\\draw (p3) -- (p5) -- (p4) -- (p2) -- (p8) -- (p6);\n\\draw (p4) -- (p1) -- (p10);\n\\draw (p1) -- (p9) -- (p7);\n\\draw (0,-0.8) node {\\emph{\\tiny{$(a)$}}};\n\\node (p11) at (5,1) [scale=0.3,shape=circle,draw=black,fill=white,label=0:\\tiny{$1$}] {};\n\\node (p12) at (6,2) [scale=0.3,shape=circle,draw=black,fill=white,label=-90:\\tiny{$2$}] {};\n\\node (p13) at (3,2) [scale=0.3,shape=circle,draw=black,fill=white,label=180:\\tiny{$3$}] {};\n\\node (p14) at (5,0) [scale=0.3,shape=circle,draw=black,fill=white,label=180:\\tiny{$4$}] {};\n\\node (p15) at (4,1) [scale=0.3,shape=circle,draw=black,fill=white,label=0:\\tiny{$5$}] {};\n\\node (p16) at (6,4) [scale=0.3,shape=circle,draw=black,fill=white,label=180:\\tiny{$6$}] {};\n\\node (p17) at (7,2) [scale=0.3,shape=circle,draw=black,fill=white,label=0:\\tiny{$7$}] {};\n\\node (p18) at (6,3) [scale=0.3,shape=circle,draw=black,fill=white,label=0:\\tiny{$8$}] {};\n\\node (p19) at (6,1) [scale=0.3,shape=circle,draw=black,fill=white,label=90:\\tiny{$9$}] {};\n\\node (p20) at (4,2) [scale=0.3,shape=circle,draw=black,fill=white,label=0:\\tiny{$10$}] {};\n\\draw (p13) -- (p15) -- (p14) -- (p19) -- (p17);\n\\draw (p14) -- (p11) -- (p20);\n\\draw (p11) -- (p12) -- (p18) -- (p16);\n\\draw (5,-0.8) node {\\emph{\\tiny{$(b)$}}};\n\\node (p21) at (11,1) [scale=0.3,shape=circle,draw=black,fill=white,label=180:\\tiny{$1$}] {};\n\\node (p22) at (10,2) [scale=0.3,shape=circle,draw=black,fill=white,label=-90:\\tiny{$2$}] {};\n\\node (p23) at (9,2) [scale=0.3,shape=circle,draw=black,fill=white,label=180:\\tiny{$3$}] {};\n\\node (p24) at (10,0) [scale=0.3,shape=circle,draw=black,fill=white,label=-45:\\tiny{$4$}] {};\n\\node (p25) at (9,1) [scale=0.3,shape=circle,draw=black,fill=white,label=0:\\tiny{$5$}] {};\n\\node (p26) at (10,4) [scale=0.3,shape=circle,draw=black,fill=white,label=180:\\tiny{$6$}] {};\n\\node (p27) at (11,3) [scale=0.3,shape=circle,draw=black,fill=white,label=0:\\tiny{$7$}] {};\n\\node (p28) at (10,3) [scale=0.3,shape=circle,draw=black,fill=white,label=0:\\tiny{$8$}] {};\n\\node (p29) at (11,2) [scale=0.3,shape=circle,draw=black,fill=white,label=0:\\tiny{$9$}] {};\n\\node (p30) at (12,1) [scale=0.3,shape=circle,draw=black,fill=white,label=90:\\tiny{$10$}] {};\n\\draw (p23) -- (p25) -- (p24) -- (p21) -- (p30);\n\\draw (p24) -- (p21) -- (p22) -- (p28) -- (p26);\n\\draw (p21) -- (p29) -- (p27);\n\\draw (10,-0.8) node {\\emph{\\tiny{$(c)$}}};\n\\end{tikzpicture}\\]\n\\begin{enumerate}\n\\item[(a)] (5,4,8,9,2,1,4,1);\n\\item[(b)] (5,4,8,9,2,1,1,4);\n\\item[(c)] (5,4,8,9,2,4,1,1).\n\\end{enumerate}% :  (a)   (c),  (b)   (a),  (c)   (b)   .\n\n',NULL,NULL,NULL,NULL,'82','72',NULL),(83,NULL,'   $G$   $G\'$, ,    $G\'$   $G$,     $G\'$     ,      $G$   .    :   $G$   ,    $G\'$    .\n\n',NULL,NULL,NULL,NULL,'83','80',NULL),(84,NULL,' \\textbf{}     ,   $220\\ldots$.  ,      .\n\n',NULL,NULL,NULL,NULL,'84','85',NULL),(85,NULL,'  $20$ ,   $5$ -, $10$    $5$    .          , ,                    ?\n\n',NULL,NULL,NULL,NULL,'85','86',NULL),(86,NULL,'   $2015$   .           , ,           ? ,      ,  .\n\n',NULL,NULL,NULL,NULL,'86','77',NULL),(87,NULL,'   \\,    \\,  $4$,   101111.\n\n',NULL,NULL,NULL,NULL,'87','85',NULL),(88,NULL,'   \\,    \\,  $4$,   000110.\n\n',NULL,NULL,NULL,NULL,'88','85',NULL),(89,NULL,'   ?  ,      ,  ,     ,     ,    .  .\n\\[\\begin{tikzpicture}[scale=0.7]\n\\draw (0,0) -- (0,3);\n\\draw (0,0) -- (4,0);\n\\draw (4,0) -- (4,3);\n\\draw (0,3) -- (4,3);\n\\draw (0,3) -- (2,2.5);\n\\draw (4,3) -- (2,2.5);\n\\draw (2,2.5) -- (1,2);\n\\draw (2,2.5) -- (3,2);\n\\draw (1,2) -- (1,1);\n\\draw (1,2) -- (3,2);\n\\draw (3,2) -- (3,1);\n\\draw (1,1) -- (3,1);\n\\draw (1,1) -- (2,0.5);\n\\draw (3,1) -- (2,0.5);\n\\draw (0,0) -- (2,0.5);\n\\draw (2,0.5) -- (4,0);\n\\draw (0,3) -- (1,2);\n\\draw (0,3) -- (1,1);\n\\draw (4,3) -- (3,2);\n\\draw (4,3) -- (3,1);\n\\draw (4,0) -- (3,1);\n\\draw (4,0) -- (1,2);\n\\draw (0,0) -- (3,2);\n\\draw (0,0) -- (1,1);\n\\filldraw [fill=white]  (0,0) circle (0.08);\n\\filldraw [fill=white] (4,0) circle (0.08);\n\\filldraw [fill=white] (2,0.5) circle (0.08);\n\\filldraw [fill=white] (1,1) circle (0.08);\n\\filldraw [fill=white] (3,1) circle (0.08);\n\\filldraw [fill=white] (1,2) circle (0.08);\n\\filldraw [fill=white] (3,2) circle (0.08);\n\\filldraw [fill=white] (2,2.5) circle (0.08);\n\\filldraw [fill=white] (0,3) circle (0.08);\n\\filldraw [fill=white] (4,3) circle (0.08);\n\\end{tikzpicture}\\]\n\n\n',NULL,NULL,NULL,NULL,'89','80',NULL),(90,NULL,'   ?  ,      ,  ,     ,     ,    .  .\n\\[\\begin{tikzpicture}[scale=0.7]\n\\draw (1,0) -- (0,2);\n\\draw (0,2) -- (2,3);\n\\draw (2,3) -- (4,2);\n\\draw (4,2) -- (3,0);\n\\draw (1,0) -- (3,0);\n\\draw (1,0) -- (1,1);\n\\draw (1,1) -- (1,2);\n\\draw (1,2) -- (2,3);\n\\draw (3,0) -- (3,1);\n\\draw (3,1) -- (3,2);\n\\draw (3,2) -- (2,3);\n\\draw (0,2) -- (1,2) -- (3,2) -- (4,2);\n\\draw (2,3) -- (2,2.5) -- (1,2);\n\\draw (2,2.5) -- (3,2);\n\\draw (1,0) -- (2,0.5) -- (1,1) -- (3,1) -- (2,0.5) -- (3,0);\n\\draw (0,2) -- (1,1);\n\\draw (4,2) -- (3,1);\n\\draw (2,0.5) -- (2,2.5);\n\\filldraw [fill=white] (1,0) circle (0.08);\n\\filldraw [fill=white] (3,0) circle (0.08);\n\\filldraw [fill=white] (2,0.5) circle (0.08);\n\\filldraw [fill=white] (1,1) circle (0.08);\n\\filldraw [fill=white] (3,1) circle (0.08);\n\\filldraw [fill=white] (0,2) circle (0.08);\n\\filldraw [fill=white] (1,2) circle (0.08);\n\\filldraw [fill=white] (3,2) circle (0.08);\n\\filldraw [fill=white] (4,2) circle (0.08);\n\\filldraw [fill=white] (2,2.5) circle (0.08);\n\\filldraw [fill=white] (2,3) circle (0.08);\n\\end{tikzpicture}\\]\n\n\n',NULL,NULL,NULL,NULL,'90','80',NULL),(91,NULL,',        $k-1$ ,        $k$   ,         .\n\n',NULL,NULL,NULL,NULL,'91','66',NULL),(92,NULL,',          $d$ ,\n      $d$ .\n\n',NULL,NULL,NULL,NULL,'92','66',NULL),(93,NULL,',           $d-1$ ,       $d$ .\n\n',NULL,NULL,NULL,NULL,'93','66',NULL),(94,NULL,' $T_1,\\ldots,T_r$ --- ,    ~.   ,         $r$ ,    $T_1,\\ldots, T_r?$\n\n',NULL,NULL,NULL,NULL,'94','69',NULL),(95,NULL,'       .        . ,          ,     .\n\n',NULL,NULL,NULL,NULL,'95','80',NULL),(96,NULL,'    $27$.         ?      $27$   ?\n\n',NULL,NULL,NULL,NULL,'96','73',NULL),(97,NULL,'  $42x\\equiv 15\\pmod{61}$.\n\n',NULL,NULL,NULL,NULL,'97','57',NULL),(98,NULL,'  $37x\\equiv 15\\pmod{59}$.\n\n',NULL,NULL,NULL,NULL,'98','57',NULL),(99,NULL,'  $76x\\equiv 40\\pmod{100}$.      $100$.\n\n',NULL,NULL,NULL,NULL,'99','54',NULL),(100,NULL,'  $90x\\equiv 114\\pmod{213}.$      $213$.\n\n',NULL,NULL,NULL,NULL,'100','54',NULL),(101,NULL,'  $36x\\equiv 24\\pmod{120}.$      $120$.\n\n',NULL,NULL,NULL,NULL,'101','54',NULL),(102,NULL,'  $78x\\equiv 189\\pmod{213}$.      $213$.\n\n',NULL,NULL,NULL,NULL,'102','57',NULL),(103,NULL,'  $k$, ,  $3^k$   $\\ldots000081$?\n\n',NULL,NULL,NULL,NULL,'103','73',NULL),(104,NULL,'  $k$, ,  ${13}^k$   $\\ldots0000169$?\n\n',NULL,NULL,NULL,NULL,'104','73',NULL),(105,NULL,'  $k$, ,  $7^k$   $\\ldots000049$?\n\n',NULL,NULL,NULL,NULL,'105','73',NULL),(106,NULL,'  $k$, ,  ${11}^k$   $\\ldots0000121$?\n\n',NULL,NULL,NULL,NULL,'106','73',NULL),(107,NULL,'  -,   :\n\\[n! \\cdot x_1 x_2\\ldots x_n = (x_1 + x_2+ \\ldots + x_n)^n -\\]\n\\[- \\sum_{1 \\leqslant i_1<i_2<\\ldots < i_{n-1} \\leqslant n} (x_{i_1} + x_{i_2}+ \\ldots + x_{i_{n-1}})^n +\\]\n\\[+ \\sum_{1\\leqslant i_1<i_2<\\ldots < i_{n-2} \\leqslant n} (x_{i_1} + x_{i_2}+ \\ldots + x_{i_{n-2}})^n - \\ldots + (-1)^{n-1} \\sum_{i=1}^n x_i^n.\\]\n:        $n$   $x_1,x_2,\\ldots,x_n$,     .\n\n',NULL,NULL,NULL,NULL,'107','77',NULL),(108,NULL,'      $n$    $k$    $k\\leqslant n$.\n\n\n',NULL,NULL,NULL,NULL,'108','77',NULL),(109,NULL,'        $9$  $3$ , $3$   $3$  ,   \\emph{}    ? ,      .     .   ,   ,       ?\n\n',NULL,NULL,NULL,NULL,'109','86',NULL),(110,NULL,'   $20$     $5$   $4$     ,          .           (   )        ?\n\n',NULL,NULL,NULL,NULL,'110','86',NULL),(111,NULL,'  $X$     $\\calN(X)$    ,      $X$ (    $X$).\n  $G$   \\emph{}   $X\\subseteq V(G)$,  $|X|>|\\calN(X)|$. ,   $G$   .\n\n',NULL,NULL,NULL,NULL,'111','75',NULL),(112,NULL,'  $X$     $\\calK(X)$     ,          $X$ (     ,    ).\n, ,   $G$ ,       $A\\subseteq V(G)$   $\\calK(A)\\le |A|.$\n\n',NULL,NULL,NULL,NULL,'112','75',NULL),(113,NULL,'   ? ( ,      ;    .)\n\\[\\begin{tikzpicture}[scale=0.7]\n\\draw (0,0) -- (-1,1) -- (-1,2) -- (0,3) -- (2,1) -- (1,0) -- (0,0);\n\\draw (-1,2) -- (2,2) -- (0,0);\n\\draw (1,0) -- (-1,2) -- (2,1) -- (1,3) -- (-1,2);\n\\draw (0,0) -- (0,3);\n\\draw (2,1) -- (2,2);\n\\draw (-1,1) -- (2,1);\n\\filldraw [fill=white] (0,0) circle (0.08);\n\\filldraw [fill=white] (1,0) circle (0.08);\n\\filldraw [fill=white] (-1,1) circle (0.08);\n\\filldraw [fill=white] (2,1) circle (0.08);\n\\filldraw [fill=white] (-1,2) circle (0.08);\n\\filldraw [fill=white] (2,2) circle (0.08);\n\\filldraw [fill=white] (0,3) circle (0.08);\n\\filldraw [fill=white] (1,3) circle (0.08);\n\\end{tikzpicture}\\]\n\n',NULL,NULL,NULL,NULL,'113','75',NULL),(114,NULL,'   ? ( ,      ;    .)\n\\[\\begin{tikzpicture}[scale=0.7]\n\\draw (0,0) -- (-1,1) -- (0,2) -- (1,2) -- (2,1) -- (1,0) -- (0,0);\n\\draw (0,0) -- (0,1) -- (0,2);\n\\draw (0,0) -- (1,2);\n\\draw (2,1) -- (1,1) -- (0,0);\n\\draw (1,0) -- (0,2);\n\\draw (1,1) -- (0,2);\n\\draw (-1,1) to [bend left=20] (2,1);\n\\filldraw [fill=white] (0,0) circle (0.08);\n\\filldraw [fill=white] (0,1) circle (0.08);\n\\filldraw [fill=white] (-1,1) circle (0.08);\n\\filldraw [fill=white] (1,1) circle (0.08);\n\\filldraw [fill=white] (2,1) circle (0.08);\n\\filldraw [fill=white] (0,2) circle (0.08);\n\\filldraw [fill=white] (1,2) circle (0.08);\n\\filldraw [fill=white] (1,0) circle (0.08);\n\\end{tikzpicture}\\]\n\n',NULL,NULL,NULL,NULL,'114','75',NULL),(115,NULL,'   ? ( ,      ;    .)\n\\[\\begin{tikzpicture}[scale=0.7]\n\\draw (0,3) -- (-1,2) -- (-1,1) -- (0,0) -- (1,0) -- (2,1) -- (2,2) -- (1,3) -- (2,1) -- (0,3) -- (0,0) -- (0.5,3) -- (1,0);\n\\draw (2,1) -- (-1,2);\n\\draw (2,1) -- (-1,1);\n\\draw (0,0) -- (1,3);\n\\draw (0,0) -- (2,2);\n\\draw (-1,1) -- (0,3);\n\\draw (0.5,3) -- (2,1);\n\\draw (0,0) -- (-1,2);\n\\filldraw [fill=white] (0,0) circle (0.08);\n\\filldraw [fill=white] (1,0) circle (0.08);\n\\filldraw [fill=white] (-1,1) circle (0.08);\n\\filldraw [fill=white] (-1,2) circle (0.08);\n\\filldraw [fill=white] (0,3) circle (0.08);\n\\filldraw [fill=white] (0.5,3) circle (0.08);\n\\filldraw [fill=white] (1,3) circle (0.08);\n\\filldraw [fill=white] (2,2) circle (0.08);\n\\filldraw [fill=white] (2,1) circle (0.08);\n\\end{tikzpicture}\\]\n\n',NULL,NULL,NULL,NULL,'115','75',NULL),(116,NULL,'   ? ( ,      ;    .)\n\\[\\begin{tikzpicture}[scale=0.7]\n\\draw (0,3) -- (-1,2) -- (-1,1) -- (0,0) -- (1,0) -- (2,0) -- (3,1) -- (3,2) -- (2,3) -- (1,3) -- (3,1) -- (1,0) -- (1,3);\n\\draw (1,3) -- (3,2);\n\\draw (1,3) -- (2,0);\n\\draw (3,1) -- (2,3);\n\\draw (1,0) -- (-1,1);\n\\draw (0,0) -- (-1,2);\n\\draw (0,0) -- (0,3);\n\\draw (-1,1) -- (0,3);\n\\draw (0,0) to [bend left=30] (2,0);\n\\filldraw [fill=white] (0,0) circle (0.08);\n\\filldraw [fill=white] (1,0) circle (0.08);\n\\filldraw [fill=white] (2,0) circle (0.08);\n\\filldraw [fill=white] (-1,1) circle (0.08);\n\\filldraw [fill=white] (-1,2) circle (0.08);\n\\filldraw [fill=white] (0,3) circle (0.08);\n\\filldraw [fill=white] (1,3) circle (0.08);\n\\filldraw [fill=white] (2,3) circle (0.08);\n\\filldraw [fill=white] (3,1) circle (0.08);\n\\filldraw [fill=white] (3,2) circle (0.08);\n\\end{tikzpicture}\\]\n\n',NULL,NULL,NULL,NULL,'116','75',NULL),(117,NULL,',     .       ,    .       .\n\n',NULL,NULL,NULL,NULL,'117','75',NULL),(118,NULL,'   ? ( ,      ;    .)\n\\[\\begin{tikzpicture}[scale=0.7]\n\\draw (0,0) -- (0,1) -- (2,0) -- (1,0) -- (0,0) -- (1,1) -- (3,0) -- (3,1) -- (2,0);\n\\draw (1,0) -- (2,1) -- (3,0);\n\\filldraw [fill=white] (0,0) circle (0.08);\n\\filldraw [fill=white] (1,0) circle (0.08);\n\\filldraw [fill=white] (0,1) circle (0.08);\n\\filldraw [fill=white] (1,1) circle (0.08);\n\\filldraw [fill=white] (2,0) circle (0.08);\n\\filldraw [fill=white] (2,1) circle (0.08);\n\\filldraw [fill=white] (3,0) circle (0.08);\n\\filldraw [fill=white] (3,1) circle (0.08);\n\\end{tikzpicture}\\]\n\n',NULL,NULL,NULL,NULL,'118','75',NULL),(119,NULL,'   ? ( ,      ;    .)\n\\[\\begin{tikzpicture}[scale=0.7]\n\\draw (0,0) -- (-1,1) -- (-1,2) -- (0,3) -- (1,3) -- (2,2) -- (2,1) -- (1,0) -- (0,0);\n\\draw (0,0) -- (0,1);\n\\draw (0,1) -- (2,1);\n\\draw (-1,1) -- (2,2) -- (0,3) -- (-1,1);\n\\filldraw [fill=white] (0,0) circle (0.08);\n\\filldraw [fill=white] (1,0) circle (0.08);\n\\filldraw [fill=white] (2,1) circle (0.08);\n\\filldraw [fill=white] (2,2) circle (0.08);\n\\filldraw [fill=white] (1,3) circle (0.08);\n\\filldraw [fill=white] (0,3) circle (0.08);\n\\filldraw [fill=white] (1,3) circle (0.08);\n\\filldraw [fill=white] (-1,2) circle (0.08);\n\\filldraw [fill=white] (-1,1) circle (0.08);\n\\filldraw [fill=white] (0,1) circle (0.08);\n\\end{tikzpicture}\\]\n\n',NULL,NULL,NULL,NULL,'119','75',NULL),(120,NULL,'    $G$   (,      ). ,   $G$    .\n\n',NULL,NULL,NULL,NULL,'120','75',NULL),(121,NULL,',  $p$  $p+2$      ,  $4((p-1)!+1)+p\\equiv 0\\pmod{p^2+2p}$.\n\n',NULL,NULL,NULL,NULL,'121','64',NULL),(122,NULL,',  $(p-1)! \\equiv -1 \\pmod{p}$    ,  $p$ --- .\n\n',NULL,NULL,NULL,NULL,'122','73',NULL),(123,NULL,'     \n\\[\\left\\{\n\\begin{aligned}\n2x&\\equiv 4\\pmod{6} \\\\\n3x&\\equiv 12\\pmod{15} \\\\\n\\end{aligned}\n\\right.\\]\n\n',NULL,NULL,NULL,NULL,'123','64',NULL),(124,NULL,'   ,  \n\\[\\left\\{\n\\begin{aligned}\nx&\\equiv 3\\pmod{5} \\\\\nx&\\equiv 7\\pmod{17} \\\\\n\\end{aligned}\n\\right.\\]\n\n',NULL,NULL,NULL,NULL,'124','64',NULL),(125,NULL,'   ,  \n\\[\\left\\{\n\\begin{aligned}\nx&\\equiv 2\\pmod{3} \\\\\nx&\\equiv 3\\pmod{5} \\\\\nx&\\equiv 5\\pmod{7} \\\\\n\\end{aligned}\n\\right.\\]\n\n',NULL,NULL,NULL,NULL,'125','64',NULL),(126,NULL,'  25 . ,         . ,   ,     12 .\n\n',NULL,NULL,NULL,NULL,'126','47',NULL),(127,NULL,'  $x\\geq -1$   $n$   : $(1+x)^n\\geq 1+nx$.\n\n',NULL,NULL,NULL,NULL,'127','50',NULL),(128,NULL,'    ;    .\\\\\n\\begin{tabularx}{\\linewidth}{|X|X|X|X|X|X|}\\hline\n\\newline  & \\newline  &  & \\newline  & \\newline  & \\\\\\hline\n$\\psi$ & & &  & $N$ & \\\\\\hline\n$\\delta$ & & &  & $\\Omega$ & \\\\\\hline\n$\\rho$ & & &  & $H$ & \\\\\\hline\n\\end{tabularx}\n\n\n',NULL,NULL,NULL,NULL,'128','49',NULL),(129,NULL,' ,     (  ).\n\n',NULL,NULL,NULL,NULL,'129','44',NULL),(130,NULL,'        $8$      $5$.\n\n\n',NULL,NULL,NULL,NULL,'130','82',NULL),(131,NULL,'     \n\\[\\left\\{\n\\begin{aligned}\n15x&\\equiv 3\\pmod{39} \\\\\n21x&\\equiv 9\\pmod{57} \\\\\n\\end{aligned}\n\\right.\\]\n\n',NULL,NULL,NULL,NULL,'131','64',NULL),(132,NULL,'      $11$.\n\n',NULL,NULL,NULL,NULL,'132','65',NULL),(133,NULL,'      $17$.\n\n',NULL,NULL,NULL,NULL,'133','65',NULL),(134,NULL,'   $m$,         $m$?  ,             ;   --- .\n\n',NULL,NULL,NULL,NULL,'134','65',NULL),(135,NULL,' $g$ ---     $m.$ ,  $g^l$ ---      ,  $(l, \\phi(m)) = 1$.\n\n',NULL,NULL,NULL,NULL,'135','65',NULL),(136,NULL,'        $27$.\n\n',NULL,NULL,NULL,NULL,'136','63',NULL),(137,NULL,'        $49$.\n\n',NULL,NULL,NULL,NULL,'137','63',NULL),(138,NULL,'        $289$.\n\n',NULL,NULL,NULL,NULL,'138','63',NULL),(139,NULL,'        $50$.\n\n',NULL,NULL,NULL,NULL,'139','63',NULL),(140,NULL,'        $98$.\n\n',NULL,NULL,NULL,NULL,'140','63',NULL),(141,NULL,'        $54$.\n\n',NULL,NULL,NULL,NULL,'141','63',NULL),(142,NULL,'   $\\binom{3n+\\ln{n}}{2n}$  $n\\to+\\infty$.        $f$,           $\\sim$.      ,     $1^{\\infty}$, $0^0$, $(\\const+0)^\\infty$  .\n\n',NULL,NULL,NULL,NULL,'142','76',NULL),(143,NULL,'   $\\binom{7n}{3n+\\ln{n}}$  $n\\to+\\infty$.        $f$,           $\\sim$.      ,     $1^{\\infty}$, $0^0$, $(\\const+0)^\\infty$  . %: \\sqrt{7}{24\\pi e^{1/3+1/4}} \\cdot \\left(\\frac{7^7}{3^3 4^4}\\right)^n (4/3)^{\\sqrt{n}} \\cdot n^{-1/2}\n\n',NULL,NULL,NULL,NULL,'143','76',NULL),(144,NULL,'   $\\binom{5n+\\ln{n}}{2n}$  $n\\to+\\infty$.        $f$,           $\\sim$.      ,     $1^{\\infty}$, $0^0$, $(\\const+0)^\\infty$  .\n\n',NULL,NULL,NULL,NULL,'144','76',NULL),(145,NULL,'   $\\binom{9n+\\ln{n}}{n}$  $n\\to+\\infty$.        $f$,           $\\sim$.      ,     $1^{\\infty}$, $0^0$, $(\\const+0)^\\infty$  .\n\n',NULL,NULL,NULL,NULL,'145','76',NULL),(146,NULL,' $n\\to\\infty$.     $P(2n,5n,n,\\sqrt{n})=\\frac{(8n+\\sqrt{n})!}{(2n)!(5n)!n!\\sqrt{n}!}$.\n       $f$,           $\\sim$.      ,     $1^{\\infty}$, $0^0$, $(\\const+0)^\\infty$  .\n\n',NULL,NULL,NULL,NULL,'146','76',NULL),(147,NULL,'  $n\\to\\infty$.     $P(7n,2n,n,\\sqrt{n})=\\frac{(10n+\\sqrt{n})!}{(7n)!(2n)!n!\\sqrt{n}!}$.\n       $f$,           $\\sim$.      ,     $1^{\\infty}$, $0^0$, $(\\const+0)^\\infty$  .\n\n',NULL,NULL,NULL,NULL,'147','76',NULL),(148,NULL,' $n\\to\\infty$.     $P(n,2n,3n+\\sqrt{n},\\sqrt{n})=\\frac{(6n+2\\sqrt{n})!}{n!(2n)!(3n+\\sqrt{n})!\\sqrt{n}!}$.\n       $f$,           $\\sim$.      ,     $1^{\\infty}$, $0^0$, $(\\const+0)^\\infty$  .\n\n',NULL,NULL,NULL,NULL,'148','76',NULL),(149,NULL,' $n\\to\\infty$.     $P(n+\\sqrt{n},5n,3n,\\sqrt{n})=\\frac{(9n+2\\sqrt{n})!}{(n+\\sqrt{n})!(5n)!(3n)!\\sqrt{n}!}$.\n       $f$,           $\\sim$.      ,     $1^{\\infty}$, $0^0$, $(\\const+0)^\\infty$  .\n\n',NULL,NULL,NULL,NULL,'149','76',NULL),(150,NULL,' $f,g,h$     $\\bbR^{+}$  $\\bbR^{+}$.  $n\\to\\infty$.  ,   $f(n)=O(g(n))$  $g(n)=O(h(n))$,   $f(n)=O(h(n))$?  ,  ,    .      ,    .\n\n',NULL,NULL,NULL,NULL,'150','70',NULL),(151,NULL,' .\\,.~    $K_{n,n}$  , ,          [ , ,   ].      -  ?  ,    .\n\n',NULL,NULL,NULL,NULL,'151','56',NULL),(152,NULL,',             .\n\n',NULL,NULL,NULL,NULL,'152','56',NULL),(153,NULL,' $f,g,h$     $\\bbR^{+}$  $\\bbR^{+}$.  $n\\to\\infty$.  ,   $f(n)=o(g(n))$  $g(n)=o(h(n))$,   $f(n)=o(h(n))$?  ,  ,    .      ,    .\n\n',NULL,NULL,NULL,NULL,'153','70',NULL),(154,NULL,' $f,g,h$     $\\bbR^{+}$  $\\bbR^{+}$.  $n\\to\\infty$.  ,   $f(n)=o(g(n))$  $g(n)=O(h(n))$,   $f(n)=o(h(n))$?  ,  ,    .      ,    .\n\n',NULL,NULL,NULL,NULL,'154','70',NULL),(155,NULL,' $f,g,h$     $R^{+}$  $R^{+}$.  $n\\to\\infty$.  ,   $f(n)=O(g(n))$  $g(n)=o(h(n))$,   $f(n)=o(h(n))$?  ,  ,    .      ,    .\n\n',NULL,NULL,NULL,NULL,'155','70',NULL),(156,NULL,'    ;   \\textbf{ }.\\\\\n\\begin{tabularx}{\\linewidth}{|X|X|X|X|X|X|}\\hline\n\\newline  & \\newline  &  & \\newline  & \\newline  & \\\\\\hline\n$\\tau$ & & &  & $\\Xi$ & \\\\\\hline\n & $\\Omega$ & &  & $Z$ & \\\\\\hline\n$\\mu$ & & &  &  &  \\\\\\hline\n\\end{tabularx}\n\n',NULL,NULL,NULL,NULL,'156','49',NULL),(157,NULL,'    $G$   $X$  $Y$   ,   $\\deg v\\ge t$    $v\\in X$. ,   $G$    $t!$   .\n\n',NULL,NULL,NULL,NULL,'157','56',NULL),(158,NULL,' $n(s)$    $n:=\\max\\{n_0\\mid \\left(n_0!\\right)^{n_0}\\le s\\}$.      $s\\to\\infty$.\n\n',NULL,NULL,NULL,NULL,'158','74',NULL),(159,NULL,' $n(s)$    $n:=\\max\\{n_0\\mid \\left(n_0!\\right)^{\\ln n_0}\\le s\\}$.      $s\\to\\infty$.\n\n',NULL,NULL,NULL,NULL,'159','74',NULL),(160,NULL,' $s(n)=\\min\\{m\\in\\mathbb{N}, m\\neq 0,1\\mid C_n^m\\cdot e^{-m^3/(\\ln m)^{10}}<1\\}$.   ~$s(n)$.\n\n',NULL,NULL,NULL,NULL,'160','74',NULL),(161,NULL,' $s(n)=\\min\\{m\\in\\mathbb{N}, m\\neq 0,1\\mid C_n^m\\cdot e^{-m^2/(\\ln m)^8}<1\\}$.   ~$s(n)$.\n\n\n',NULL,NULL,NULL,NULL,'161','74',NULL),(162,NULL,'  $x^{18}\\equiv 4\\pmod{31}$.     ,  $3$      $31$.      .\n\n',NULL,NULL,NULL,NULL,'162','84',NULL),(163,NULL,'  $x^{24}\\equiv 23\\pmod{29}$.     ,  $2$      $29$.      .\n\n',NULL,NULL,NULL,NULL,'163','84',NULL),(164,NULL,',      $2\\cdot 5^{50}$   $5^{100}$.     .\n\n',NULL,NULL,NULL,NULL,'164','84',NULL),(165,NULL,',      $3\\cdot 7^{50}$   $7^{100}$.     .\n\n',NULL,NULL,NULL,NULL,'165','84',NULL),(166,NULL,',      $5\\cdot 11^{100}$   $11^{200}$.     .\n\n',NULL,NULL,NULL,NULL,'166','84',NULL),(167,NULL,' $p\\to\\infty$, $s=C_{p^4}^p$  $n=C_{p^4}^{p^2}$.  ~$f(s)$   $n=(e+o(1))^{f(s)}$.  $e=2.71828...$ ---   .\n\n',NULL,NULL,NULL,NULL,'167','74',NULL),(168,NULL,'    $n\\times 2$, $n\\in\\bbN$.   $a_n$        :   $2\\times 2$    $2\\times 1$ (. . 1).               .      $a_n$    ,     . ,       ,  . ,  $a_0=1$.     $4\\times 2$   .2.\n\\[\\begin{tikzpicture}[scale=0.7]\n\\draw[step=1,black,very thin] (0,0) grid (1,2);\n\\draw (3,1) -- (4,1) -- (4,2) -- (3,2);\n\\draw[step=1,black,very thin] (2,0) grid (3,2);\n\\draw (2,-0.3) node {\\footnotesize{. 1.   .}};\n\n\\filldraw[pattern=north east lines] (8,2) -- (8,0) -- (10,0) -- (10,1) -- (9,1) -- (9,2) -- (8,2);\n\\filldraw[pattern=horizontal lines] (10,0) -- (12,0) -- (12,2) -- (11,2) -- (11,1) -- (10,1) -- (10,0);\n\\filldraw[pattern=dots] (9,1) -- (9,2) -- (11,2) -- (11,1) -- (9,1);\n\\draw[step=1,black,very thin] (8,0) grid (12,2);\n\\draw (10,-0.3) node {\\footnotesize{. 2.    $4\\times 2.$}};\n\\end{tikzpicture}\\]\n%: $a_{n+3}-2a_{n+2}-a_n=0, a_0=1,a_1=1,a_2=2,a_3=5.$\n\n',NULL,NULL,NULL,NULL,'168','60',NULL),(169,NULL,'    $n\\times 2$, $n\\in\\bbN$.   $a_n$        :   $2\\times 2$    $3\\times 1$ (. . 1).               .      $a_n$    ,     . ,       ,  . ,  $a_0=1$.     $6\\times 2$   .2.\n\\[\\begin{tikzpicture}[scale=0.7]\n\\draw[step=1,black,very thin] (0,0) grid (1,3);\n\\draw (3,1) -- (4,1) -- (4,2) -- (3,2);\n\\draw[step=1,black,very thin] (2,0) grid (3,2);\n\\draw (2,-0.3) node {\\footnotesize{. 1.   .}};\n\n\\filldraw[pattern=north east lines] (7,2) -- (7,0) -- (9,0) -- (9,1) -- (8,1) -- (8,2) -- (7,2);\n\\filldraw[pattern=horizontal lines] (11,1) -- (12,1) -- (12,0) -- (13,0) -- (13,2) -- (11,2) -- (11,1);\n\\filldraw[pattern=dots] (9,0) -- (12,0) -- (12,1) -- (9,1) -- (9,0);\n\\filldraw[pattern=grid] (8,1) -- (11,1) -- (11,2) -- (8,2) -- (8,1);\n\\draw[step=1,black,very thin] (7,0) grid (13,2);\n\\draw (10,-0.3) node {\\footnotesize{. 2.    $6\\times 2.$}};\n\\end{tikzpicture}\\]\n%: $a_{n+6}-4a_{n+3}+a_n=0,a_0=1,a_1=a_2=0,a_3=3,a_4=a_5=0,a_6=11$\n\n\n',NULL,NULL,NULL,NULL,'169','60',NULL),(170,NULL,'      $\\{a_n\\}_{n=0}^\\infty$,  $a_n$ ---     $n$,    ``110\'\'   $a_0$, $a_1$  $a_2$.\n\n',NULL,NULL,NULL,NULL,'170','60',NULL),(171,NULL,'      $\\{a_n\\}_{n=0}^\\infty$,  $a_n$ ---     $n$,    ``011\'\'   $a_0$, $a_1$  $a_2$.\n\n',NULL,NULL,NULL,NULL,'171','60',NULL),(172,NULL,'      $\\{a_n\\}_{n=0}^\\infty$,  $a_n$ ---     $n$,    ``010\'\'   $a_0$, $a_1$, $a_2$  $a_3$.\n\n',NULL,NULL,NULL,NULL,'172','60',NULL),(173,NULL,'     $ABCDE$ (      ),    $A$         .   $K_n$  ,       $A$   $B$  $n$ .           (     $A$  $B$!), ,     $n$    $n$-     $B$.      $K_n$.\n\n',NULL,NULL,NULL,NULL,'173','60',NULL),(174,NULL,'     $ABCDE$ (      ),    $A$         .   $K_n$  ,       $A$     $n$ .           (     $A$!), ,     $n$    $n$-     $A$.      $K_n$.\n\n',NULL,NULL,NULL,NULL,'174','60',NULL),(175,NULL,',    $\\{0,1\\}^{n\\times n}$,        $k$ ,      $k$ ,            .\n\n',NULL,NULL,NULL,NULL,'175','56',NULL),(176,NULL,',           ,     .\n\n',NULL,NULL,NULL,NULL,'176','80',NULL),(177,NULL,'  $G\'=(V\',E\')$  $G\'\'=(V\'\',E\'\')$     ,   $|V\'\\cap V\'\'|=1$. ,   $G=(V\'\\cup V\'\',\\,E\'\\cup E\'\')$      ,    $G\'$  $G\'\'$ .\n\n',NULL,NULL,NULL,NULL,'177','80',NULL),(178,NULL,'  $uv$  $G$ ,     $u$  $v$   $G$   . ,    $G$   ,    $uv$.\n\n',NULL,NULL,NULL,NULL,'178','75',NULL),(179,NULL,'    $G$   ,        . ,     $G$ .\n\n',NULL,NULL,NULL,NULL,'179','75',NULL),(180,NULL,'    : $F_{n+1}F_{n-1}-F_n^2=(-1)^n, n>0$.\n\n',NULL,NULL,NULL,NULL,'180','60',NULL),(181,NULL,'    : $F_{2n+1}=F_n^2+F_{n+1}^2, n>0$.\n\n',NULL,NULL,NULL,NULL,'181','60',NULL),(182,NULL,'    : $F_{n+1}F_{n+2}-F_nF_{n+3}=(-1)^{n+1}, n>0$.\n\n',NULL,NULL,NULL,NULL,'182','60',NULL),(183,NULL,'    : $F_{3n}=F_n^3+F_{n+1}^3-F_{n-1}^3, n>0$.\n\n',NULL,NULL,NULL,NULL,'183','60',NULL),(184,NULL,'   ,        $(1,1,1,1,1,1,2,2,3,3,4)$?  ,    .\n\n',NULL,NULL,NULL,NULL,'184','69',NULL),(185,NULL,'   ,       $(1,1,1,1,1,1,1,3,3,3,4)$?  ,    .\n\n',NULL,NULL,NULL,NULL,'185','69',NULL),(186,NULL,'   ,       $(1,1,1,1,1,1,2,2,3,3,4)$?  ,    .\n\n',NULL,NULL,NULL,NULL,'186','69',NULL),(187,NULL,'     $2u_{n+1}-5u_{n}-u_{n-1}+6u_{n-2}=0$    $u_0=8,u_1=11$  $u_2=22$.\n\n',NULL,NULL,NULL,NULL,'187','61',NULL),(188,NULL,'     $2u_{n+5}+9u_{n+4}+12u_{n+3}+5u_{n+2}=0$    $u_0=5,u_1=-12$  $u_2=28$.\n\n',NULL,NULL,NULL,NULL,'188','61',NULL),(189,NULL,'     $y_{n+1}-4y_{n}-5y_{n-1}=0$    $y_0=5, y_1=13.$\n\n',NULL,NULL,NULL,NULL,'189','61',NULL),(190,NULL,'     $y_{n+3}-5y_{n+2}+y_{n+1}+21y_{n}-18y_{n-1}=0$    $y_0=4, y_1=1, y_2=28$  $y_3=67.$\n\n',NULL,NULL,NULL,NULL,'190','61',NULL),(191,NULL,'  $a_n$,     $a_{n+3}-a_{n+2}-8a_{n+1}+12a_n=0$    $a_0=1,a_1=0,a_2=-4$.    $\\sum_{n=0}^{+\\infty}a_n\\left(\\frac{1}{3}\\right)^n$.\n\n\n',NULL,NULL,NULL,NULL,'191','67',NULL),(192,NULL,'  $a_n$,     $a_{n+3}+4a_{n+2}+a_{n+1}-6a_n=0$    $a_0=2,a_1=-4,a_2=14$.    $\\sum_{n=0}^{+\\infty}a_n\\left(\\frac{1}{5}\\right)^n$.\n\n\n',NULL,NULL,NULL,NULL,'192','67',NULL),(193,NULL,'   ,    :\n\\[\\sum_{s=0}^n(-1)^s \\binom{30+s}{s}\\binom{100}{n-s}\\]\n  $0\\leqslant n\\leqslant 69.$\n%   !!!\n\n\n',NULL,NULL,NULL,NULL,'193','67',NULL),(194,NULL,'   ,    :\n\\[\\sum_{s=0}^{350}(-1)^s \\binom{1700-2s}{1000} \\binom{1001}{s}.\\]\n\n\n',NULL,NULL,NULL,NULL,'194','67',NULL),(195,NULL,'   ,    :\n\\[\\sum_{s=0}^{k}(-1)^s \\binom{1000}{1000-k+s}\\binom{300+s}{s}\\]\n  $0\\leqslant k\\leqslant 699.$\n\n',NULL,NULL,NULL,NULL,'195','67',NULL),(196,NULL,'   ,    :\n\\[\\sum\\limits_{k=1}^{1000}\\frac{\\binom{999}{k-1}}{\\binom{1999}{k}}.\\]\n\n',NULL,NULL,NULL,NULL,'196','67',NULL),(197,NULL,',      $n$,        ,  $2$ ,         ,        $3$.\n\n',NULL,NULL,NULL,NULL,'197','79',NULL),(198,NULL,',      $n$,        ,  $3$ ,         ,        $4$.\n\n',NULL,NULL,NULL,NULL,'198','79',NULL),(199,NULL,'       $1\\leqslant n\\leqslant 40$, ,      ,   $6$           $7$.\n\n',NULL,NULL,NULL,NULL,'199','58',NULL),(200,NULL,'       $1\\leqslant n\\leqslant 54$, ,      ,   $8$           $7$.\n\n',NULL,NULL,NULL,NULL,'200','58',NULL),(201,NULL,',    $4^n$       $n$ ,     ,   $n$ ,      .\n\n',NULL,NULL,NULL,NULL,NULL,'88',NULL),(202,NULL,'          :        ,                           .     $26$ .  , ,      ,   , \\emph{}        ?\n\n',NULL,NULL,NULL,NULL,NULL,'88',NULL),(203,NULL,'   $17$     $2$    : ,   .\n,    .\n\n',NULL,NULL,NULL,NULL,NULL,'88',NULL),(204,NULL,'    13    ,  5-,      4. \\textbf{.}  ,  $R(3,4)\\le 9.$\n\n',NULL,NULL,NULL,NULL,NULL,'89',NULL),(205,NULL,'  $Q(k,l)$      $N$ ,      $n\\ge N$        $n$   $l$    ,      $k$  .  ,  $Q(k,l)$     $k$  $l$.   .',NULL,NULL,NULL,NULL,NULL,'89',NULL),(206,NULL,'  $Q(s_1,s_2)$  \\emph{}    $N$ ,      $n\\ge N$        $n$   $2$       $s_1$ ,       $1$,      $s_2$ ,       $2$. ,  $Q(s_1,s_2)\\le Q(s_1-1,s_2)+Q(s_1,s_2-1)$.   $Q(3,3).$',NULL,NULL,NULL,NULL,NULL,'89',NULL),(207,NULL,'\\begin{itemize}\n\\item \n\\item \n\\item \n\\end{itemize}',NULL,NULL,NULL,NULL,NULL,'88',NULL);
/*!40000 ALTER TABLE `problem` ENABLE KEYS */;
UNLOCK TABLES;

--
-- Table structure for table `problem_comment`
--

DROP TABLE IF EXISTS `problem_comment`;
/*!40101 SET @saved_cs_client     = @@character_set_client */;
/*!40101 SET character_set_client = utf8 */;
CREATE TABLE `problem_comment` (
  `id` int(11) NOT NULL AUTO_INCREMENT,
  `problem_id` int(11) NOT NULL,
  `datetime` datetime NOT NULL,
  `text` text,
  `author` int(11) NOT NULL,
  PRIMARY KEY (`id`),
  UNIQUE KEY `author` (`author`),
  KEY `problem_id` (`problem_id`),
  CONSTRAINT `problem_comment_ibfk_1` FOREIGN KEY (`problem_id`) REFERENCES `problem` (`id`),
  CONSTRAINT `problem_comment_ibfk_2` FOREIGN KEY (`author`) REFERENCES `user` (`id`)
) ENGINE=InnoDB DEFAULT CHARSET=utf8;
/*!40101 SET character_set_client = @saved_cs_client */;

--
-- Dumping data for table `problem_comment`
--

LOCK TABLES `problem_comment` WRITE;
/*!40000 ALTER TABLE `problem_comment` DISABLE KEYS */;
/*!40000 ALTER TABLE `problem_comment` ENABLE KEYS */;
UNLOCK TABLES;

--
-- Table structure for table `problem_snapshot`
--

DROP TABLE IF EXISTS `problem_snapshot`;
/*!40101 SET @saved_cs_client     = @@character_set_client */;
/*!40101 SET character_set_client = utf8 */;
CREATE TABLE `problem_snapshot` (
  `id` int(11) NOT NULL AUTO_INCREMENT,
  `problem_id` int(11) NOT NULL,
  `datetime` datetime NOT NULL,
  `statement` text NOT NULL,
  PRIMARY KEY (`id`),
  KEY `problem_id` (`problem_id`),
  CONSTRAINT `problem_snapshot_ibfk_1` FOREIGN KEY (`problem_id`) REFERENCES `problem` (`id`)
) ENGINE=InnoDB DEFAULT CHARSET=utf8;
/*!40101 SET character_set_client = @saved_cs_client */;

--
-- Dumping data for table `problem_snapshot`
--

LOCK TABLES `problem_snapshot` WRITE;
/*!40000 ALTER TABLE `problem_snapshot` DISABLE KEYS */;
/*!40000 ALTER TABLE `problem_snapshot` ENABLE KEYS */;
UNLOCK TABLES;

--
-- Table structure for table `test_log`
--

DROP TABLE IF EXISTS `test_log`;
/*!40101 SET @saved_cs_client     = @@character_set_client */;
/*!40101 SET character_set_client = utf8 */;
CREATE TABLE `test_log` (
  `id` int(11) NOT NULL AUTO_INCREMENT,
  `datetime` datetime DEFAULT NULL,
  `user` int(11) DEFAULT NULL,
  `test_number` int(11) DEFAULT NULL,
  `problems` text,
  PRIMARY KEY (`id`),
  KEY `user` (`user`),
  CONSTRAINT `test_log_ibfk_1` FOREIGN KEY (`user`) REFERENCES `user` (`id`)
) ENGINE=InnoDB AUTO_INCREMENT=94 DEFAULT CHARSET=utf8;
/*!40101 SET character_set_client = @saved_cs_client */;

--
-- Dumping data for table `test_log`
--

LOCK TABLES `test_log` WRITE;
/*!40000 ALTER TABLE `test_log` DISABLE KEYS */;
INSERT INTO `test_log` VALUES (2,'2016-02-26 00:00:00',1047,21,'187,191,193,199,197'),(3,'2016-02-26 00:00:00',1004,21,'188,192,194,200,198'),(4,'2016-02-26 00:00:00',1007,21,'189,191,195,199,197'),(5,'2016-02-26 00:00:00',1008,21,'190,192,196,200,198'),(6,'2016-02-26 00:00:00',1045,21,'187,191,193,199,197'),(7,'2016-02-26 00:00:00',1019,21,'188,192,194,200,198'),(8,'2016-02-26 00:00:00',1023,21,'189,191,195,199,197'),(9,'2016-02-26 00:00:00',1026,21,'190,192,196,200,198'),(10,'2016-02-26 00:00:00',1031,21,'187,191,193,199,197'),(11,'2016-02-26 00:00:00',1032,21,'188,192,194,200,198'),(12,'2016-02-26 00:00:00',1046,21,'189,191,195,199,197'),(13,'2016-02-26 00:00:00',1036,21,'190,192,196,200,198'),(14,'2016-02-26 00:00:00',1037,21,'187,191,193,199,197'),(15,'2016-02-26 00:00:00',1040,21,'188,192,194,200,198'),(16,'2016-02-26 00:00:00',1042,21,'189,191,195,199,197'),(17,'2016-02-26 00:00:00',1002,21,'190,192,196,200,198'),(18,'2016-02-26 00:00:00',1003,21,'187,191,193,199,197'),(19,'2016-02-26 00:00:00',1005,21,'188,192,194,200,198'),(20,'2016-02-26 00:00:00',1012,21,'189,191,195,199,197'),(21,'2016-02-26 00:00:00',1015,21,'190,192,196,200,198'),(22,'2016-02-26 00:00:00',1018,21,'187,191,193,199,197'),(23,'2016-02-26 00:00:00',1028,21,'188,192,194,200,198'),(24,'2016-02-26 00:00:00',1029,21,'189,191,195,199,197'),(25,'2016-02-26 00:00:00',1030,21,'190,192,196,200,198'),(26,'2016-02-26 00:00:00',1033,21,'187,191,193,199,197'),(27,'2016-02-26 00:00:00',1034,21,'188,192,194,200,198'),(28,'2016-02-26 00:00:00',1035,21,'189,191,195,199,197'),(29,'2016-02-26 00:00:00',1039,21,'190,192,196,200,198'),(30,'2016-02-26 00:00:00',1041,21,'187,191,193,199,197'),(31,'2016-02-26 00:00:00',1001,21,'188,192,194,200,198'),(32,'2016-02-26 00:00:00',1006,21,'189,191,195,199,197'),(33,'2016-02-26 00:00:00',1044,21,'190,192,196,200,198'),(34,'2016-02-26 00:00:00',1009,21,'187,191,193,199,197'),(35,'2016-02-26 00:00:00',1011,21,'188,192,194,200,198'),(36,'2016-02-26 00:00:00',1013,21,'189,191,195,199,197'),(37,'2016-02-26 00:00:00',1014,21,'190,192,196,200,198'),(38,'2016-02-26 00:00:00',1016,21,'187,191,193,199,197'),(39,'2016-02-26 00:00:00',1017,21,'188,192,194,200,198'),(40,'2016-02-26 00:00:00',1020,21,'189,191,195,199,197'),(41,'2016-02-26 00:00:00',1021,21,'190,192,196,200,198'),(42,'2016-02-26 00:00:00',1022,21,'187,191,193,199,197'),(43,'2016-02-26 00:00:00',1024,21,'188,192,194,200,198'),(44,'2016-02-26 00:00:00',1025,21,'189,191,195,199,197'),(45,'2016-02-26 00:00:00',1027,21,'190,192,196,200,198'),(46,'2016-02-26 00:00:00',1038,21,'187,191,193,199,197'),(47,'2016-02-26 00:00:00',1043,21,'188,192,194,200,198'),(48,'2016-03-04 00:00:00',1047,22,'191,199,197,201,204'),(49,'2016-03-04 00:00:00',1004,22,'191,195,199,197,202'),(50,'2016-03-04 00:00:00',1007,22,'189,191,195,199,197'),(51,'2016-03-04 00:00:00',1008,22,'189,191,195,199,197'),(52,'2016-03-04 00:00:00',1045,22,'189,192,195,200,198'),(53,'2016-03-04 00:00:00',1019,22,'189,191,196,199,197'),(54,'2016-03-04 00:00:00',1023,22,'192,193,200,198,201'),(55,'2016-03-04 00:00:00',1026,22,'190,191,194,199,197'),(56,'2016-03-04 00:00:00',1031,22,'192,195,198,201,204'),(57,'2016-03-04 00:00:00',1032,22,'187,191,196,200,197'),(58,'2016-03-04 00:00:00',1046,22,'192,193,199,198,201'),(59,'2016-03-04 00:00:00',1036,22,'191,194,200,197,202'),(60,'2016-03-04 00:00:00',1037,22,'188,192,195,199,198'),(61,'2016-03-04 00:00:00',1040,22,'191,196,200,197,202'),(62,'2016-03-04 00:00:00',1042,22,'189,192,193,199,198'),(63,'2016-03-04 00:00:00',1002,22,'191,194,200,197,202'),(64,'2016-03-04 00:00:00',1003,22,'190,192,195,199,198'),(65,'2016-03-04 00:00:00',1005,22,'187,191,196,200,197'),(66,'2016-03-04 00:00:00',1012,22,'192,193,199,198,201'),(67,'2016-03-04 00:00:00',1015,22,'191,194,200,197,202'),(68,'2016-03-04 00:00:00',1018,22,'199,198,201,204'),(69,'2016-03-04 00:00:00',1028,22,'192,195,200,197,202'),(70,'2016-03-04 00:00:00',1029,22,'191,196,198,201,204'),(71,'2016-03-04 00:00:00',1030,22,'192,193,199,197,202'),(72,'2016-03-04 00:00:00',1033,22,'191,200,198,201,204'),(73,'2016-03-04 00:00:00',1034,22,'188,192,194,199,197'),(74,'2016-03-04 00:00:00',1035,22,'191,195,198,201,204'),(75,'2016-03-04 00:00:00',1039,22,'189,192,196,200,197'),(76,'2016-03-04 00:00:00',1041,22,'193,198,201,204'),(77,'2016-03-04 00:00:00',1001,22,'199,197,202,204'),(78,'2016-03-04 00:00:00',1006,22,'194,198,201,204'),(79,'2016-03-04 00:00:00',1044,22,'190,191,195,200,197'),(80,'2016-03-04 00:00:00',1009,22,'196,198,201,204'),(81,'2016-03-04 00:00:00',1011,22,'192,193,199,202,204'),(82,'2016-03-04 00:00:00',1013,22,'187,191,194,200,197'),(83,'2016-03-04 00:00:00',1014,22,'192,195,199,198,202'),(84,'2016-03-04 00:00:00',1016,22,'200,197,201,204'),(85,'2016-03-04 00:00:00',1017,22,'191,196,199,198,202'),(86,'2016-03-04 00:00:00',1020,22,'193,200,197,201,204'),(87,'2016-03-04 00:00:00',1021,22,'194,199,198,202,204'),(88,'2016-03-04 00:00:00',1022,22,'192,200,197,201,204'),(89,'2016-03-04 00:00:00',1024,22,'188,191,195,199,198'),(90,'2016-03-04 00:00:00',1025,22,'189,192,196,200,197'),(91,'2016-03-04 00:00:00',1027,22,'191,193,199,198,202'),(92,'2016-03-04 00:00:00',1038,22,'192,197,201,204'),(93,'2016-03-04 00:00:00',1043,22,'194,200,198,202,204');
/*!40000 ALTER TABLE `test_log` ENABLE KEYS */;
UNLOCK TABLES;

--
-- Table structure for table `topic`
--

DROP TABLE IF EXISTS `topic`;
/*!40101 SET @saved_cs_client     = @@character_set_client */;
/*!40101 SET character_set_client = utf8 */;
CREATE TABLE `topic` (
  `id` int(11) NOT NULL AUTO_INCREMENT,
  `topic` text,
  `parent` int(11) DEFAULT NULL,
  `connected_topics` text,
  `comment` text,
  PRIMARY KEY (`id`)
) ENGINE=InnoDB AUTO_INCREMENT=90 DEFAULT CHARSET=utf8;
/*!40101 SET character_set_client = @saved_cs_client */;

--
-- Dumping data for table `topic`
--

LOCK TABLES `topic` WRITE;
/*!40000 ALTER TABLE `topic` DISABLE KEYS */;
INSERT INTO `topic` VALUES (44,'CONVERSE',NULL,NULL,' '),(45,'GRAPHS_ISOMORPHIC',NULL,NULL,''),(46,'GRAPHS_GREEDY_ALGORITHM',NULL,NULL,'  '),(47,'PIGEONHOLE',NULL,NULL,' '),(48,'POTENTIALS',NULL,NULL,' '),(49,'GREEK',NULL,NULL,' '),(50,'INDUCTION',NULL,NULL,''),(51,'GRAPHS_MATCHINGS_ADVANCED',NULL,NULL,''),(52,'GRAPHS_PLANARITY',NULL,NULL,''),(53,'GRAPHS_COUNTING_ISOMORPHIC',NULL,NULL,''),(54,'NUMBER_THEORY_LINEAR_EQUATIONS_ADVANCED',NULL,NULL,' '),(55,'CRITERIA',NULL,NULL,''),(56,'GRAPHS_MATCHINGS',NULL,NULL,''),(57,'NUMBER_THEORY_LINEAR_EQUATIONS',NULL,NULL,' '),(58,'PARTITIONS_BASIC',NULL,NULL,'  '),(59,'PROPOSITIONS',NULL,NULL,' '),(60,'LINEAR_RECURRENT_RELATIONS',NULL,NULL,'  '),(61,'LINEAR_EQUATIONS_SOLUTION',NULL,NULL,' ....'),(62,'GRAPHS_COUNTING',NULL,NULL,'   '),(63,'NUMBER_THEORY_PRIMITIVE_ROOTS_ADVANCED',NULL,NULL,' '),(64,'NUMBER_THEORY_CHINESE_REMAINDER_THEOREM',NULL,NULL,'   '),(65,'NUMBER_THEORY_PRIMITIVE_ROOTS',NULL,NULL,' '),(66,'GRAPHS_COLORINGS_ADVANCED',NULL,NULL,' '),(67,'GENERATING_FUNCTIONS',NULL,NULL,' '),(68,'GRAPHS_METRICS',NULL,NULL,'  '),(69,'GRAPHS_TREES_AND_FORESTS',NULL,NULL,''),(70,'ASYMPTOTICS_SIMPLE',NULL,NULL,''),(71,'GRAPHS_PIGEONHOLE',NULL,NULL,'    '),(72,'GRAPHS_PRUFER',NULL,NULL,' '),(73,'NUMBER_THEORY_EULER_FERMAT_THEOREM',NULL,NULL,'   '),(74,'ASYMPTOTICS_ADVANCED',NULL,NULL,''),(75,'GRAPHS_HAMILTONIAN',NULL,NULL,''),(76,'ASYMPTOTICS',NULL,NULL,''),(77,'INCLEXCL',NULL,NULL,' -'),(78,'BASIC_NOTIONS',NULL,NULL,'  '),(79,'PARTITIONS_ADVANCED',NULL,NULL,'  '),(80,'GRAPHS_EULERIAN',NULL,NULL,''),(81,'SUMS_OF_BINOMIALS',NULL,NULL,'  '),(82,'GRAPHS_CLIQUES',NULL,NULL,'     '),(83,'GRAPHS_ADVANCED',NULL,NULL,'  '),(84,'NUMBER_THEORY_INDEXES',NULL,NULL,''),(85,'GRAPHS_DEBRUIJN',NULL,NULL,'  '),(86,'ENUMERATION',NULL,NULL,''),(87,'DELETED',NULL,NULL,NULL),(88,'RAMSEY_BASIC',NULL,NULL,NULL),(89,'RAMSEY_ADVANCED',NULL,NULL,NULL);
/*!40000 ALTER TABLE `topic` ENABLE KEYS */;
UNLOCK TABLES;

--
-- Table structure for table `user`
--

DROP TABLE IF EXISTS `user`;
/*!40101 SET @saved_cs_client     = @@character_set_client */;
/*!40101 SET character_set_client = utf8 */;
CREATE TABLE `user` (
  `id` int(11) NOT NULL AUTO_INCREMENT,
  `username` varchar(80) DEFAULT NULL,
  `pwdhash` varchar(32) DEFAULT NULL,
  `firstname` varchar(80) DEFAULT NULL,
  `middlename` varchar(80) DEFAULT NULL,
  `lastname` varchar(80) DEFAULT NULL,
  PRIMARY KEY (`id`),
  UNIQUE KEY `username` (`username`)
) ENGINE=InnoDB AUTO_INCREMENT=1051 DEFAULT CHARSET=utf8;
/*!40101 SET character_set_client = @saved_cs_client */;

--
-- Dumping data for table `user`
--

LOCK TABLES `user` WRITE;
/*!40000 ALTER TABLE `user` DISABLE KEYS */;
INSERT INTO `user` VALUES (1,'dainiak','abad5b5b02ddfc490427d258db09e7a4','Alex',NULL,'Dainiak'),(1001,' ',NULL,'','',''),(1002,' ',NULL,'','',''),(1003,' ',NULL,'','',''),(1004,' ',NULL,'','',''),(1005,' ',NULL,'','',''),(1006,' ',NULL,'','',''),(1007,' ',NULL,'','',''),(1008,' ',NULL,'','',''),(1009,' ',NULL,'','',''),(1010,' ',NULL,'','',''),(1011,' ',NULL,'','',''),(1012,' ',NULL,'','',''),(1013,' ',NULL,'','',''),(1014,' ',NULL,'','',''),(1015,' ',NULL,'','',''),(1016,' ',NULL,'','',''),(1017,' ',NULL,'','',''),(1018,' ',NULL,'','',''),(1019,' ',NULL,'','',''),(1020,' ',NULL,'','',''),(1021,' ',NULL,'','',''),(1022,' ',NULL,'','',''),(1023,' ',NULL,'','',''),(1024,' ',NULL,'','',''),(1025,' ',NULL,'','',''),(1026,' ',NULL,'','',''),(1027,' ',NULL,'','',''),(1028,' ',NULL,'','',''),(1029,' ',NULL,'','',''),(1030,' ',NULL,'','',''),(1031,' ',NULL,'','',''),(1032,' ',NULL,'','',''),(1033,' ',NULL,'','',''),(1034,' ',NULL,'','',''),(1035,' ',NULL,'','',''),(1036,' ',NULL,'','',''),(1037,' ',NULL,'','',''),(1038,' ',NULL,'','',''),(1039,' ',NULL,'','',''),(1040,' ',NULL,'','',''),(1041,' ',NULL,'','',''),(1042,' ',NULL,'','',''),(1043,' ',NULL,'','',''),(1044,' ',NULL,'','',''),(1045,' ',NULL,'','',''),(1046,' ',NULL,'','',''),(1047,' ',NULL,'','',''),(1049,'kazennova','b86a6f6a7f267c576c36c952de53507d','','',''),(1050,'glibichukaa','0c52db257b272ea87c44b221524d8563','','','');
/*!40000 ALTER TABLE `user` ENABLE KEYS */;
UNLOCK TABLES;
/*!40103 SET TIME_ZONE=@OLD_TIME_ZONE */;

/*!40101 SET SQL_MODE=@OLD_SQL_MODE */;
/*!40014 SET FOREIGN_KEY_CHECKS=@OLD_FOREIGN_KEY_CHECKS */;
/*!40014 SET UNIQUE_CHECKS=@OLD_UNIQUE_CHECKS */;
/*!40101 SET CHARACTER_SET_CLIENT=@OLD_CHARACTER_SET_CLIENT */;
/*!40101 SET CHARACTER_SET_RESULTS=@OLD_CHARACTER_SET_RESULTS */;
/*!40101 SET COLLATION_CONNECTION=@OLD_COLLATION_CONNECTION */;
/*!40111 SET SQL_NOTES=@OLD_SQL_NOTES */;

-- Dump completed on 2016-03-09 22:55:53
